ref,area_code,area_name,lpa,kind,status,app_type,date,decided,confidence,description,address,lon,lat,url
Thurrock/26/00436/FUL,E06000034,Thurrock,Thurrock,use_to,pending,Full,2026-09-01,,high,"Change of use from church (Class F1) to mosque (Class F1), including loft conversion, infill of mezzanine to create additional floor space, first-floor side extension, basement conversion for funeral services (Use Class E(c)(iii)), installation of 8 rooflights, rear external staircase, and associate",Stanford Le Hope Methodist Church Hall High Street Stanford Le Hope Essex SS17 0EY,0.42745,51.51518,https://www.planit.org.uk/planapplic/Thurrock/26/00436/FUL/
Brent/26/1591,E09000005,Brent,Brent,extension,pending,Full,2026-08-19,,high,Proposed installation of wheelchair lift with canopy to the side of the mosque.,"Central Mosque of Brent, Station Parade, London, NW2 4NU",-0.2223,51.5495,https://www.planit.org.uk/planapplic/Brent/26/1591/
Birmingham/2023/08668/PA,E08000025,Birmingham,Birmingham,new_build,withdrawn,Full,2026-08-15,,high,Demolition of existing building at 30 Second Avenue and erection of building to be used as existing community center and mosque. 470 Green Lane; internal usage of rooms changed to be dedicated for education centre and separate access for gym and fitness centre in basement,470 Green Lane Bordesley Green Birmingham B9 5QJ,-1.84759,52.47488,https://www.planit.org.uk/planapplic/Birmingham/2023/08668/PA/
Kirklees/2019/93872,E08000034,Kirklees,Kirklees,admin,refused,Amendment,2026-08-15,2020-05-12,high,Non material amendment to previous permission 2011/91298 for erection of extensions to existing mosque,"Madani Jamia Masjid Ghausia Mosque, 73, Victoria Road, Lockwood, Huddersfield, HD1 3RT",-1.79169,53.63724,https://www.planit.org.uk/planapplic/Kirklees/2019/93872/
Kirklees/2019/91274,E08000034,Kirklees,Kirklees,admin,approved,Conditions,2026-08-15,2020-02-13,high,"Discharge of conditions 3, 6, 7, 8, 11, 12, 13 and 14 on previous application 2015/92336 for erection of community centre and mosque","Madni Jamia Masjid, 12, Macham Street, Lockwood, Huddersfield, HD1 3QZ",-1.79224,53.63596,https://www.planit.org.uk/planapplic/Kirklees/2019/91274/
Kirklees/2026/91639,E08000034,Kirklees,Kirklees,admin,pending,Conditions,2026-08-14,,high,Discharge of condition 3 (vehicular parking/management) on previous permission 2025/91019 for change of use from village hall F2(b) to mosque F1(f),"Fartown Village Hall, Ball Royd Road, Fartown, Huddersfield, HD2 1AN",-1.77761,53.6638,https://www.planit.org.uk/planapplic/Kirklees/2026/91639/
WestLothian/0460/FUL/26,S12000040,West Lothian,West Lothian,use_away,pending,Full,2026-08-14,,high,Change of use of first floor from former mosque (class 10 non-residential institutions) to form 2 flats,Bathgate Mosque 5 Whitburn Road Bathgate West Lothian EH48 1HE,-3.64233,55.90074,https://www.planit.org.uk/planapplic/WestLothian/0460/FUL/26/
Peterborough/26/002355/FUL,E06000031,Peterborough,Peterborough,use_to,approved,Full,2026-08-14,2026-08-03,high,Change of use from dwelling (C3) to teaching classes (F1(a)) in relation to existing mosque,"106, Star Road, Peterborough",-0.22839,52.57517,https://www.planit.org.uk/planapplic/Peterborough/26/002355/FUL/
Dudley/P21/1467,E08000027,Dudley,Dudley,extension,approved,Trees,2026-08-14,2021-08-20,high,Crown lift 3 x Lime trees to 4m above ground level: Prune back branches of 3 x Cherry trees extending over Talbot Street by 2m: Crown lift 3 x Norway Maples to 4m measured from footpath and shorten branches overhanging mosque car park by 1.5 m.,"Razvia Mosque, ALBION STREET, Brierley Hill, DY5 3EE",-2.1233,52.4832,https://www.planit.org.uk/planapplic/Dudley/P21/1467/
MiltonKeynes/PLN/2026/1012,E06000042,Milton Keynes,Milton Keynes,use_away,pending,Full,2026-08-13,,high,"The erection of an outbuilding in the rear garden for use ancillary to the mosque as a mortuary. The demolition of the existing rear extensions and outbuilding. The erection of a single storey rear extension, a first-floor rear extension and a rear external staircase to provide access to the first f","46-52 Duncombe Street, Bletchley, Milton Keynes, MK2 2LY",-0.7344,51.99232,https://www.planit.org.uk/planapplic/MiltonKeynes/PLN/2026/1012/
Haringey/HGY/2026/2150,E09000014,Haringey,Haringey,new_build,pending,Full,2026-08-11,,high,"Part demolition of existing buildings and the erection of a replacement 3-storey building plus basement for use as an Islamic Centre (Use Class F1), together with associated works.","565A-567A High Road, Tottenham, London, N17 6SB",-0.0692,51.59544,https://www.planit.org.uk/planapplic/Haringey/HGY/2026/2150/
Newham/26/01091/FUL,E09000025,Newham,Newham,new_build,pending,Full,2026-08-10,,high,"Demolition of existing mosque and erection of a purpose-built mosque (Use Class F1) with associated community and educational facilities, comprising basement, ground and two upper floors, including cycle storage, refuse storage and associated works.",183 Green Street Forest Gate London E7 8LL,0.03294,51.54247,https://www.planit.org.uk/planapplic/Newham/26/01091/FUL/
Greenwich/24/2016/K,E09000030,Tower Hamlets,Greenwich,new_build,approved,Outline,2026-08-03,2024-10-01,high,"Full Planning Permission for : 1 Phased site-wide demolition of all existing buildings and structures, site preparation and enabling works (including excavation); and 2 Phased construction of buildings comprising residential units (Use Class C3); flexible commercial business and service floorspace (","Teviot Estate, London, E14 6QU",-0.01149,51.52023,https://www.planit.org.uk/planapplic/Greenwich/24/2016/K/
NorthHertfordshire/25/02092/FP,E07000099,North Hertfordshire,North Hertfordshire,demolition,pending,Full,2026-08-02,,high,"Change of use from Class E (g)(office and light industrial) to Class F.1(Mosque) including enlargement (Alterations to roof and the addition of domes) and alterations to the building form of both buildings (including external cladding) and fenestration. Provision of 9 parking spaces, cycle store and",45 Bury Mead Road Hitchin Hertfordshire SG5 1RX,-0.27374,51.96084,https://www.planit.org.uk/planapplic/NorthHertfordshire/25/02092/FP/
Birmingham/2024/06572/PA,E08000025,Birmingham,Birmingham,new_build,approved,Full,2026-08-01,2025-07-18,high,Demolition of existing single storey rear and side elevation and conservatory area and erection of single storey rear and side extensions and internal alterations to existing mosque,27 Putney Road Handsworth Birmingham B20 3PP,-1.90857,52.51035,https://www.planit.org.uk/planapplic/Birmingham/2024/06572/PA/
Kirklees/2019/94009,E08000034,Kirklees,Kirklees,admin,approved,Conditions,2026-08-01,2020-02-05,high,"Discharge of conditions 3, 4, 6, 9-13, 20 and 21 of previous permission 2017/92958 for alterations and extension to community and recreation centre and mosque with ancillary residential accommodation, car parking, landscaping and revised boundary treatment including demolition of existing out-buildi","Baitul Tauhid Mosque, Spaines Road, Fartown, Huddersfield, HD2 2QA",-1.78561,53.66193,https://www.planit.org.uk/planapplic/Kirklees/2019/94009/
Birmingham/2025/05523/PA,E08000025,Birmingham,Birmingham,new_build,withdrawn,Full,2026-07-30,2025-10-13,high,Demolition of existing single storey rear and side elevation and conservatory area and erection of single storey rear and side extensions and internal alterations to existing mosque.,"27 Putney Road, Birmingham B20 3PP",-1.90857,52.51035,https://www.planit.org.uk/planapplic/Birmingham/2025/05523/PA/
NorthLincs/PA/2014/0090,E06000013,North Lincolnshire,North Lincs,new_build,approved,Full,2026-07-30,2014-03-19,high,Planning permission to erect a single-storey flat-roofed extension to existing mosque and remove existing store,"130 Sheffield Street West, Scunthorpe, DN15 7LY",-0.65685,53.59499,https://www.planit.org.uk/planapplic/NorthLincs/PA/2014/0090/
Brent/22/3736,E09000005,Brent,Brent,admin,approved,Outline,2026-07-27,2022-12-19,medium,Certificate of lawfulness for the proposed Ghusl Ablution facilities within the existing Dar Al Islam Centre,"61 Anson Road, London, NW2 3UY",-0.21621,51.55376,https://www.planit.org.uk/planapplic/Brent/22/3736/
Harrow/PL/2676/25,E09000015,Harrow,Harrow,admin,pending,Conditions,2026-07-25,,medium,Variation of Condition 3 (operating hours) attached to planning permission PL/3985/21 dated 7.7.2022 for Change of use of ground floor from Retail (Class E) to Islamic Community Centre (Class F); Shop front; Single storey rear extension; External staircase at rear for access to upper flat and extern,"South Harrow Fruiterers, 396 Northolt Road, South Harrow, Harrow, HA2 8EX",-0.35877,51.56062,https://www.planit.org.uk/planapplic/Harrow/PL/2676/25/
Southwark/22/AP/3960,E09000028,Southwark,Southwark,new_build,pending,Conditions,2026-07-25,,medium,"Details of condition 10 (Materials) pursuant to planning permission 18/AP/1431 (Demolition of existing building and the erection of a 6 storey building (plus basement) containing an Islamic Cultural Centre for religious, educational, community and leisure use, including 1 service parking space and r",365 Old Kent Road London Southwark SE1 5JH,-0.07506,51.48772,https://www.planit.org.uk/planapplic/Southwark/22/AP/3960/
Harrow/P/2645/22,E09000015,Harrow,Harrow,use_away,approved,Outline,2026-07-25,2022-09-12,medium,Details pursuant to condition 7 (cycle storage) attached to planning permission P/3985/21 dated 07/07/2022 for Change of use of ground floor from Retail (Class E) to Islamic Community Centre (Class F); Shop front; Single storey rear extension; External staircase at rear for access to upper flat and ,"South Harrow Fruiterers, 396 Northolt Road, South Harrow, Harrow, HA2 8EX",-0.35877,51.56062,https://www.planit.org.uk/planapplic/Harrow/P/2645/22/
Harrow/P/3985/21,E09000015,Harrow,Harrow,use_away,approved,Full,2026-07-25,2022-07-07,medium,Change of use of ground floor from Retail (Class E) to Islamic Community Centre (Class F); Shop front; Single storey rear extension; External staircase at rear for access to upper flat and external alterations to first floor to create entrance door,"396a Northolt Road, South Harrow, Harrow, HA2 8EX",-0.35877,51.56062,https://www.planit.org.uk/planapplic/Harrow/P/3985/21/
Hounslow/P/2021/2151,E09000018,Hounslow,Hounslow,use_to,approved,Heritage,2026-07-20,2021-07-22,high,Change of use from public house to community centre and Masjid with prayer facilities.,"114 THE GEORGE INN TWICKENHAM ROAD, ISLEWORTH, TW7 7DJ",-0.32878,51.46887,https://www.planit.org.uk/planapplic/Hounslow/P/2021/2151/
Kirklees/2021/91762,E08000034,Kirklees,Kirklees,admin,approved,Conditions,2026-07-18,2021-06-16,high,"Discharge of conditions 5 and 6 of previous permission 2017/92958 for alteration and extension to community and recreation centre and mosque with ancillary residential accommodation, car parking, landscaping and revised boundary treatment including demolition of existing outbuilding.","Baitul Tauheed Mosque, Fartown Pavilion, Spaines Road, Fartown, Huddersfield, HD2 2QA",-1.78135,53.66231,https://www.planit.org.uk/planapplic/Kirklees/2021/91762/
Kirklees/2021/90883,E08000034,Kirklees,Kirklees,admin,approved,Conditions,2026-07-18,2021-04-27,high,"Discharge of conditions 3 (bat survey), 4 (gas monitoring), 9 (drainage), 10 (materials) and 11 (crime prevention) of previous permission 2017/92958 for alteration and extension to community and recreation centre and mosque with ancillary residential accommodation, car parking, landscaping and revis","Baitul Tauheed Mosque, Spaines Road, Fartown, Huddersfield, HD2 2QA",-1.78135,53.66231,https://www.planit.org.uk/planapplic/Kirklees/2021/90883/
Lewisham/DC/19/114581,E09000023,Lewisham,Lewisham,use_to,withdrawn,Full,2026-07-18,2020-01-20,medium,"Retrospective planning permission for the change of use of upper floors only at 199-201 Lewisham Way, SE4 from residential use (Use Class C3) to a place of worship and Islamic Cultural center/community centre.","199-201 LEWISHAM WAY, LONDON, SE4 1UY",-0.02896,51.47075,https://www.planit.org.uk/planapplic/Lewisham/DC/19/114581/
Croydon/22/04677/DISC,E09000008,Croydon,Croydon,admin,approved,Conditions,2026-07-15,2023-03-14,high,"Discharge of Condition 3 (Construction Logistics Plan) of planning permission 19/02109/FUL (Demolition of existing mosque and erection of mixed use mosque development comprising public worship spaces, function areas and one floor of residential use (3 x studio flats) with associated landscaping)",Development Site Former Site Of 63 Whytecliffe Road South Purley CR8 2AZ,-0.1133,51.33904,https://www.planit.org.uk/planapplic/Croydon/22/04677/DISC/
Walsall/22/0729,E08000030,Walsall,Walsall,use_to,approved,Amendment,2026-07-13,2023-03-14,high,Temporary change of use of residential (C3) property to place of worship (F1) Mosque.,"32, HART STREET, WALSALL, WS1 3PE.",-1.9827,52.57895,https://www.planit.org.uk/planapplic/Walsall/22/0729/
Wandsworth/2014/0961,E09000032,Wandsworth,Wandsworth,new_build,withdrawn,Full,2026-07-04,,high,"Details of materials, details of screening to the roof terrace and details of proposed boundary treatment pursuant to conditions 2, 3 and 5 of planning permission ref.2012/2491 dated 15th April 2013 for (Demolition of former mosque building to rear of 15 Laitwood Road, and construction of a part sin",15 Laitwood Road SW12,-0.14911,51.44523,https://www.planit.org.uk/planapplic/Wandsworth/2014/0961/
Bristol/26/11637/F,E06000023,"Bristol, City of",Bristol,new_build,approved,Full,2026-06-24,2026-07-01,high,"Proposed erection of a minaret, installation of a secondary architectural skin to the existing Khadiza Centre to unify the building with the approved mosque extension, and enclosure of the existing open ground floor area beneath the Khadiza Centre to provide office and kitchen facilities, together w",Shah Jalal Jame Mosque 468 - 470 Stapleton Road Eastville Bristol BS5 6PE,-2.56418,51.47066,https://www.planit.org.uk/planapplic/Bristol/26/11637/F/
Oldham/FUL/355769/26,E08000004,Oldham,Oldham,extension,pending,Full,2026-06-23,,high,Two-storey extension to the side of the existing mosque.,12 Copster Hill Road Oldham OL8 1QB,-2.11465,53.5316,https://www.planit.org.uk/planapplic/Oldham/FUL/355769/26/
Kirklees/2022/94108,E08000034,Kirklees,Kirklees,admin,approved,Conditions,2026-06-20,2023-04-26,high,"Discharge of condition 17 (Landscape and Ecological Design Strategy) on previous permission 2017/92958 for alteration and extension to community and recreation centre and mosque with ancillary residential accommodation, car parking, landscaping and revised boundary treatment including demolition of ","Baitul Tauhid Mosque, Spaines Road, Fartown, Huddersfield, HD2 2SD",-1.78552,53.66127,https://www.planit.org.uk/planapplic/Kirklees/2022/94108/
Kirklees/2022/92689,E08000034,Kirklees,Kirklees,admin,approved,Conditions,2026-06-20,2022-10-31,high,"Discharge of condition 12 (construction phase drainage) of previous permission 2017/92958 for alteration and extension to community and recreation centre and mosque with ancillary residential accommodation, car parking, landscaping and revised boundary treatment including demolition of existing outb","Baitul Tauheed Mosque, Fartown Pavilion, Spaines Road, Fartown, Huddersfield, HD2 2QA",-1.78135,53.66231,https://www.planit.org.uk/planapplic/Kirklees/2022/92689/
Bradford/26/00468/FUL,E08000032,Bradford,Bradford,use_to,pending,Full,2026-06-16,,high,Change of use from Community Centre (D2) to Place of Worship (Mosque) (F1) (retrospective),191 Pasture Lane Bradford West Yorkshire BD7 2SQ,-1.80366,53.78322,https://www.planit.org.uk/planapplic/Bradford/26/00468/FUL/
Sunderland/26/00390/FUL,E08000024,Sunderland,Sunderland,use_away,pending,Full,2026-06-16,,high,"Single storey extension to the western gable of the existing mosque, resulting in the infill of the rear yard at No.22 Western Hill and the partial infill of yards to the rear at No's 21 and 20 Western Hill. The proposed change of use of the ground floor of No.22 Western Hill from residential dwelli",Sunderland Mosque Mosque Of Sunderland 73 - 75 Chester Road Sunderland SR2 7PN,-1.39763,54.90253,https://www.planit.org.uk/planapplic/Sunderland/26/00390/FUL/
Salford/23/82170/ADV,E08000006,Salford,Salford,extension,approved,Advertising,2026-06-13,2024-02-16,high,Upgrade of existing signage with 3 x non-illuminated facia signs located at first floor level on the side elevation of the Eccles Mosque building,"5 Liverpool Road, Eccles, Salford, M30 0WB",-2.34744,53.48318,https://www.planit.org.uk/planapplic/Salford/23/82170/ADV/
Peterborough/14/00240/DISCHG,E06000031,Peterborough,Peterborough,admin,approved,Conditions,2026-06-13,2014-04-11,high,"Discharge of conditions C2 (materials), C3 (temporary facilities), C5 (parking/turning area) and C9 (Construction Management Plan) of planning permission 10/00907/FUL Construction of multi purpose hall, conference area(s), library, ICT rooms, store room, other associated facilities and additional ca",Burton Street Mosque Burton Street Eastgate Peterborough PE1 5HD,-0.22851,52.5753,https://www.planit.org.uk/planapplic/Peterborough/14/00240/DISCHG/
NorthLincs/PA/2015/1207,E06000013,North Lincolnshire,North Lincs,new_build,approved,Full,2026-06-09,2016-02-15,high,Planning permission to erect a purpose-built mosque to include sleeping quarters on upper floors for religious leader (including demolition of existing mosque),"53 Cliff Closes Road, Scunthorpe, DN15 7HT",-0.67373,53.5863,https://www.planit.org.uk/planapplic/NorthLincs/PA/2015/1207/
Birmingham/2024/03437/PA,E08000025,Birmingham,Birmingham,other,approved,Amendment,2026-06-08,2024-09-10,high,Application for a Lawful Development Certificate for an existing use as a mosque.,The Union Public House Berners Street Lozells Birmingham B19 2DR,-1.90578,52.5009,https://www.planit.org.uk/planapplic/Birmingham/2024/03437/PA/
Haringey/HGY/2022/4281,E09000014,Haringey,Haringey,new_build,withdrawn,Full,2026-06-08,2024-01-17,high,Erection of two storey detached dwelling at the rear of the mosque,"Rear of 277 St Anns Road, Tottenham, London, N15 5RG",-0.08396,51.58057,https://www.planit.org.uk/planapplic/Haringey/HGY/2022/4281/
Camden/2020/2634/P,E09000007,Camden,Camden,use_to,approved,Full,2026-06-04,2020-08-11,high,"Change of use of 154 Weedington Road (class A1) to facilitate expansion of mosque (class D1) and associated elevational alterations and refurbishment of 154,156 & 158 Weedington Road",154-158 Weedington Road London NW5 4NU,-0.15054,51.55006,https://www.planit.org.uk/planapplic/Camden/2020/2634/P/
Havering/P1829.22,E09000016,Havering,Havering,other,approved,Full,2026-06-03,2023-01-31,medium,Retention of lean-to structure to side of existing building for activities associated with the Havering Islamic Cultural Centre.,91 Waterloo Road Romford RM7 0AA,0.18009,51.57244,https://www.planit.org.uk/planapplic/Havering/P1829.22/
EastStaffordshire/P/2026/00446,E07000193,East Staffordshire,East Staffordshire,use_to,pending,Full,2026-05-31,,high,Change of Use former community Public House (Class E) to into a community centre and Mosque (Class F1).,HANBURY ARMS 7 SYDNEY STREET BURTON UPON TRENT DE14 2QX,-1.63221,52.81804,https://www.planit.org.uk/planapplic/EastStaffordshire/P/2026/00446/
Westminster/26/01436/LBC,E09000033,Westminster,Westminster,new_build,pending,Heritage,2026-05-30,,high,Replacement of hard landscaping surface to central courtyard of London Central Mosque.,Islamic Cultural Centre And London Central Mosque 146 Park Road London NW8 7RG,-0.16508,51.52882,https://www.planit.org.uk/planapplic/Westminster/26/01436/LBC/
Westminster/26/01435/FULL,E09000033,Westminster,Westminster,new_build,pending,Full,2026-05-30,,high,Replacement of hard landscaping surface to central courtyard of London Central Mosque.,Islamic Cultural Centre And London Central Mosque 146 Park Road London NW8 7RG,-0.16508,51.52882,https://www.planit.org.uk/planapplic/Westminster/26/01435/FULL/
Birmingham/2025/04061/PA,E08000025,Birmingham,Birmingham,new_build,approved,Full,2026-05-30,2025-11-20,high,"Erection of single storey rear extension to create storage space , erection of rear dormer window and associated internal alterations, alterations to front elevation and other works to existing mosque and religious teaching centre (retrospective application)",311-313 Witton Road Aston Birmingham B6 6NS,-1.88734,52.51103,https://www.planit.org.uk/planapplic/Birmingham/2025/04061/PA/
Hastings/HS/FA/26/00140,E07000062,Hastings,Hastings,extension,pending,Full,2026-05-29,,high,Proposed single storey rear extension to the mosque buildings with outdoor roof terrace and landscaping.,"Hastings Mosque, Mercatoria, St Leonards-on-sea, TN38 0EB",0.55707,50.85207,https://www.planit.org.uk/planapplic/Hastings/HS/FA/26/00140/
Hackney/2025/1566,E09000019,Islington,Hackney,new_build,approved,,2026-05-29,,high,Notification from LB Haringey of application HGY/2025/1735 for Alterations to front elevation including removal of existing front windows and doors and installation of 3 x new entrance doors to provide separate access to ground floor mosque and upper floor residential uses; removal and replacement o,"152A Tottenham Road, Hackney, London, N1 4DY",-0.08213,51.54582,https://www.planit.org.uk/planapplic/Hackney/2025/1566/
Birmingham/2025/03926/PA,E08000025,Birmingham,Birmingham,new_build,pending,Full,2026-05-25,,high,Demolition of existing Mosque (Use Class F1) and erection of a new two and three storey Mosque and youth centre (Use Class F1) with parking and associated works,713 Yardley Wood Road Billesley Birmingham B13 0PT,-1.87228,52.42579,https://www.planit.org.uk/planapplic/Birmingham/2025/03926/PA/
Bradford/26/00916/MAF,E08000032,Bradford,Bradford,new_build,pending,Full,2026-05-23,,high,"Construction of new community and faith hub including mosque prayer hall, community cafe and multi-purpose space, sports and recreational hall and supporting facilities with associated external works",249 Kensington Street Bradford West Yorkshire BD8 9LN,-1.78726,53.80325,https://www.planit.org.uk/planapplic/Bradford/26/00916/MAF/
Hastings/HS/PA/21/01041,E07000062,Hastings,Hastings,extension,approved,Outline,2026-05-23,2022-10-14,high,Installation of 40 solar photovoltaic panels on the south side of the roof at Hastings Mosque,"Hastings Mosque, Mercatoria, St Leonards-on-sea, TN38 0EB",0.55707,50.85207,https://www.planit.org.uk/planapplic/Hastings/HS/PA/21/01041/
Wandsworth/2024/3299,E09000032,Wandsworth,Wandsworth,other,withdrawn,Trees,2026-05-20,,high,Melrose Road boundary. 3 Trees to left of mosque opposite flats - T20 Ash and T21 Lime - Cut back from flats by approximately 3 metres. T22 Conifer - Reduce height by approximately 3 metres and remove dead wood.,The London Mosque 16 Gressenhall Road SW18 5QL,-0.20739,51.45115,https://www.planit.org.uk/planapplic/Wandsworth/2024/3299/
Camden/2021/1773/P,E09000007,Camden,Camden,new_build,approved,Full,2026-05-18,2022-11-23,medium,Erection of a mansard roof extension (resulting in creation of additional storey) for extension to a community based space for the Islamic Cultural & Education Centre,68 Churchway London NW1 1LT,-0.13066,51.52965,https://www.planit.org.uk/planapplic/Camden/2021/1773/P/
Peterborough/15/00975/NONMAT,E06000031,Peterborough,Peterborough,admin,approved,Amendment,2026-05-16,2015-07-20,high,"Non material amendment to planning permission 10/00907/FUL - Construction of multi purpose hall, conference area(s), library, ICT rooms, store room, other associated facilities and additional car parking spaces to be used in association with the existing mosque",Burton Street Mosque Burton Street Eastgate Peterborough PE1 5HD,-0.22851,52.5753,https://www.planit.org.uk/planapplic/Peterborough/15/00975/NONMAT/
Southwark/21/AP/0814,E09000028,Southwark,Southwark,new_build,approved,Conditions,2026-05-11,2021-12-02,medium,"Details of Condition 4 (Construction Logistics Plan), as required by planning permission 18/AP/1431 (Demolition of existing building and the erection of a 6 storey building (plus basement) containing an Islamic Cultural Centre for religious, educational, community and leisure use, including 1 servic",Muslim Association Of Nigeria 365 Old Kent Road London Southwark SE1 5JH,-0.07508,51.4877,https://www.planit.org.uk/planapplic/Southwark/21/AP/0814/
Renfrewshire/26/0125/PP,S12000038,Renfrewshire,Renfrewshire,extension,approved,Full,2026-05-08,2026-05-19,high,"Proposed 3no. heat pumps to flat roof of proposed Mosque, with a steel cage around it for security",Masonic Lodge Broadloan Renfrew PA4 0SB,-4.39595,55.87059,https://www.planit.org.uk/planapplic/Renfrewshire/26/0125/PP/
Barking/21/01047/FULL,E09000026,Redbridge,Barking and Dagenham,use_to,refused,Full,2026-05-02,2021-07-13,high,Change of use for First Floor Storage to use as a Place of Worship - Mosque.,"691 Green Lane, Dagenham, Barking And Dagenham,",0.12306,51.56234,https://www.planit.org.uk/planapplic/Barking/21/01047/FULL/
Lewisham/DC/21/123138,E09000023,Lewisham,Lewisham,admin,refused,Outline,2026-05-02,2021-10-14,medium,"Certificate Of Lawful Development (Proposed) in respect of the retrospective change of use of upper floors only at 199-201 Lewisham Way, SE4 from residential use (Use Class C3) to a place of worship and Islamic Cultural centre/community centre (Use Class F1)","199-201 LEWISHAM WAY, LONDON, SE4 1UY",-0.02896,51.47075,https://www.planit.org.uk/planapplic/Lewisham/DC/21/123138/
Barking/21/00484/VAR,E09000002,Barking and Dagenham,Barking and Dagenham,admin,approved,Conditions,2026-05-01,2021-04-12,high,Application for variation of condition 1 of 18/00701/FUL t o additionally allow use of the mosque between the hours of 7.00am and 12:30am from 11 April to 13 May 2021 for the month of Ramadan and conduct late prayers.,"Masjid E Umar Essex Islamic Academy, 343 Ripple Road, Barking, Barking And Dagenham, IG11 7RJ",0.09246,51.53566,https://www.planit.org.uk/planapplic/Barking/21/00484/VAR/
Preston/06/2025/0816,E07000123,Preston,Preston,use_away,approved,Heritage,2026-04-23,2025-10-29,high,"Listed Building Consent for works associated with part change of use of mosque to 2 bed residential apartment, including installation of replacement window (part retrospective)","City Mosque Preston, North Road, Preston, PR1 1YQ",-2.69878,53.76372,https://www.planit.org.uk/planapplic/Preston/06/2025/0816/
Preston/06/2025/0819,E07000123,Preston,Preston,use_away,approved,Full,2026-04-23,2025-10-29,high,"Change of use of part of mosque to 2 bedroom residential apartment, with associated works and installation of replacement window (part retrospective)","City Mosque Preston, North Road, Preston, PR1 1YQ",-2.69878,53.76372,https://www.planit.org.uk/planapplic/Preston/06/2025/0819/
Preston/06/2025/0768,E07000123,Preston,Preston,use_to,approved,Full,2026-04-23,2025-12-02,high,Change of use from furniture retail warehouse (Class E) to mosque and community centre (Class F1) (Retrospective),"4a Crook Street, Preston, PR1 5LS",-2.68645,53.76302,https://www.planit.org.uk/planapplic/Preston/06/2025/0768/
Preston/06/2023/1343,E07000123,Preston,Preston,admin,approved,Conditions,2026-04-23,2025-07-15,high,"Variation of condition no.4 (to allow the use of equipment to externally amplify the Adhan/Call to Prayer to mark the Eid al-Fitr and Eid al-Adha festivals) of planning permission 06/2015/0847, which sought the variation of condition no.2 (approved plans) and no.3 (use of building) of planning permi","49, Watling Street Road, Preston, PR2 8EA",-2.70374,53.77788,https://www.planit.org.uk/planapplic/Preston/06/2023/1343/
Harrow/P/2997/18/5759,E09000015,Harrow,Harrow,demolition,approved,,2026-04-18,2021-02-01,high,Conversion of former mosque to six self-contained flats (4 no. Units for affordable housing 1 unit for the imam and 1 unit for the caretaker of the mosque); single and two storey rear extension; side and rear dormers insertion of rooflights in front and both side roofslopes; external alterations; am,"36 Station Road, Harrow, HA1 2SQ",-0.33204,51.58814,https://www.planit.org.uk/planapplic/Harrow/P/2997/18/5759/
Harrow/P/2997/18,E09000015,Harrow,Harrow,use_away,approved,Full,2026-04-18,2019-10-09,high,Conversion of former mosque to six self-contained flats (4 no. Units for affordable housing 1 unit for the imam and 1 unit for the caretaker of the mosque); single and two storey rear extension; side and rear dormers insertion of rooflights in front and b,"36 Station Road, Harrow, HA1 2SQ",-0.33204,51.58814,https://www.planit.org.uk/planapplic/Harrow/P/2997/18/
Harrow/P/5509/17,E09000015,Harrow,Harrow,other,withdrawn,Amendment,2026-04-18,,high,"INVALID - The cafe unit consist of 864 square foot is part of Harrow Central Mosque a 64,000 square foot building. We just wish to subdivide the cafe unit into 4 - 6 units and let out on licence. At this stage we are seeking approval in principle for this amendment.","Harrow Central Mosque, 34 Station Road, Harrow, HA1 2SQ",-0.33204,51.58814,https://www.planit.org.uk/planapplic/Harrow/P/5509/17/
Reading/171880,E06000038,Reading,Reading,other,approved,Conditions,2026-04-18,2018-03-23,high,Use of existing building as a mosque (D1) in breach of condition 1 of application reference 05/00420/FUL,2a Stanley Street Reading RG1 7NY,-0.98486,51.45734,https://www.planit.org.uk/planapplic/Reading/171880/
Reading/PL/17/1880,E06000038,Reading,Reading,other,approved,Amendment,2026-04-18,2018-03-23,high,Use of existing building as a mosque (D1) in breach of condition 1 of application reference 05/00420/FUL,2a Stanley Street Reading RG1 7NY,-0.98486,51.45734,https://www.planit.org.uk/planapplic/Reading/PL/17/1880/
Preston/06/2015/0847,E07000123,Preston,Preston,admin,approved,Conditions,2026-04-18,2017-12-20,high,Variation of conditions 2 and 3 of 06/2012/0036 for mosque to vary the approved plans to replace teaching rooms with first and second floor overflow prayer halls and to further restrict the use of the premises to a mosque only and not a madrassa.,"49 Watling Street Road, Fulwood, Preston, Lancashire, PR2 8EA",-2.70374,53.77788,https://www.planit.org.uk/planapplic/Preston/06/2015/0847/
Preston/06/2015/0845,E07000123,Preston,Preston,new_build,approved,Full,2026-04-18,2015-12-17,high,"Construction of 7 no.car parking spaces to rear for use by adjacent mosque, improvements to existing access and replacement of frontage wall (partly retrospective)","47 Watling Street Road, Fulwood, Preston, Lancashire, PR2 8EA",-2.70374,53.77788,https://www.planit.org.uk/planapplic/Preston/06/2015/0845/
Preston/06/2021/1225,E07000123,Preston,Preston,use_to,approved,Full,2026-04-14,2021-10-21,high,"Reconfiguration of the internal layout. Proposed works include an ablution space, toilets, kitchen and clearer, defined entrances to the masjid. Reconfiguration of staircases. Hip to gable roof conversion, rear dormer and single storey rear extension.","Mosque, 95-101 Fishwick Parade, Preston, PR1 4XR",-2.67694,53.76227,https://www.planit.org.uk/planapplic/Preston/06/2021/1225/
Glasgow/26/00423/FUL,S12000049,Glasgow City,Glasgow,extension,pending,Full,2026-04-10,,high,"Use of office premises as mosque with faith and cultural community centre (Class 10), frontage alterations to form exit doors, reconfiguration of car park and additional car parking.",539 Mosspark Boulevard Glasgow G52 1HU,-4.33078,55.84421,https://www.planit.org.uk/planapplic/Glasgow/26/00423/FUL/
Walsall/22/1257,E08000030,Walsall,Walsall,extension,refused,Full,2026-04-06,2022-12-02,high,PROPOSED EXTENSION OF MOSQUE AND NEW CAR PARK,"MASJID-E-UMAR, Bills Street, DARLASTON, WEDNESBURY, Walsall, WS10 8BB",-2.02679,52.57034,https://www.planit.org.uk/planapplic/Walsall/22/1257/
Reading/201232,E06000038,Reading,Reading,admin,approved,Conditions,2026-04-04,2021-02-18,high,"Replacement of existing rear single storey extension with a two storeyextension, and introduction of two dormer windows within the main rearroof slope, and associated internal works, to allow for community usesancillary to the ongoing use of the building (comprising Nos. 29 & 31)as a Mosque with anc",29 Cumberland Road Reading RG1 3LB,-0.94927,51.45387,https://www.planit.org.uk/planapplic/Reading/201232/
Reading/PL/20/1232,E06000038,Reading,Reading,admin,approved,Conditions,2026-04-04,2021-02-18,high,"Replacement of existing rear single storey extension with a two storeyextension, and introduction of two dormer windows within the main rearroof slope, and associated internal works, to allow for community usesancillary to the ongoing use of the building (comprising Nos. 29 & 31)as a Mosque with anc",29 Cumberland Road Reading RG1 3LB,-0.94927,51.45387,https://www.planit.org.uk/planapplic/Reading/PL/20/1232/
Reading/PL/17/0365,E06000038,Reading,Reading,new_build,approved,Full,2026-04-04,2017-06-28,high,"Replacement of existing rear single storey extension with a two storeyextension, and introduction of two dormer windows within the main rearroof slope, and associated internal works, to allow for community usesancillary to the ongoing use of the building (comprising Nos. 29 & 31)as a Mosque with anc",29 Cumberland Road Reading RG1 3LB,-0.94927,51.45387,https://www.planit.org.uk/planapplic/Reading/PL/17/0365/
Reading/170365,E06000038,Reading,Reading,new_build,approved,Amendment,2026-04-04,2017-06-28,high,"Replacement of existing rear single storey extension with a two storeyextension, and introduction of two dormer windows within the main rearroof slope, and associated internal works, to allow for community usesancillary to the ongoing use of the building (comprising Nos. 29 & 31)as a Mosque with anc",29 Cumberland Road Reading RG1 3LB,-0.94927,51.45387,https://www.planit.org.uk/planapplic/Reading/170365/
Reading/PL/17/0154,E06000038,Reading,Reading,extension,refused,Amendment,2026-04-04,2017-04-13,high,1st Floor rear extension and internal alterations to existing Mosque.,18A Waylen Street Reading Berkshire RG1 7UR,-0.98145,51.45374,https://www.planit.org.uk/planapplic/Reading/PL/17/0154/
Reading/170154,E06000038,Reading,Reading,extension,refused,,2026-04-04,2017-04-13,high,1st Floor rear extension and internal alterations to existing Mosque.,18A Waylen Street Reading Berkshire RG1 7UR,-0.98145,51.45374,https://www.planit.org.uk/planapplic/Reading/170154/
Newham/18/00504/FUL,E09000025,Newham,Newham,other,approved,Full,2026-03-28,2018-04-17,high,Addition of Minaret to the Mosque,Jamiah Masjid 266-270 High Street North Manor Park London E12 6SB,0.05094,51.54097,https://www.planit.org.uk/planapplic/Newham/18/00504/FUL/
Newham/25/00774/VAR,E09000025,Newham,Newham,extension,refused,Conditions,2026-03-28,2025-06-06,high,"Section 73 application to vary Condition 2 (Development in accordance with Approved Plans) - Remove existing render finish to front elevations and replace with brick slips to match the original London stock brick; Add 2 minarets, one to the original chimney location on the party wall between 72-74, ",70 - 74 Selwyn Road Plaistow London E13 0PY,0.02486,51.53458,https://www.planit.org.uk/planapplic/Newham/25/00774/VAR/
Kirklees/2026/90472,E08000034,Kirklees,Kirklees,use_away,approved,Full,2026-03-26,2026-05-29,high,Change of use from private members club (sui generis) to mosque with school (Class F1) (within a Conservation Area),"The Royal Air Forces Association, Broughton House, Cambridge Street, Batley, WF17 5JH",-1.6347,53.71273,https://www.planit.org.uk/planapplic/Kirklees/2026/90472/
Haringey/HGY/2025/1735,E09000012,Hackney,Haringey,new_build,approved,Full,2026-03-21,2026-03-06,high,Alterations to front elevation including removal of existing front windows and doors and installation of 3 x new entrance doors to provide separate access to ground floor mosque and upper floor residential uses; removal and replacement of existing front boundary walls; and enlargement of existing si,"152 Olinda Road, Tottenham, London, N16 6TP",-0.06785,51.57584,https://www.planit.org.uk/planapplic/Haringey/HGY/2025/1735/
Woking/COND/2025/0162,E07000217,Woking,Woking,admin,approved,Conditions,2026-03-21,2026-03-02,medium,"Approval of details pursuant to conditions 8, 9, 10, 11, 12, 13 and 14 of planning permission PLAN/2025/0353 for Single storey front extension and change of use from car showroom and vehicle service and MOT garage (Class B2/Sui Generis use) to an Islamic Community Centre and place of worship (Class ",Albert House Albert Drive Sheerwater Woking Surrey GU21 5JZ,-0.53595,51.32748,https://www.planit.org.uk/planapplic/Woking/COND/2025/0162/
Glasgow/25/02256/FUL,S12000049,Glasgow City,Glasgow,new_build,withdrawn,Full,2026-02-23,2026-02-04,high,Erection of single storey extension at first floor level and associated works to rear of mosque.,Mosque 425 Paisley Road West Glasgow G51 1PZ,-4.29982,55.85095,https://www.planit.org.uk/planapplic/Glasgow/25/02256/FUL/
Havering/P1614.25,E09000016,Havering,Havering,new_build,pending,Full,2026-02-20,,high,"Part demolition of existing building and extension to create replacement mosque and cultural centre, together with associated on-site car parking and landscaping and off-site pedestrian infrastructure works within the public highway.",222 - 226 South Street Romford RM1 2AD,0.18483,51.57104,https://www.planit.org.uk/planapplic/Havering/P1614.25/
MidKent/19/503337/FULL,E07000110,Maidstone,Mid Kent,admin,pending,Full,2026-02-14,2020-05-07,high,"Minor Material Amendment to application 18/504734/FULL for redevelopment of Maidstone Mosque with associated facilities including a residential flat, two retail units and ancillary accommodation - with amendment to proposed alterations to ground floor plan and front elevation.",20-28 Mote Road Maidstone Kent ME15 6ES,0.5271,51.27044,https://www.planit.org.uk/planapplic/MidKent/19/503337/FULL/
Peterborough/22/01168/REM,E06000031,Peterborough,Peterborough,admin,refused,Outline,2026-02-11,2022-10-13,high,"Reserved matters approval relating to layout, appearance and landscaping for proposed detached single storey building for use associated with the mosque pursuant to outline planning permission 21/00118/OUT",Masjid Ghousia 406 Gladstone Street Millfield Peterborough PE1 2BY,-0.25181,52.58559,https://www.planit.org.uk/planapplic/Peterborough/22/01168/REM/
NewcastleUponTyne/2020/0714/01/DET,E08000021,Newcastle upon Tyne,Newcastle upon Tyne,new_build,approved,Full,2026-02-09,2021-02-15,high,"Erection of two storey Mosque, including stopping up of footpath and erection of detached refuse store within existing mosque car park with hard landscaping following demolition of existing Mosque.","Shahjalal Mosque, 26 - 34 Sceptre Street, Newcastle Upon Tyne, NE4 6PQ",-1.63834,54.97125,https://www.planit.org.uk/planapplic/NewcastleUponTyne/2020/0714/01/DET/
Swansea/2025/2444/FUL,W06000011,Swansea,Swansea,extension,approved,Full,2026-02-02,2026-03-10,high,"Installation of flat roof-mounted solar photovoltaic panels and air source heat pump units at Sketty Mosque, including all associated fixings and services, to provide on-site renewable energy and low-carbon heating.",Bethel United Reform Church Sketty Park Road Sketty Swansea SA2 9AS,-3.99034,51.61428,https://www.planit.org.uk/planapplic/Swansea/2025/2444/FUL/
Southwark/25/AP/1054,E09000028,Southwark,Southwark,use_to,pending,Full,2026-01-24,,high,Construction of a side extension and change of use to enable flexible use between Use Classes F1 and F2 to provide a community-centre and Mosque.,"Astley Estate Rowcross Street London, Southwark SE1 5HT",-0.07326,51.48836,https://www.planit.org.uk/planapplic/Southwark/25/AP/1054/
Hackney/2024/2122,E09000012,Hackney,Hackney,extension,approved,Full,2026-01-16,,high,"Application for the installation of photovoltaic (PV) panels on the roof of the North London Mosque Trust (Masjid-e-Quba) at 70-72 Cazenove Road, London, N16 6AA.","70 - 72 Cazenove Road, Hackney, London, N16 6AA",-0.06843,51.56508,https://www.planit.org.uk/planapplic/Hackney/2024/2122/
Birmingham/2022/04560/PA,E08000025,Birmingham,Birmingham,new_build,refused,Full,2026-01-09,2023-06-29,high,"Demolition of existing building at 30 Second Avenue and erection of three-storey building to be used as part of existing community centre and mosque at 470 Green Lane; internal and external reconfigurations, minor demolitions and extensions to rear including associated access, parking and works",470 Green Lane and 30 Second Avenue Bordesley Green Birmingham B9 5QJ,-1.84759,52.47488,https://www.planit.org.uk/planapplic/Birmingham/2022/04560/PA/
Birmingham/2023/07742/PA,E08000025,Birmingham,Birmingham,extension,approved,Conditions,2026-01-08,2023-12-21,high,"Application to determine the details for conditions 2 (contamination remediation scheme), 3 (contaminated land verification report), 4 (level details), 5 (drainage for the disposal of foul and surface water flows), 6 (sustainable drainage scheme), 8 (CCTV scheme), 9 (parking and manoeuvring areas), ",Muhul Islam Saddigue Mosque 12 Victoria Road Aston Birmingham B6 5HA,-1.89664,52.50266,https://www.planit.org.uk/planapplic/Birmingham/2023/07742/PA/
Peterborough/22/00445/REM,E06000031,Peterborough,Peterborough,admin,approved,Outline,2026-01-03,2022-06-15,high,"Reserved matters approval relating to layout, appearance and landscaping for proposed detached single storey building for use associated with the mosque pursuant to outline planning permission 21/00118/OUT",406 Gladstone Street Millfield Peterborough PE1 2BY,-0.25182,52.58559,https://www.planit.org.uk/planapplic/Peterborough/22/00445/REM/
Birmingham/2023/06462/PA,E08000025,Birmingham,Birmingham,admin,approved,Amendment,2026-01-02,2023-10-17,high,"Application for non-material amendment to planning approval 2018/08593/PA to amend wordings of conditions 2 (architectural details - mosque), 3 (architectural details - school, community, commercial and residential), 4 (mechanical and electrical systems and water utilities strategy), 5 (sample mater",Land at junction of Highgate Road and Stratford Road and land at Stoney Lane Sparkbrook Birmingham B12 8DN,-1.8744,52.45942,https://www.planit.org.uk/planapplic/Birmingham/2023/06462/PA/
Lambeth/19/02426/TCA,E09000022,Lambeth,Lambeth,other,approved,Trees,2025-12-20,2019-08-23,high,To remove 1 x Sycamore tree (T1) to rear of mosque on rear boundary. Reason: structural damage to listed wall.,35 Stockwell Green London SW9 9HZ,-0.119,51.46766,https://www.planit.org.uk/planapplic/Lambeth/19/02426/TCA/
Lambeth/24/03980/VOC,E09000022,Lambeth,Lambeth,admin,approved,Conditions,2025-12-17,2025-12-17,medium,"Variation of condition 2 (Approved Plans) of planning permission 18/01093/FUL (Redevelopment of site involving the demolition of existing buildings with part retention of annexe and the erection of a 4 storey building (plus basement) containing an Islamic Cultural Centre for religious, educational, ",8 Mitcham Lane London Lambeth SW16 6NN,-0.13223,51.42865,https://www.planit.org.uk/planapplic/Lambeth/24/03980/VOC/
Bristol/24/01269/F,E06000023,"Bristol, City of",Bristol,other,pending,Full,2025-12-10,,high,"Replace existing facility at Shahporan Islamic Centre with new, community hub for Muslims of north Bristol.",Bristol Dean Centre 3 Doncaster Lane Bristol BS10 5QD,-2.59878,51.49745,https://www.planit.org.uk/planapplic/Bristol/24/01269/F/
Oadby/25/00279/FUL,E07000135,Oadby and Wigston,Oadby and Wigston,new_build,pending,Full,2025-12-08,,high,Demolition of existing single storey Mosque building and construction of a new purpose built Mosque,Oadby And Wigston Muslim Association Sandhurst Street Oadby Leicestershire LE2 5AR,-1.08452,52.59962,https://www.planit.org.uk/planapplic/Oadby/25/00279/FUL/
Walsall/25/1025,E08000030,Walsall,Walsall,new_build,approved,Full,2025-12-06,2025-11-20,high,Full planning application for the demolition of existing building and the construction of a new community centre with temporary prayer room in connection with the adjacent Masjid Al Madina.,"EVEREST WORKS, MOUNT STREET, WALSALL, WS1 3PF",-1.9822,52.57814,https://www.planit.org.uk/planapplic/Walsall/25/1025/
Swansea/2025/0680/LBC,W06000011,Swansea,Swansea,extension,approved,Heritage,2025-12-03,2026-02-25,medium,"Internal alterations and adaptations to form a Youth Activity Centre, part time Education Centre and a Place of Worship for the teaching of the Islamic Faith (application for Listed Building Consent)",New Bethel Church Carnglas Road Sketty Swansea SA2 9BJ,-3.99013,51.62047,https://www.planit.org.uk/planapplic/Swansea/2025/0680/LBC/
Telford/TA/2022/0451,E06000020,Telford and Wrekin,Telford,admin,pending,,2025-11-29,,high,Application under section 192 for a certificate of lawfulness for proposed change of use from methodist church to a mosque,"Fletcher Methodist Church, Court Street, Madeley, Telford, TF7 5EB",-2.44975,52.63725,https://www.planit.org.uk/planapplic/Telford/TA/2022/0451/
Bradford/25/03945/FUL,E08000032,Bradford,Bradford,other,approved,Full,2025-11-27,2025-12-11,high,Installation of two decorative minarets to existing mosque,80 Beamsley Road Shipley West Yorkshire BD18 2DR,-1.7741,53.82187,https://www.planit.org.uk/planapplic/Bradford/25/03945/FUL/
Telford/TWC/2014/1062,E06000020,Telford and Wrekin,Telford,admin,pending,Amendment,2025-11-22,,high,Application under Section 191 for a Certificate of Lawfulness for an existing use for use as a mosque,"18 Mafeking Road, Hadley, Telford, Shropshire, TF1 5LB",-2.48855,52.70307,https://www.planit.org.uk/planapplic/Telford/TWC/2014/1062/
Lambeth/25/02823/NMC,E09000022,Lambeth,Lambeth,admin,approved,Amendment,2025-11-20,2025-10-30,medium,Application for a Non-Material Amendment Following a Grant of Planning Permission ref: 18/01093/FUL (Redevelopment of site involving the demolition of existing buildings with part retention of annexe and the erection of a 4 storey building (plus basement) containing an Islamic Cultural Centre for re,8 Mitcham Lane London Lambeth SW16 6NN,-0.13223,51.42865,https://www.planit.org.uk/planapplic/Lambeth/25/02823/NMC/
NorthLincs/PA/2025/1302,E06000013,North Lincolnshire,North Lincs,extension,approved,Full,2025-11-18,2025-11-26,high,"Planning permission for a first-floor extension to the Pakistan Social, Cultural and Islamic Centre","4 Parkinson Avenue, Scunthorpe, DN15 7JX",-0.6551,53.59204,https://www.planit.org.uk/planapplic/NorthLincs/PA/2025/1302/
Manchester/144032/FO/2025,E08000003,Manchester,Manchester,new_build,approved,Full,2025-11-17,2026-01-14,high,"Erection of single storey side, single storey front extension and elevations changes to existing Mosque (Class F1)",Wythenshawe Masjid 7 Moor End Manchester M22 4JQ,-2.26146,53.40604,https://www.planit.org.uk/planapplic/Manchester/144032/FO/2025/
Luton/20/00258/DOC,E06000032,Luton,Luton,admin,approved,Conditions,2025-11-15,2020-04-27,high,Proposed rear ground floor extension and porch enlargement of Mosque - Discharge of Condition 03 (External Materials) of Planning Permission No. 18/00112/FUL dated 26th April 2018.,314 Biscot Road Luton LU3 1AZ,-0.43193,51.89522,https://www.planit.org.uk/planapplic/Luton/20/00258/DOC/
Tameside/25/00299/FUL,E08000008,Tameside,Tameside,extension,approved,Full,2025-11-06,2025-11-25,high,Extensions to existing Mosque building. The proposals are to achieve an increase to the internal usable floor area to provide additional prayer space and class rooms.,Masjid Ar-Raheem Mosque 14 Stanhope Street Ashton-under-lyne Tameside OL6 9QZ,-2.07986,53.49352,https://www.planit.org.uk/planapplic/Tameside/25/00299/FUL/
Croydon/25/02176/DISC,E09000008,Croydon,Croydon,admin,refused,Conditions,2025-10-31,2025-10-14,high,"Details pursuant to the discharge of condition 4 (surface water drainage scheme) attached to permission ref. 19/02109/FUL for Demolition of existing mosque and erection of mixed use mosque development comprising public worship spaces, function areas and one floor of residential use (3 x studio flats",Development Site Former Site Of 63 Whytecliffe Road South Purley CR8 2AZ,-0.11339,51.33906,https://www.planit.org.uk/planapplic/Croydon/25/02176/DISC/
Bedford/25/01744/S73A,E06000055,Bedford,Bedford,other,approved,Amendment,2025-10-24,2025-12-12,high,Change use to 4 bedroom HMO and Mosque (development partially carried out).,TSB House 5 Melbourne Street Bedford Bedfordshire MK42 9AX,-0.46741,52.1303,https://www.planit.org.uk/planapplic/Bedford/25/01744/S73A/
Bucks/25/02134/APP,E06000060,Buckinghamshire,Buckinghamshire,use_to,pending,Full,2025-10-23,,high,Retrospective planning permission for change of use of premises from former use class D1 to use class F1(f) mosque.,L And M Lighting Limited Unit 2 Aylesbury Business Centre Chamberlain Road Aylesbury Buckinghamshire HP19 8DY,-0.83237,51.82258,https://www.planit.org.uk/planapplic/Bucks/25/02134/APP/
AylesburyVale/25/02134/APP,E06000060,Buckinghamshire,Aylesbury Vale,use_to,pending,Full,2025-10-23,,high,Retrospective planning permission for change of use of premises from former use class D1 to use class F1(f) mosque.,L And M Lighting Limited Unit 2 Aylesbury Business Centre Chamberlain Road Aylesbury Buckinghamshire HP19 8DY,-0.83237,51.82258,https://www.planit.org.uk/planapplic/AylesburyVale/25/02134/APP/
Peterborough/24/01570/FUL,E06000031,Peterborough,Peterborough,new_build,pending,Full,2025-10-20,,high,Demolition of existing building and construction of a new community building and Madrassa for Faizan-E-Madina Mosque,51 Cobden Street Millfield Peterborough PE1 2HA,-0.24861,52.58058,https://www.planit.org.uk/planapplic/Peterborough/24/01570/FUL/
Liverpool/25F/2237,E08000012,Liverpool,Liverpool,other,pending,Full,2025-10-18,,high,To continue to use the premises as a mosque (use class F1),"30 County Road, Liverpool, L4 3QH",-2.97094,53.43878,https://www.planit.org.uk/planapplic/Liverpool/25F/2237/
Croydon/22/05063/DISC,E09000008,Croydon,Croydon,admin,refused,Conditions,2025-10-18,2023-04-25,high,"Discharge of conditions 4 (surface water drainage), 7 (cycle storage), 8 (electric charging points), 9 (travel management plan) and 30 (design of forecourt area) of ref. 19/02109/FUL for the demolition of existing mosque and erection of mixed use mosque development comprising public worship spaces, ",Development Site Former Site Of 63 Whytecliffe Road South Purley CR8 2AZ,-0.11333,51.33907,https://www.planit.org.uk/planapplic/Croydon/22/05063/DISC/
Brentwood/25/00589/FUL,E07000068,Brentwood,Brentwood,other,approved,Full,2025-10-15,2025-10-24,high,"Planning Application for Conservatory and Proposed Installation of Security Gates at Brentwood Mosque, Warley Hill, Brentwood, (Part Retrospective)",Brentwood Methodist Church Warley Hill Warley Essex CM14 5HA,0.29936,51.61259,https://www.planit.org.uk/planapplic/Brentwood/25/00589/FUL/
TowerHamlets/PA/25/01214/S,E09000030,Tower Hamlets,Tower Hamlets,admin,approved,Amendment,2025-10-08,2025-08-20,high,"Application for Non-Material amendment to planning permission ref: PA/23/02332, Dated 13/02/2024. Non Material amendment(s) Sought This Section 96a application seeks to secure approval for a minor, non-material amendment, working within the parameters of the permitted scheme, to retain the existing ","2A Ettrick Street, London, E14 0PU",-0.00529,51.51435,https://www.planit.org.uk/planapplic/TowerHamlets/PA/25/01214/S/
Sandwell/DC/25/70947,E08000028,Sandwell,Sandwell,use_to,approved,Amendment,2025-10-06,2025-10-29,high,Proposed change of use of No. 56 Shireland Road from dwelling to a religious educational institute with single storey rear extension to operate in association with the existing mosque and skylights to front roof slope of existing mosque building.,53 - 56 Shireland Road Smethwick B66 4RG,-1.96026,52.48543,https://www.planit.org.uk/planapplic/Sandwell/DC/25/70947/
Lambeth/25/02068/DET,E09000022,Lambeth,Lambeth,admin,approved,Conditions,2025-10-06,2025-09-18,medium,Approval of details pursuant to condition 5 (Air Quality and Dust Management Plan) of planning permission 18/01093/FUL (Redevelopment of site involving the demolition of existing buildings with part retention of annexe and the erection of a 4 storey building (plus basement) containing an Islamic Cul,8 Mitcham Lane London SW16 6NN,-0.13223,51.42865,https://www.planit.org.uk/planapplic/Lambeth/25/02068/DET/
Blackburn/10/24/0884,E06000008,Blackburn with Darwen,Blackburn,new_build,approved,Full,2025-10-01,2025-10-01,high,Demolition of existing Mosque and erection of replacement Mosque (Use Class F1),Jamia Syeda Fatima Al-zahra Bank Lane Blackburn BB1 2AP,-2.44432,53.74656,https://www.planit.org.uk/planapplic/Blackburn/10/24/0884/
Kirklees/2025/91914,E08000034,Kirklees,Kirklees,new_build,approved,Conditions,2025-09-26,2026-02-18,high,Variation condition 2 (plans) on previous permission 2023/91715 for demolition of existing mosque and erection of mosque and education centre,"Mohaddis E Azam Education Centre And Masjid E Madani, 225C, Ravenshouse Road, Dewsbury Moor, Dewsbury, WF13 3QU",-1.65651,53.68771,https://www.planit.org.uk/planapplic/Kirklees/2025/91914/
Ealing/164876CND,E09000009,Ealing,Ealing,new_build,approved,Conditions,2025-09-06,2016-11-14,high,"Details of samples of materials for external surfaces pursuant to condition 3 of planning permission ref. P/2013/1819 dated 15/03/2016 for 'Construction of a three storey building plus basement (Use Class D1) for use as a place of worship, education, training and other community facilities (followin",11 Boyd Avenue Southall Middlesex UB1 3BT,-0.37285,51.51001,https://www.planit.org.uk/planapplic/Ealing/164876CND/
Lambeth/25/02070/DET,E09000022,Lambeth,Lambeth,admin,approved,Conditions,2025-09-04,2025-09-18,medium,Approval of details pursuant to condition 7 (Site Wide Waste Management Plan) of planning permission .18/01093/FUL (Redevelopment of site involving the demolition of existing buildings with part retention of annexe and the erection of a 4 storey building (plus basement) containing an Islamic Cultura,8 Mitcham Lane London SW16 6NN,-0.13223,51.42865,https://www.planit.org.uk/planapplic/Lambeth/25/02070/DET/
Lambeth/25/02069/DET,E09000022,Lambeth,Lambeth,admin,approved,Conditions,2025-09-04,2025-11-21,medium,Approval of details pursuant to condition 6 (Demolition and Construction Method Statement) of planning permission 18/01093/FUL (Redevelopment of site involving the demolition of existing buildings with part retention of annexe and the erection of a 4 storey building (plus basement) containing an Isl,8 Mitcham Lane London SW16 6NN,-0.13223,51.42865,https://www.planit.org.uk/planapplic/Lambeth/25/02069/DET/
Glasgow/25/01855/FUL,S12000049,Glasgow City,Glasgow,new_build,pending,Full,2025-08-29,,high,Erection of mosque and associated car parking and landscaping works,79 Forth Street Glasgow G41 2TA,-4.27053,55.84121,https://www.planit.org.uk/planapplic/Glasgow/25/01855/FUL/
Sandwell/DC/25/70700,E08000028,Sandwell,Sandwell,extension,approved,Full,2025-08-29,2025-10-17,high,Proposed single storey front/side classroom extension and two storey link extension between mosque and Islamic centre with external staircase to rear and associated works.,Cradley Heath Mosque And Islamic Centre Plant Street Cradley Heath B64 6EY,-2.07541,52.47358,https://www.planit.org.uk/planapplic/Sandwell/DC/25/70700/
Calderdale/23/01024/FUL,E08000033,Calderdale,Calderdale,new_build,pending,Full,2025-08-29,,high,Demolition of existing Mosque and construction of new Mosque,29 Gibraltar Road Halifax Calderdale HX1 4HG,-1.88999,53.72102,https://www.planit.org.uk/planapplic/Calderdale/23/01024/FUL/
Kirklees/2016/93483,E08000034,Kirklees,Kirklees,use_to,approved,Conditions,2025-08-23,2016-10-31,high,Discharge of conditon 7 (Arboricultural Method Statement) on previous application 2013/91851 for change of use of dwelling to mosque and madrassah (within a Conservation Area),"Springfield House, 49, Halifax Road, Dewsbury, WF13 2JN",-1.63505,53.69517,https://www.planit.org.uk/planapplic/Kirklees/2016/93483/
Kirklees/2016/91784,E08000034,Kirklees,Kirklees,new_build,approved,Conditions,2025-08-23,2016-10-04,high,"Discharge conditions 3, 4, 6, 10, 12, 14, 16, 17, 18, 19, 21, 22, 24, 25 on previous permission 2013/92620 for erection of two storey mosque","Rear of, 105-119, Parker Road, Thornhill Lees, Dewsbury, WF12 0AP",-1.63239,53.67256,https://www.planit.org.uk/planapplic/Kirklees/2016/91784/
BCP/P/25/01215/FUL,E06000058,"Bournemouth, Christchurch and Poole",BCP,new_build,approved,Full,2025-08-21,2025-10-13,high,Mixed use of the site for the retention of the existing mosque and erection of a funeral preparation building.,59 -63 Ashley Road Poole BH14 9BT,-1.92637,50.72799,https://www.planit.org.uk/planapplic/BCP/P/25/01215/FUL/
NorthSomerset/25/P/0530/FUL,E06000024,North Somerset,North Somerset,use_away,pending,Full,2025-08-21,,high,"Proposed change of use of 14 Waterloo Street from a charity shop (Use Class E) to a place of worship and education centre (Use Class F1) for the Weston Islamic Education Centre/Mosque. External alterations include the installation of new doors and windows to the rear (Palmer Street elevation), as we","14 Waterloo Street, Ground Floor 16 Waterloo Street And 66 Palmer Street Weston-super-Mare BS23 1RU",-2.97757,51.34972,https://www.planit.org.uk/planapplic/NorthSomerset/25/P/0530/FUL/
NorthLanarkshire/14/02119/PREAPE,S12000050,North Lanarkshire,North Lanarkshire,extension,pending,,2025-08-16,,high,Layby in front of mosque & extension to house toilet/wash room facilities,Islamic Centre 2 Donnelly Way Etna Industrial Estate Wishaw North Lanarkshire ML2 7XA,-3.9579,55.78021,https://www.planit.org.uk/planapplic/NorthLanarkshire/14/02119/PREAPE/
Kirklees/2025/91019,E08000034,Kirklees,Kirklees,use_to,approved,Full,2025-08-08,2026-03-12,high,Change of use from village hall F2(b) to mosque F1(f),"Fartown Village Hall, Ball Royd Road, Fartown, Huddersfield, HD2 1AN",-1.77761,53.6638,https://www.planit.org.uk/planapplic/Kirklees/2025/91019/
Birmingham/2023/07987/PA,E08000025,Birmingham,Birmingham,new_build,pending,Conditions,2025-07-31,,high,"Section 73 application to vary the design consented under application number 2021/10528/PA (Erection of a new Mosque with basement car park etc.). Design changes relate to: external appearance, repositioning of the minaret, internal circulation space including the provision of 8 new classrooms, and ",The Brookhill Tavern 484 Alum Rock Road Alum Rock Birmingham B8 3HX,-1.83708,52.48717,https://www.planit.org.uk/planapplic/Birmingham/2023/07987/PA/
Charnwood/P/15/2342/2,E07000130,Charnwood,Charnwood,use_to,withdrawn,Full,2025-07-26,2016-03-23,high,Change of use from retail (A1) to Islamic centre. (D1),107 Moira Street Loughborough Leicestershire LE11 1AU,-1.20064,52.76914,https://www.planit.org.uk/planapplic/Charnwood/P/15/2342/2/
Sandwell/DC/25/70634,E08000028,Sandwell,Sandwell,demolition,refused,Full,2025-07-24,2026-07-31,high,Demolition of former chapel building and two storey expansion of existing Islamic centre.,Tipton And Tividale Islamic Centre 24 - 25 Gate Street Tipton DY4 7SP,-2.05871,52.51536,https://www.planit.org.uk/planapplic/Sandwell/DC/25/70634/
Slough/P/01303/020,E06000039,Slough,Slough,new_build,approved,Full,2025-07-14,2025-06-26,high,Re-development of existing petrol station to provide community use and education facilities alongside additional overflow car parking for the adjacent Diamond Road Mosque,"79-83, Uxbridge Road, Slough, SL1 1SG",-0.5797,51.50924,https://www.planit.org.uk/planapplic/Slough/P/01303/020/
Ealing/173497CND,E09000009,Ealing,Ealing,extension,approved,Conditions,2025-07-12,2017-09-01,high,"Details of materials for the external surfaces pursuant to condition 3 of planning permission ref: PP/2012/3271 dated 14.05.2014 for: redevelopment of existing Islamic Centre to create new Community Centre and place of worship (D1/D2) including ancillary creche, cafe, bookshop, gym and residential (",West London Islamic Centre Brownlow Road West Ealing W13 0SQ,-0.32636,51.51045,https://www.planit.org.uk/planapplic/Ealing/173497CND/
Newham/25/01162/FUL,E09000025,Newham,Newham,new_build,pending,Full,2025-07-09,,high,Erection of a temporary single-storey mosque facility within the curtilage of No. 426 Romford Road for a temporary period of 18 months (This application site falls within Romford Road Conservation Area).,Land Adjacent 426 Romford Road Forest Gate London E7 8DF,0.0344,51.54713,https://www.planit.org.uk/planapplic/Newham/25/01162/FUL/
Woking/PLAN/2025/0353,E07000217,Woking,Woking,use_to,approved,Full,2025-07-09,2025-10-22,medium,Single storey front extension and change of use from car showroom and vehicle service and MOT garage (Class B2/Sui Generis use) to an Islamic Community Centre and place of worship (Class F1(f)/F2(b) use).,Buckinghams Albert House Albert Drive Sheerwater Woking Surrey GU21 5JZ,-0.53583,51.32757,https://www.planit.org.uk/planapplic/Woking/PLAN/2025/0353/
Cardiff/25/01143/VAR,W06000015,Cardiff,Cardiff,admin,pending,Conditions,2025-07-01,,high,Variation of Condition 1 of 18/00027/MJR (Alterations and Extensions to Existing Mosque) to extend the time limit for commencement of the works. (Approved 3 March 2023- 23/00496/VAR):- Variation of Condition 2 (Approved Plans) of 23/00496/VAR to amend the approved scheme as follows: 1) Phase the int,Former Ian Williams Ltd Sanatorium Road Canton Cardiff CF11 8SU,-3.21365,51.47951,https://www.planit.org.uk/planapplic/Cardiff/25/01143/VAR/
WestNorthamptonshire/WNN/2022/0841,E06000062,West Northamptonshire,West Northamptonshire,extension,approved,Full,2025-06-30,2023-03-16,high,"Alterations and extensions to existing mosque, including increasing building height and alterations to front elevation with two storey extension, single storey rear extension and new lightwells to basement",BAITUL MAMUR JAMI MASJID AND BANGLADESHI ISLAMIC CENTRE 41 - 43 Argyle Street Northampton Northamptonshire NN5 5LJ,-0.91746,52.24118,https://www.planit.org.uk/planapplic/WestNorthamptonshire/WNN/2022/0841/
Bradford/25/00839/FUL,E08000032,Bradford,Bradford,new_build,approved,Full,2025-06-28,2025-09-08,high,Two storey side extension to provide place of worship and reading of Islamic texts for women and children and development of car park off Fairbank Road to serve the mosque,Jamiyat Tabligh Ul Islam Mosque 133 Toller Lane Bradford West Yorkshire BD8 9HL,-1.78374,53.80539,https://www.planit.org.uk/planapplic/Bradford/25/00839/FUL/
Coventry/PL/2023/0002406/FUL,E08000026,Coventry,Coventry,new_build,approved,Full,2025-06-25,,high,Erection of an entrance portico with secured gate to mosque car park entrance,"75 Smith Street, Coventry, CV6 5DX",-1.4939,52.41885,https://www.planit.org.uk/planapplic/Coventry/PL/2023/0002406/FUL/
WestLothian/0384/FUL/25,S12000040,West Lothian,West Lothian,use_away,pending,Full,2025-06-20,,high,Change of use of first floor from former mosque (Class 10 non-residential institutions) to form 2 flats,Bathgate Mosque 5 Whitburn Road Bathgate West Lothian EH48 1HE,-3.64231,55.90075,https://www.planit.org.uk/planapplic/WestLothian/0384/FUL/25/
Blackburn/10/25/0048,E06000008,Blackburn with Darwen,Blackburn,use_to,approved,Amendment,2025-06-17,2025-06-17,medium,Change of use of existing vacant former children's nursery into place of worship and Islamic education centre (Madrassa Classes) (Use Class F1) and formation of parking area to rear (part-retrospective),Former Emerald Street Nursery Emerald Street Blackburn BB1 9QJ,-2.47808,53.76977,https://www.planit.org.uk/planapplic/Blackburn/10/25/0048/
Edinburgh/21/05228/TCO,S12000036,City of Edinburgh,Edinburgh,other,refused,Trees,2025-06-16,2021-10-21,high,"Tilia at front gate, above bus stop in south west Nicolson Square - deadwooding, pruning of diseased branches (minor) and pruning epicormic growth at base. Leylandeii in rear garden, next to wall that is boundary to Mosque - removal.",25 Nicolson Square Edinburgh EH8 9BX,-3.18574,55.94551,https://www.planit.org.uk/planapplic/Edinburgh/21/05228/TCO/
Bradford/25/01336/FUL,E08000032,Bradford,Bradford,extension,approved,Full,2025-06-14,2025-11-10,high,Side Extension to Existing Mosque to form new Ablutions and Imam's flat.,Al Hudaa Masjid Ahl E Hadith And Madrassah Salafiah 119 Legrams Lane Bradford West Yorkshire BD7 2AA,-1.77797,53.79128,https://www.planit.org.uk/planapplic/Bradford/25/01336/FUL/
Stockport/DC/089893,E08000007,Stockport,Stockport,admin,approved,Conditions,2025-06-07,2023-09-27,high,"Discharge of Condition 7 (Updated Ecological Assessment) of Planning Permission reference DC/074305 for Proposed new mosque and community centre to replace existing main building, side caretaker's house and porta-Cabins. Includes for re-design and improvement of car parking and landscape improvement",377 Wilmslow Road Heald Green Cheadle Stockport SK8 3NP,-2.21956,53.3595,https://www.planit.org.uk/planapplic/Stockport/DC/089893/
Brent/25/1358,E09000005,Brent,Brent,extension,approved,Full,2025-06-04,2025-08-19,high,Rooftop extension to provide education facilities together with the formation of roof gardens and perimeter screening to Mosque,"Central Mosque of Brent, Station Parade, London, NW2 4NU",-0.2223,51.5495,https://www.planit.org.uk/planapplic/Brent/25/1358/
MidKent/18/504734/FULL,E07000110,Maidstone,Mid Kent,other,approved,Full,2025-05-31,2018-12-03,high,"The redevelopment of Maidstone Mosque with associated facilities including a residential flat, two retail units and ancillary accommodation (resubmission of 18/502567/FULL).",20-28 Mote Road Maidstone Kent ME15 6ES,0.5271,51.27044,https://www.planit.org.uk/planapplic/MidKent/18/504734/FULL/
Ealing/184124NMA,E09000009,Ealing,Ealing,admin,refused,Amendment,2025-05-31,2018-10-16,high,"Non-material amendment (S.96a) to vary condition 2 (Approved Plans) imposed on planning permission ref:180035FUL dated 03.05.2018 for the 'Redevelopment of existing (Jamia Masjid Aystha & Islamic Centre) to create a two-storey Community Centre and Place of Worship (D1/D2), including a two-bedroom fl",2-4 Eccleston Road West Ealing London W13 0RL,-0.32884,51.51,https://www.planit.org.uk/planapplic/Ealing/184124NMA/
Bedford/25/00595/S73A,E06000055,Bedford,Bedford,other,pending,Amendment,2025-05-13,,high,"Change use to 5 bedroom HMO, staff room for garage and Mosque (development already carried out)",TSB House 5 Melbourne Street Bedford Bedfordshire MK42 9AX,-0.46741,52.1303,https://www.planit.org.uk/planapplic/Bedford/25/00595/S73A/
Bracknell/25/00125/FUL,E06000036,Bracknell Forest,Bracknell,use_to,withdrawn,Full,2025-05-13,2025-06-25,medium,Section 73 application to vary condition 12 (Friday Prayers) of planning permission 19/00753/FUL for the change of use from office (B1) to Islamic community centre (D1). (For clarification: this application seeks to vary this condition to allow for an increase in session capacity from 80 to 180 atte,Unit C Cookham Road Bracknell Berkshire RG12 1RB,-0.77442,51.41523,https://www.planit.org.uk/planapplic/Bracknell/25/00125/FUL/
NorthLincs/PA/2025/428,E06000013,North Lincolnshire,North Lincs,use_to,approved,Amendment,2025-05-12,2025-07-01,high,"Planning permission for extensions and change of use of a retail unit to form a community place of worship for Scunthorpe Central Mosque, including the segregation of teaching areas for children and adults, a new outreach food bank and outreach kitchen in place of vacant shop, multi-purpose hall and","40-44 Percival Street, Scunthorpe, DN15 6JD",-0.65435,53.59334,https://www.planit.org.uk/planapplic/NorthLincs/PA/2025/428/
Brent/17/0053,E09000005,Brent,Brent,new_build,refused,Amendment,2025-05-10,2017-02-03,medium,"Non-material amended to allow the use of copper cladding to the tower instead of the approved opaque glass material, of full planning permission reference 08/1509 dated 11 September 2008 for erection of a single-storey front extension, single-storey and two-storey side extension, single-storey and t","The Maqam Centre, Tiverton Road, London, NW10 3HJ",-0.21652,51.53774,https://www.planit.org.uk/planapplic/Brent/17/0053/
Brent/19/3295,E09000005,Brent,Brent,admin,approved,Amendment,2025-04-29,2020-03-05,medium,"Non-material amendment (proposed single storey side extension) of Full Planning Permission reference 16/2867 dated 20 January, 2017, for Single storey side and rear extension to existing Islamic Cultural Centre","Islamic Cultural Centre, Monks Park, Wembley, HA9 6JE",-0.27176,51.54823,https://www.planit.org.uk/planapplic/Brent/19/3295/
Chorley/21/00954/MNMA,E07000118,Chorley,Chorley,admin,approved,Amendment,2025-04-12,2021-08-26,high,"Minor non-material amendment to planning permission 19/00910/FUL (Conversion of former mosque (Use Class D1) to 9 bedroom house in multiple occupation (Use Class Sui Generis)) involving insulation upgrades, internal reconfiguration, repositioning of cycle and bin stores and the repositioning of a do",142 Lyons Lane Chorley PR6 0PJ,-2.62363,53.65098,https://www.planit.org.uk/planapplic/Chorley/21/00954/MNMA/
Leeds/23/02345/FU,E08000035,Leeds,Leeds,extension,approved,Full,2025-04-09,2023-07-31,high,Two storey sports facility to existing mosque,Leeds Grand Mosque 9 Woodsley Road Woodhouse Leeds LS6 1SN,-1.5683,53.80635,https://www.planit.org.uk/planapplic/Leeds/23/02345/FU/
SouthGloucestershire/P24/02486/F,E06000025,South Gloucestershire,South Gloucestershire,new_build,withdrawn,Full,2025-04-09,2025-03-24,medium,Erection of 1no. Islamic Cultural and Resource Centre (Class F1) with associated works.,Unit 2 And 3 Wellington Road Yate South Gloucestershire BS37 5UY,-2.41805,51.54856,https://www.planit.org.uk/planapplic/SouthGloucestershire/P24/02486/F/
Tameside/23/00970/FUL,E08000008,Tameside,Tameside,new_build,approved,Full,2025-04-02,2025-04-03,high,"Erection of a single storey building for community and education purposes, in association with the existing community centre and place of worship (Masjid At-Taqwa).",Masjid At-Taqwa Katherine Street Ashton-Under-Lyne Tameside OL7 0BJ,-2.11209,53.48443,https://www.planit.org.uk/planapplic/Tameside/23/00970/FUL/
Wokingham/250543,E06000041,Wokingham,Wokingham,use_to,refused,Amendment,2025-04-02,2025-04-22,medium,"Full application for the proposed change of use of the building to an Islamic education, worship and community centre (Use Class F1 and F2).","Unit 4, Winnersh Fields Gazelle Close Winnersh Wokingham RG41 5QS",-0.89283,51.43413,https://www.planit.org.uk/planapplic/Wokingham/250543/
Brent/25/0559,E09000005,Brent,Brent,demolition,approved,Conditions,2025-03-27,2025-04-23,medium,"Details pursuant to condition 10 (Cycle & Refuse Storage Details), of Full Planning Permission application reference 24/1454 dated 30/01/2025 for Proposed change of use from retail unit to part retail use and part Islamic Community Centre, and associated works to include the demolition of rear garag","35 Blackbird Hill, London, NW9 8RS",-0.26259,51.56464,https://www.planit.org.uk/planapplic/Brent/25/0559/
Wakefield/24/02058/FUL,E08000036,Wakefield,Wakefield,use_to,withdrawn,Full,2025-03-26,2025-04-02,high,Conversion of first floor to Mosque/ Place of worship and social centre at first floor level,102 - 104 Kirkgate Wakefield West Yorkshire WF1 1TB,-1.4934,53.68129,https://www.planit.org.uk/planapplic/Wakefield/24/02058/FUL/
Aberdeen/250180/DPP,S12000033,Aberdeen City,Aberdeen,use_away,approved,Full,2025-03-19,2025-09-30,high,"Change of use from motorcycle garage and showroom to mosque (class 10 - non-residential institution) and class 1A (shops and financial, professional and other services) to ground floor; extensions to side, blocking up and formation of new doorways, and all associated works",92 Crown Street Aberdeen AB11 6HJ,-2.10232,57.14313,https://www.planit.org.uk/planapplic/Aberdeen/250180/DPP/
Sheffield/25/00345/FUL,E08000019,Sheffield,Sheffield,new_build,approved,Full,2025-03-10,2025-04-10,high,"Erection of a single-storey front extension to existing mosque, with new proposed external materials (retrospective application)",Hanfia Mosque And Islamic Cultural Centre 372 Sheffield Road Tinsley Sheffield S9 1RQ,-1.39762,53.41669,https://www.planit.org.uk/planapplic/Sheffield/25/00345/FUL/
Merton/23/P1710,E09000024,Merton,Merton,admin,approved,Amendment,2025-03-06,2023-06-29,high,NON-MATERIAL AMENDMENT APPLICATION TO REMOVE CONDITIONS 5 (CONSTRUCITON LOGISTICS PLAN) AND 6 (SITE WORKERS) ATTACHED TO LBM PLANNING PERMISSION 17/P2194 FOR THE ERECTION OF A NEW MOSQUE,Baitul Futuh Mosque 181 London Road Morden SM4,-0.19975,51.39729,https://www.planit.org.uk/planapplic/Merton/23/P1710/
WestLothian/0899/FUL/24,S12000040,West Lothian,West Lothian,use_to,approved,Full,2025-03-05,2025-02-14,high,"Change of use to create a mixed-use community and religious facility, on ground floor retaining existing cafe (with hot food takeaway) and part of retail unit with gym, community hall, community food court and classrooms, mosque on first and second floors, and extension and alterations to building","St Davids House, Retail Unit And Cafe 20-24 South Bridge Street Bathgate West Lothian EH48 1TT",-3.6429,55.90172,https://www.planit.org.uk/planapplic/WestLothian/0899/FUL/24/
Kirklees/2019/90224,E08000034,Kirklees,Kirklees,admin,approved,Amendment,2025-03-03,2019-04-26,high,Non material amendment to previous permission 2015/92174 for demolition of existing dwelling and erection of three storey extension and internal alterations to extend existing mosque,"21-29, Warren Street, Saville Town, Dewsbury, WF12 9LU",-1.63179,53.68337,https://www.planit.org.uk/planapplic/Kirklees/2019/90224/
Merton/18/P2329/INVALID,E09000024,Merton,Merton,admin,approved,Amendment,2025-03-01,2018-07-10,high,"APPLICATION FOR NON-MATERIAL AMENDMENTS TO LBM PLANNING PERMISSION 10/P1756 RELATING TO THE ERECTION OF A NEW PART TWO, PART THREE STOREY MOSQUE, PLUS BASEMENT, DOME AND MINARET INVOLVING DEMOLITION OF EXISTING SINGLE STOREY MOSQUE, TO PROVIDE FOR A CHANGE OF THE PLANS TO ADD A VEHICLE LIFT INSTEAD ",Mosque 54 Merton High Street Colliers Wood SW19 1DH,-0.18345,51.41636,https://www.planit.org.uk/planapplic/Merton/18/P2329/INVALID/
Merton/18/P2329,E09000024,Merton,Merton,admin,approved,Amendment,2025-03-01,2018-07-10,high,"APPLICATION FOR NON-MATERIAL AMENDMENTS TO LBM PLANNING PERMISSION 10/P1756 RELATING TO THE ERECTION OF A NEW PART TWO, PART THREE STOREY MOSQUE, PLUS BASEMENT, DOME AND MINARET INVOLVING DEMOLITION OF EXISTING SINGLE STOREY MOSQUE, TO PROVIDE FOR A CHANGE OF THE PLANS TO ADD A VEHICLE LIFT INSTEAD ",Mosque 54 Merton High Street Colliers Wood SW19 1DH,-0.18345,51.41636,https://www.planit.org.uk/planapplic/Merton/18/P2329/
Manchester/120866/NMC/2018,E08000003,Manchester,Manchester,admin,approved,Amendment,2025-02-24,2018-08-31,high,Non-material amendment to allow alterations to elevations and materials for proposed mosque granted by planning permission 118034/JO/2017,Makki Masjid 125 Beresford Road Manchester M13 0TA,-2.20163,53.45051,https://www.planit.org.uk/planapplic/Manchester/120866/NMC/2018/
Worcester/P18D0362,E07000237,Worcester,Worcester,new_build,approved,Full,2025-02-24,2018-12-20,high,"Erection of mosque, 4 x two bed apartments, sports / community facility and associated works including access, parking and landscaping.",Unity House Stanley Road Worcester WR5 1BE,-2.21141,52.19155,https://www.planit.org.uk/planapplic/Worcester/P18D0362/
Wolverhampton/24/01106/FUL,E08000031,Wolverhampton,Wolverhampton,new_build,approved,Full,2025-02-17,2025-02-18,high,"Incorporation of No.2 Wanderers Avenue to be included into No.1 Wanderers Avenue forming a Mosque with; class rooms, office, prayer room, kitchen, toilets and three bedroom guest house. Reforming of roof profile to form pitched roofs. Erection of a porch to form a sheltered entrance. Erection of a s",Jamia Masjid Faridia 1 Wanderers Avenue Wolverhampton West Midlands WV2 3HL,-2.12446,52.56812,https://www.planit.org.uk/planapplic/Wolverhampton/24/01106/FUL/
Leeds/16/02306/FU,E08000035,Leeds,Leeds,use_away,withdrawn,Full,2025-02-15,2016-08-15,high,Change of use of existing education centre and prayer rooms (number 71) to education centre and mosque and change of use of dwelling (number 69) to form education centre and mosque,69 And 71 Mexborough Drive Chapeltown Leeds LS7 3EL,-1.53612,53.81515,https://www.planit.org.uk/planapplic/Leeds/16/02306/FU/
Leeds/16/01016/FU,E08000035,Leeds,Leeds,extension,approved,Full,2025-02-15,2016-04-14,high,Single storey side and rear extensions to the mosque.,12 Tunstall Road Beeston Leeds LS11 5JF,-1.54443,53.77575,https://www.planit.org.uk/planapplic/Leeds/16/01016/FU/
Southwark/21/AP/0794,E09000028,Southwark,Southwark,new_build,approved,Conditions,2025-02-15,2021-07-08,medium,"Details of Condition 3 (Flood Resilience and Safety), as required by planning permission 18/AP/1431 (Demolition of existing building and the erection of a 6 storey building (plus basement) containing an Islamic Cultural Centre for religious, educational, community and leisure use, including 1 servic",Muslim Association Of Nigeria 365 Old Kent Road London Southwark SE1 5JH,-0.07508,51.4877,https://www.planit.org.uk/planapplic/Southwark/21/AP/0794/
Southwark/21/AP/0816,E09000028,Southwark,Southwark,new_build,approved,Conditions,2025-02-15,2021-06-22,medium,"Details of Condition 6 (Piling Method Statement), as required by planning permission 18/AP/1431 (Demolition of existing building and the erection of a 6 storey building (plus basement) containing an Islamic Cultural Centre for religious, educational, community and leisure use, including 1 service pa",Muslim Association Of Nigeria 365 Old Kent Road London Southwark SE1 5JH,-0.07508,51.4877,https://www.planit.org.uk/planapplic/Southwark/21/AP/0816/
Southwark/21/AP/0819,E09000028,Southwark,Southwark,new_build,approved,Conditions,2025-02-15,2021-05-28,medium,"Details of Condition 9 (Ventilation), as required by planning permission 18/AP/1431 (Demolition of existing building and the erection of a 6 storey building (plus basement) containing an Islamic Cultural Centre for religious, educational, community and leisure use, including 1 service parking space ",Muslim Association Of Nigeria 365 Old Kent Road London Southwark SE1 5JH,-0.07506,51.48772,https://www.planit.org.uk/planapplic/Southwark/21/AP/0819/
Southwark/21/AP/0818,E09000028,Southwark,Southwark,new_build,approved,Conditions,2025-02-15,2021-04-09,medium,"Details of Condition 7 (Archaological Watching Brief), as required by planning permission 18/AP/1431 (Demolition of existing building and the erection of a 6 storey building (plus basement) containing an Islamic Cultural Centre for religious, educational, community and leisure use, including 1 servi",Muslim Association Of Nigeria 365 Old Kent Road London Southwark SE1 5JH,-0.07506,51.48772,https://www.planit.org.uk/planapplic/Southwark/21/AP/0818/
Southwark/21/AP/0815,E09000028,Southwark,Southwark,new_build,approved,Conditions,2025-02-15,2021-09-08,medium,"Details of Condition 5 (Foundation and Basement Design), as required by planning permission 18/AP/1431 (Demolition of existing building and the erection of a 6 storey building (plus basement) containing an Islamic Cultural Centre for religious, educational, community and leisure use, including 1 ser",Muslim Association Of Nigeria 365 Old Kent Road London Southwark SE1 5JH,-0.07508,51.4877,https://www.planit.org.uk/planapplic/Southwark/21/AP/0815/
Merton/23/P0865,E09000024,Merton,Merton,admin,approved,Amendment,2025-02-12,2023-06-05,high,"APPLICATION FOR NON-MATERIAL AMENDMENTS TO PLANNING APPLICATION 21/P4349 FOR AMENDMENTS TO REPOSITION LIFT FROM REAR RIGHT FLANK TO A POSITION CLOSER TO EXISTING MOSQUE, RELATING TO ALTERATIONS TO EXISTING FRONT ELEVATION, EXISTING EXTERNAL STAIRCASES AND ERECTION OF A NEW FIRST FLOOR SIDE EXTENSION",Wimbledon Mosque 262 - 264 Durnsford Road Wimbledon Park SW19 8DS,-0.19723,51.43642,https://www.planit.org.uk/planapplic/Merton/23/P0865/
Havering/P1716.18,E09000016,Havering,Havering,new_build,approved,Full,2025-02-11,2019-02-05,high,"ERECTION OF A SINGLE-STOREY BUILDING TO SERVE AS A COMMUNITY FACILITY (MOSQUE) (USE CLASS D1) WITH ASSOCIATED CAR PARKING SPACES, AND LANDSCAPING.",135 New Road Rainham RM13 8ES,0.17477,51.52463,https://www.planit.org.uk/planapplic/Havering/P1716.18/
Bury/71422,E08000002,Bury,Bury,new_build,approved,Full,2025-02-05,2026-07-10,high,Demolition of the Existing Mosque and Community Facility and the Erection of a Replacement Mosque and Community Facility (F1 (f)).,"52 Bury Old Road, Prestwich, Manchester, M25 0ER",-2.2605,53.52095,https://www.planit.org.uk/planapplic/Bury/71422/
Bolton/19425/24,E08000001,Bolton,Bolton,use_to,approved,Full,2025-02-04,2025-03-07,high,"CHANGE OF USE FROM OFFICE INTO MOSQUE, COMMUNITY CENTRE AND TEACHING FACILITY",66 Chorley Street Bolton BL1 4AL,-2.43752,53.58071,https://www.planit.org.uk/planapplic/Bolton/19425/24/
Walsall/23/0715,E08000030,Walsall,Walsall,demolition,pending,Amendment,2025-01-22,,high,"Proposed new windows and reinstating existing openings to facilitate use as a mosque and classrooms (Planning Use Class F1(f) - public worship/religious instruction), including some external and internal alterations and demolitions to the building and conversion of former caretakers house to a first","FORMER WALSALL LOCAL HISTORY CENTRE, ESSEX STREET, WALSALL, WS2 7AU",-1.9866,52.5984,https://www.planit.org.uk/planapplic/Walsall/23/0715/
Walsall/16/0022,E08000030,Walsall,Walsall,new_build,approved,Full,2025-01-11,2017-12-13,high,"Two storey extension and pitched roof to mosque, erection of two storey library and resource centre with associated parking and landscaping.","Muslim Welfare Society, Masjid E Umar, Bills Street, Darlaston, Walsall, WS10 8BB",-2.02679,52.57034,https://www.planit.org.uk/planapplic/Walsall/16/0022/
Derby/19/00958/FUL,E06000015,Derby,Derby,new_build,approved,Full,2024-12-28,2019-08-23,high,Erection of a building (meeting rooms and mosque facilities),"6, 6A, 6B, 7 And 7A Hastings Street Derby DE23 6QQ",-1.48142,52.90649,https://www.planit.org.uk/planapplic/Derby/19/00958/FUL/
Birmingham/2016/06689/PA,E08000025,Birmingham,Birmingham,extension,withdrawn,Full,2024-12-28,,high,Creation of two storey building to be used in association with neighbouring mosque,1a Clodeshall Road Birmingham B8 3SN,-1.84949,52.48832,https://www.planit.org.uk/planapplic/Birmingham/2016/06689/PA/
Newham/14/00064/FUL,E09000025,Newham,Newham,other,approved,Full,2024-12-28,2014-03-26,high,Relocation of Substation which is currently located in the Mosque yard.,2A Church Road Manor Park London E12 6AQ,0.05249,51.54765,https://www.planit.org.uk/planapplic/Newham/14/00064/FUL/
Pembrokeshire/19/0484/DC,W06000009,Pembrokeshire,Pembrokeshire,admin,approved,Conditions,2024-12-23,2019-09-13,high,Discharge of condition 3 (Photographic survey) of planning application 19/0265/LB (Internal alterations to the Pembrokeshire Masjid and Islamic centre (former Tabernacle Chapel)).,"Pembrokeshire Masjid and Islamic Centre (former Tabernacle Chapel), Charles Street, Milford Haven, SA73 2HW",-5.03114,51.71229,https://www.planit.org.uk/planapplic/Pembrokeshire/19/0484/DC/
Wycombe/23/05849/MINAMD,E06000060,Buckinghamshire,Wycombe,admin,approved,Amendment,2024-12-19,2023-04-11,high,Proposed non-material amendment to permission for construction of two storey rear extension to Mosque to provide prayer room with lower ground parking underneath and associated works granted under planning ref: 18/07150/FUL,85 Rutland Avenue High Wycombe Buckinghamshire HP12 3JQ,-0.77948,51.62917,https://www.planit.org.uk/planapplic/Wycombe/23/05849/MINAMD/
Kirklees/2024/93156,E08000034,Kirklees,Kirklees,other,pending,Outline,2024-12-11,,high,Outline application for redevelopment of existing Islamic Centre,"Healey Lane Mills, Healey Lane, Healey, Batley, WF17 7SH",-1.64809,53.71233,https://www.planit.org.uk/planapplic/Kirklees/2024/93156/
Hounslow/P/2024/2947,E09000018,Hounslow,Hounslow,new_build,refused,Full,2024-11-29,2024-12-20,medium,"Redevelopment of existing service station, car wash, and canopy and the erection of a four storey building comprising of a commercial unit, canopy, jet wash, Islamic faith community centre, and 1x self-contained flat with associated car parking, landscaping, cycle and refuse storage.","Texaco Service Station, 1 Great West Road, Hounslow, TW5 9AN",-0.39221,51.47499,https://www.planit.org.uk/planapplic/Hounslow/P/2024/2947/
WestLothian/0946/FUL/17,S12000040,West Lothian,West Lothian,new_build,approved,Full,2024-11-16,2018-02-16,high,Erection of a 556 sqm extension to mosque and formation of additional car parking with associated works,Mosque Craigshill East Road Craigshill Livingston West Lothian EH54 5JQ,-3.4982,55.90195,https://www.planit.org.uk/planapplic/WestLothian/0946/FUL/17/
Blackburn/10/24/0653,E06000008,Blackburn with Darwen,Blackburn,use_away,refused,Full,2024-11-14,2024-11-14,medium,Change of use of existing vacant former children's nursery into place of worship and Islamic education centre (Madrassa Classes) (Use Class F1) and erection of a single-storey extension to house ablution and toilet facilities,Former Emerald Street Nursery Emerald Street Blackburn BB1 9JR,-2.47808,53.76977,https://www.planit.org.uk/planapplic/Blackburn/10/24/0653/
Birmingham/2016/07354/PA,E08000025,Birmingham,Birmingham,demolition,withdrawn,Full,2024-10-26,,high,"Demolition as approved of existing mosque and rebuilding of new facility to include educational and community uses, reuse of existing parking areas and access retained",12 Victoria Road Muhul Islam Saddigue Mosque Aston Birmingham B6 5HA,-1.89664,52.50266,https://www.planit.org.uk/planapplic/Birmingham/2016/07354/PA/
Eastbourne/160064,E07000061,Eastbourne,Eastbourne,admin,approved,Conditions,2024-10-19,2016-01-21,high,"Application for approval of details reserved by conditions 8 (samples of Materials), 17 (Surface Water Drainage Scheme), 18 (Foul Sewerage Disposal), 19 (Details of Grey Water Recycling System), 23 (Constuction Traffic Management Plan), 29 (Details of CCTV Cameras andAlarm System), 30 (Detials of pl",Islamic Community Centre Ashford Square Eastbourne East Sussex BN21 3TX,0.28701,50.7727,https://www.planit.org.uk/planapplic/Eastbourne/160064/
Kirklees/2023/91715,E08000034,Kirklees,Kirklees,new_build,approved,Full,2024-10-11,2024-11-04,high,Demolition of existing mosque and erection of mosque and education centre,"Mohaddis E Azam Education Centre And Masjid E Madani, 225C, Ravenshouse Road, Dewsbury Moor, Dewsbury, WF13 3QU",-1.65651,53.68771,https://www.planit.org.uk/planapplic/Kirklees/2023/91715/
StAlbans/5/2024/1415,E07000240,St Albans,St Albans,use_away,approved,,2024-10-05,2024-10-22,high,"Division of existing dwelling to create mosque and residential dwelling following Change of use to ground floor from Class C3 to Class F1(F) (womens Mosque), single storey side and two storey rear extensions, loft conversion with rear dormer window, front",75 Hatfield Road St Albans Hertfordshire Al1 4Jl,-0.3209,51.7522,https://www.planit.org.uk/planapplic/StAlbans/5/2024/1415/
Huntingdonshire/24/01468/CLED,E07000011,Huntingdonshire,Huntingdonshire,other,withdrawn,Amendment,2024-09-18,2024-11-08,medium,Islamic education centre,31 Coneygear Road Huntingdon PE29 1QN,-0.16761,52.34454,https://www.planit.org.uk/planapplic/Huntingdonshire/24/01468/CLED/
Bradford/24/02888/FUL,E08000032,Bradford,Bradford,other,refused,Full,2024-09-12,2024-09-20,high,Extensions to front and side elevations of mosque,Shipley United Reform Church Bradford Road Shipley West Yorkshire BD18 3DL,-1.78386,53.83092,https://www.planit.org.uk/planapplic/Bradford/24/02888/FUL/
Brent/24/1454,E09000005,Brent,Brent,demolition,approved,Full,2024-08-23,2025-01-30,medium,"Proposed change of use from retail unit to part retail use and part Islamic Community Centre, and associated works to include the demolition of rear garage, the provision of cycle storage, mini-bus parking and refuse storage to the rear. (Revised Description)'","35 Blackbird Hill, London, NW9 8RS",-0.26259,51.56464,https://www.planit.org.uk/planapplic/Brent/24/1454/
Wakefield/24/01223/FUL,E08000036,Wakefield,Wakefield,new_build,approved,Full,2024-08-14,2024-09-25,high,Proposed two temporary buildings to be used as masjid during rebuild of existing masjid,Mosque Park Hill Lane Wakefield WF1 4NJ,-1.48573,53.68208,https://www.planit.org.uk/planapplic/Wakefield/24/01223/FUL/
Sheffield/24/01944/FUL,E08000019,Sheffield,Sheffield,extension,pending,Full,2024-08-12,,high,"Alterations to mosque to raise entrance roof to allow for relocation of internal staircase, new glazing to porch area, new external windows to ground floor prayer room facing Owler Lane and associated works",Jamia Mousia Ghousa Mosque Firth Park Road Sheffield S5 6WP,-1.45012,53.40801,https://www.planit.org.uk/planapplic/Sheffield/24/01944/FUL/
Sheffield/24/01945/LBC,E08000019,Sheffield,Sheffield,extension,pending,Heritage,2024-08-12,,high,"Alterations to mosque to raise entrance roof to allow for relocation of internal staircase, new glazing to porch area, new external windows to ground floor prayer room facing Owler Lane and associated works",Jamia Mousia Ghousa Mosque Firth Park Road Sheffield S5 6WP,-1.45012,53.40801,https://www.planit.org.uk/planapplic/Sheffield/24/01945/LBC/
Sheffield/24/01746/FUL,E08000019,Sheffield,Sheffield,new_build,approved,Full,2024-08-11,2024-10-11,high,Internal/external alterations and extensions to mosque and the erection of a minaret,Al-Taqwah Somali Centre 33 Andover Street Sheffield S3 9EJ,-1.4607,53.39261,https://www.planit.org.uk/planapplic/Sheffield/24/01746/FUL/
Kirklees/2024/90976,E08000034,Kirklees,Kirklees,use_away,approved,Full,2024-07-19,2024-07-23,high,Change of use from Mosque to remote taxi booking office and Mosque,"Jamia Al Saeed Mosque, 160, Bromley Street, Hanging Heaton, Batley, WF17 6LB",-1.62452,53.70434,https://www.planit.org.uk/planapplic/Kirklees/2024/90976/
Ealing/242233CND,E09000009,Ealing,Ealing,extension,approved,Conditions,2024-07-12,2024-09-09,high,"Details of the sound insulation of the building envelope pursuant to condition 5 of planning permission 180035FUL dated 21.05.2018 for: Redevelopment of existing (Jamia Masjid Aisha & Islamic Centre) to create a two-storey Community Centre and Place of Worship (D1/D2), including a two-bedroom flat t",2-4 Eccleston Road West Ealing W13 0RL,-0.32879,51.51006,https://www.planit.org.uk/planapplic/Ealing/242233CND/
Ealing/242473CND,E09000009,Ealing,Ealing,extension,approved,Conditions,2024-07-12,2024-07-25,high,"Details of the rating noise level emitted from any proposed external plant and machinery to condition 7 of planning permission 180035FUL dated 21.05.2018 for: Redevelopment of existing (Jamia Masjid Aisha & Islamic Centre) to create a two-storey Community Centre and Place of Worship (D1/D2), includi",4 Eccleston Road West Ealing W13 0RL,-0.32879,51.51006,https://www.planit.org.uk/planapplic/Ealing/242473CND/
Ealing/242474CND,E09000009,Ealing,Ealing,extension,approved,Conditions,2024-07-12,2024-08-20,high,"Details of sound limiting device to condition 9 of planning permission 180035FUL dated 21.05.2018 for: Redevelopment of existing (Jamia Masjid Aisha & Islamic Centre) to create a two-storey Community Centre and Place of Worship (D1/D2), including a two-bedroom flat to the second floor level, install",2-4 Eccleston Road West Ealing W13 0RL,-0.32879,51.51006,https://www.planit.org.uk/planapplic/Ealing/242474CND/
Pendle/23/0833/FUL,E07000122,Pendle,Pendle,new_build,approved,Full,2024-07-08,2024-07-15,high,Full: Demolition of existing Mosque and the erection of a replacement Mosque building (Use Class F1(f)) including the formation of 12 no. parking spaces and 10 no. cycle spaces with associated landscaping.,Jamia Masjid Usman Ghani Mosque Stanley Street Brierfield Lancashire BB9 5DL,-2.23195,53.82433,https://www.planit.org.uk/planapplic/Pendle/23/0833/FUL/
Newham/19/00985/FUL,E09000025,Newham,Newham,extension,approved,Full,2024-06-10,2019-05-29,high,"Proposed hip to gable roof extensions to 74 & 72 Selwyn Road, the installation of 14 rooflights to front and rear of 70, 72 & 74 Selwyn Road and a roof enlargement to the walkway linking no. 70 to 72 Selwyn Road as allowed on Appeal Ref: APP/G5750/W/16/3155681 dated 17.10.2016 for the existing Islam",70-74 Selwyn Road Plaistow London E13 0PY,0.02437,51.53387,https://www.planit.org.uk/planapplic/Newham/19/00985/FUL/
Sheffield/24/01233/FUL,E08000019,Sheffield,Sheffield,new_build,approved,Full,2024-05-17,2024-06-14,high,"Demolition of No. 304 Barnsley Road, erection of extension to Mosque to form prayer hall and entrance, and alterations to front elevation (Application under Section 73 to vary condition(s) 2. (approved plans) and discharge conditions 11. & 12. (surface water drainage), 16. (cycle stands) & 17. (stor",Masjid Umar Mosque 306 Barnsley Road Sheffield S4 7AH,-1.4567,53.4044,https://www.planit.org.uk/planapplic/Sheffield/24/01233/FUL/
Newham/23/01216/VAR,E09000025,Newham,Newham,new_build,approved,Conditions,2024-05-16,2024-05-01,high,Section 73 application to vary Condition 2 (Approved documents ) To include the new proposed basement plan for the provision of a Basement for use as plant attached to planning permission 18/02191/FUL dated 18th July 2019 which granted permission for Demolition of existing terrace 445-451 Romford Ro,Development Site At 445 To 451 Romford Road Forest Gate London E7 8AB,0.03463,51.5477,https://www.planit.org.uk/planapplic/Newham/23/01216/VAR/
Cardiff/23/00588/FUL,W06000015,Cardiff,Cardiff,use_to,approved,Full,2024-05-07,2024-08-13,medium,Conversion of an existing Conservative Club into an Islamic Community Centre with associated internal works and rear extensions,56 Neville Street Riverside Cardiff CF11 6LS,-3.19045,51.47962,https://www.planit.org.uk/planapplic/Cardiff/23/00588/FUL/
Sandwell/DC/24/69228,E08000028,Sandwell,Sandwell,extension,approved,Full,2024-04-11,2024-05-13,high,Proposed two storey glazed atrium to side with link bridge at first floor joining to existing mosque and single storey front lobby extension (Revision to approved planning permission DC/18/62418).,Cradley Heath Mosque And Islamic Centre Plant Street Cradley Heath B64 6EZ,-2.07542,52.47357,https://www.planit.org.uk/planapplic/Sandwell/DC/24/69228/
Manchester/139322/FO/2024,E08000003,Manchester,Manchester,new_build,approved,Full,2024-04-06,2024-05-01,high,Erection of two storey side extension to form additional accommodation associated with the existing mosque,Al-Quaba Mosque And Shahporan Centre 109 - 115 Beresford Road Manchester M13 0TA,-2.20187,53.45083,https://www.planit.org.uk/planapplic/Manchester/139322/FO/2024/
Burnley/FUL/2024/0108,E07000117,Burnley,Burnley,extension,approved,Full,2024-03-30,2024-04-30,high,"Proposed front entrance extension, new materials to external walls and new boundary wall to match existing Mosque.",Markazi Jamia Masjid Ghousia Mosque Abel Street Burnley Lancashire BB10 1QX,-2.23927,53.79989,https://www.planit.org.uk/planapplic/Burnley/FUL/2024/0108/
Sandwell/DC/24/68966,E08000028,Sandwell,Sandwell,new_build,approved,Full,2024-03-15,2024-09-06,high,Demolition of existing building and construction of new mosque and community centre with associated parking and boundary treatment.,57 To 59 Dartmouth Street And Land Adjacent 1A Duke Street West Bromwich B70 8BY,-2.00307,52.52092,https://www.planit.org.uk/planapplic/Sandwell/DC/24/68966/
Nottingham/23/02133/PFUL3,E06000018,Nottingham,Nottingham,demolition,pending,Full,2024-03-15,,high,"Demolition of existing garages to provide proposed Masjid (Mosque) and Madrasa (Teaching facility) with ancillary buildings to include seating area 1 storey pagoda, 2 x 4 bed houses for Priest and Assistant, 1 storey unit for 2 studio caretakers accommodation & amenity space.",Site Of Garage Block West Of 206 Cinderhill Road Occupation Road Nottingham Nottingham City NG6 8RD,-1.20178,52.99207,https://www.planit.org.uk/planapplic/Nottingham/23/02133/PFUL3/
Cardiff/23/02402/FUL,W06000015,Cardiff,Cardiff,other,pending,Full,2024-03-07,,high,"Proposed Madina Mosque and Community Centre including landscaping, highways, parking, drainage and associated works.",Madina Masjid Mosque Lucas Street Cathays Cardiff CF24 4NZ,-3.17544,51.49593,https://www.planit.org.uk/planapplic/Cardiff/23/02402/FUL/
Charnwood/P/21/2452/2,E07000130,Charnwood,Charnwood,extension,pending,Full,2024-02-13,,high,Raising of the height of external walls and roof of mosque,"80A Rendell Street, Loughborough, Leicestershire, LE11 1LL",-1.20567,52.7781,https://www.planit.org.uk/planapplic/Charnwood/P/21/2452/2/
Hull/23/03535/FULL,E06000010,"Kingston upon Hull, City of",Hull,extension,approved,Full,2024-01-31,2024-02-02,high,"Proposed Side and Rear Extension to Existing Mosque, comprising two storey side extension and single storey rear extension, and associated landscaping works.",Al-Salam Mosque 153 Boulevard Kingston Upon Hull HU3 3EJ,-0.36443,53.73773,https://www.planit.org.uk/planapplic/Hull/23/03535/FULL/
Tendring/23/01757/FUL,E07000076,Tendring,Tendring,use_to,pending,Full,2024-01-31,,high,Change of use from a dance studio to a Mosque-Community Centre. Alterations to front and side elevations and addition of a pergola roof over the side access.,610 Main Road Harwich Essex CO12 4LW,1.25309,51.93279,https://www.planit.org.uk/planapplic/Tendring/23/01757/FUL/
TowerHamlets/PA/23/02332/NC,E09000030,Tower Hamlets,Tower Hamlets,use_to,approved,Full,2024-01-30,2024-02-13,high,Alterations and extension to existing building in connection with the change of use from doctors? surgery (Use Class E (e)) to cultural centre and mosque (Use Class F1 (f)),"2A Ettrick Street, London, E14 0PU",-0.00529,51.51435,https://www.planit.org.uk/planapplic/TowerHamlets/PA/23/02332/NC/
Merton/23/P0217/INVALID,E09000024,Merton,Merton,admin,withdrawn,Conditions,2024-01-23,,high,APPLICATION FOR VARIATION OF CONDITION 1 (TO EXTEND PERIOD OF PERMISSION) ATTACHED TO LBM PLANNING APPLICATION 19/P0139 RELATING TO THE APPLICATION TO VARY CONDITION 1 (TO EXTEND PERIOD OF PERMISSION) ATTACHED TO LBM VARIATION OF CONDITION 17/P0232 ATTACHED TO LBM PLANNING PERMISSION 14/P4433 FOR TH,"54 Merton High Street London, SW19 1DH",-0.18345,51.41636,https://www.planit.org.uk/planapplic/Merton/23/P0217/INVALID/
Bristol/23/04756/F,E06000023,"Bristol, City of",Bristol,extension,approved,Full,2024-01-04,2024-04-09,high,To extend the north east entrance to the mosque and alter part of the elevation design on the north and south east along with adding new entrance to the south west elevation and a minaret to the north east corner of the building.,Jalalabad Cultural Centre Mosque 147 - 149 Fishponds Road Eastville Bristol BS5 6PR,-2.55838,51.47293,https://www.planit.org.uk/planapplic/Bristol/23/04756/F/
Bristol/23/00843/F,E06000023,"Bristol, City of",Bristol,extension,withdrawn,Full,2023-12-13,2025-05-16,high,"A double storey front extension to the mosque to provide janazah room, office and service hall on the ground floor and additional prayer hall on the first floor.",Al Baseera Mosque 20 Wade Street Bristol BS2 9DR,-2.57983,51.45916,https://www.planit.org.uk/planapplic/Bristol/23/00843/F/
Kirklees/2023/93198,E08000034,Kirklees,Kirklees,other,pending,Full,2023-12-11,,high,Alterations to convert mosque to one dwelling,"2, William Street, Dewsbury, WF13 4AY",-1.65528,53.7066,https://www.planit.org.uk/planapplic/Kirklees/2023/93198/
Blackburn/10/23/1089,E06000008,Blackburn with Darwen,Blackburn,use_to,withdrawn,Full,2023-12-06,,medium,"Change of use of existing vacant dwelling house into Islamic education centre for girls only with staff room and associated facilities with erection of double storey side extension, double and single storey rear extension and rear dormer",44 Bold Street Blackburn BB1 7ES,-2.48581,53.75353,https://www.planit.org.uk/planapplic/Blackburn/10/23/1089/
Blackburn/10/23/0482,E06000008,Blackburn with Darwen,Blackburn,extension,refused,Conditions,2023-11-24,2023-11-24,medium,"Removal of condition No.6 pursuant to planning application 10/21/0628 'Retrospective planning application for two storey detached Islamic Education Centre' - ""There shall be no external amplified call to prayer from the premises""",New Mosque Building Land at rear of Whitehead Street & Foxhouse Street Blackburn,-2.49939,53.74879,https://www.planit.org.uk/planapplic/Blackburn/10/23/0482/
Sandwell/DC/23/68752,E08000028,Sandwell,Sandwell,use_to,approved,Amendment,2023-11-21,2024-04-12,high,"Proposed change of use from Industrial (Class B2) to a mosque (Class F1), and first floor extension with mezzanine floor.",Alexander Works Oldbury Road Smethwick B66 1NH,-1.99337,52.50242,https://www.planit.org.uk/planapplic/Sandwell/DC/23/68752/
Glasgow/18/00038/FUL,S12000049,Glasgow City,Glasgow,new_build,approved,Full,2023-11-18,2018-03-08,high,Erection of single storey extension to mosque.,425 Paisley Road West Glasgow G51 1PZ,-4.29884,55.85077,https://www.planit.org.uk/planapplic/Glasgow/18/00038/FUL/
Brent/23/2825,E09000005,Brent,Brent,other,refused,Full,2023-11-14,2024-01-10,high,Proposed first floor front and side extensions and provision of access ramp to Mosque,"Imam Hussain Mosque, 14 Brondesbury Road, London, NW6 6AS",-0.19486,51.5379,https://www.planit.org.uk/planapplic/Brent/23/2825/
WestNorthamptonshire/N/2014/1015,E06000062,West Northamptonshire,West Northamptonshire,extension,refused,Full,2023-11-13,2014-11-14,high,"Alterations and extensions to existing mosque including increasing building height, alteration to front elevation, new rear extensions, new lightwells to basement and new external fire escape","41 - 43 Argyle Street, Northampton, Northamptonshire, NN5 5LJ",-0.91746,52.24118,https://www.planit.org.uk/planapplic/WestNorthamptonshire/N/2014/1015/
WestNorthamptonshire/N/2015/0626,E06000062,West Northamptonshire,West Northamptonshire,extension,approved,Full,2023-11-11,2015-08-10,high,"Alterations and extensions to existing mosque including increasing building height, alteration to front elevation, new rear extensions, new lightwells to basement and new external fire escape","Al Jamaat-Ul-Muslimin, 41 - 43 Argyle Street, Northampton, Northamptonshire, NN5 5LJ",-0.91746,52.24118,https://www.planit.org.uk/planapplic/WestNorthamptonshire/N/2015/0626/
SouthSomerset/16/00389/FUL,E06000066,Somerset,South Somerset,use_away,approved,Full,2023-11-04,2016-07-07,high,Conversion of existing offices to four one bedroom apartments & external alterations to the facade of the approved Mosque,79 Sherborne Road Yeovil Somerset BA21 4HE,-2.62309,50.94412,https://www.planit.org.uk/planapplic/SouthSomerset/16/00389/FUL/
Wakefield/23/01465/FUL,E08000036,Wakefield,Wakefield,use_to,withdrawn,Full,2023-11-02,2023-12-07,high,Internal works at units 33-36 to form a short stay car and cycle parking and lift on the ground level with new roller shutter door to unit 34 and a new entrance door to unit 36. Change of use of the 1st floor to form a mosque [use class F1(F)].,Units 33-36 (ground And First Floors) The Ridings Centre Almshouse Lane Wakefield WF1 1DX,-1.4947,53.68174,https://www.planit.org.uk/planapplic/Wakefield/23/01465/FUL/
Reigate/23/01870/F,E07000211,Reigate and Banstead,Reigate,extension,approved,Full,2023-11-01,2023-12-04,high,Proposed extension of existing mosque building.,Masjid Al Yaqeen 28 Warwick Road Redhill Surrey RH1 1BU,-0.17103,51.24207,https://www.planit.org.uk/planapplic/Reigate/23/01870/F/
Newham/18/02191/FUL,E09000025,Newham,Newham,new_build,approved,Full,2023-10-21,2019-07-18,high,Demolition of existing terrace 445-451 Romford Road and erection of new four-storey mosque and school with change of use to 445 Romford Road (This application site is adjoining The Woodgrange Estate and Romford Road Conservation Areas).,Development Site At 445 To 451 Romford Road Forest Gate London E7 8AB,0.03472,51.54777,https://www.planit.org.uk/planapplic/Newham/18/02191/FUL/
Bradford/23/03210/FUL,E08000032,Bradford,Bradford,new_build,approved,Full,2023-10-18,2023-11-06,high,Demolition of existing single storey front extension. Construction of two storey front and side extensions to form an annexe to existing Mosque,Tawakkulia Mosque 48 Cornwall Road Bradford West Yorkshire BD8 7JN,-1.75808,53.80252,https://www.planit.org.uk/planapplic/Bradford/23/03210/FUL/
Bradford/23/03178/FUL,E08000032,Bradford,Bradford,use_to,approved,Full,2023-10-13,2023-10-23,high,"Change of use of first and second floor of former Bathroom Showroom to Masjid, Madrassah and Community Use (sui generis) - resubmission of approval No 23/00050/FUL",Binbrook Mill Young Street Bradford West Yorkshire BD8 9RE,-1.79014,53.79716,https://www.planit.org.uk/planapplic/Bradford/23/03178/FUL/
Wakefield/22/02456/S7301,E08000036,Wakefield,Wakefield,admin,approved,Amendment,2023-09-28,2023-12-06,high,Variation of condition 2 (approved plans) of approved application 22/02456/FUL dated 20.04.2023 [Proposed demolition of existing Mosque and erection of new 2 storey mosque] to reduce the size of the Mosque amend window layout and external stairs and increase the height.,Mosque Park Hill Lane Wakefield WF1 4NJ,-1.48591,53.68183,https://www.planit.org.uk/planapplic/Wakefield/22/02456/S7301/
Middlesbrough/23/0229/MAJ,E06000002,Middlesbrough,Middlesbrough,new_build,refused,Other,2023-09-14,2024-02-02,high,"Erection of 5 storey building to accommodate a mixed use development to consist of a mosque, community centre including offices/gym and communal café with outdoor roof terrace, and 3no 4-5 bed student accommodation pods, to include 21no basement car park, new access arrangements and associated hard ","30, Southfield Road, Middlesbrough, Middlesbrough, TS1 3EX",-1.23128,54.57047,https://www.planit.org.uk/planapplic/Middlesbrough/23/0229/MAJ/
Cardiff/23/01660/FUL,W06000015,Cardiff,Cardiff,use_to,withdrawn,Full,2023-09-08,2023-11-28,medium,Change of use to Islamic Community Centre.,29 - 30 Clifton Street Adamsdown Cardiff CF24 1LQ,-3.15764,51.48558,https://www.planit.org.uk/planapplic/Cardiff/23/01660/FUL/
Merton/23/P1706/INVALID,E09000024,Merton,Merton,new_build,approved,Full,2023-08-24,2023-09-08,high,RETENTION OF USE OF A PART TWO PART SINGLE STOREY TEMPORARY BUILDING TO ACCOMMODATE PRAYING FACILITIES AND WC FACILITIES FOR THE DURATION OF THE CONSTRUCTION OF THE NEW MOSQUE FOR 3 YEARS,"54 Merton High Street London, SW19 1DH",-0.18345,51.41636,https://www.planit.org.uk/planapplic/Merton/23/P1706/INVALID/
Merton/23/P1706,E09000024,Merton,Merton,new_build,approved,Full,2023-08-24,2023-09-08,high,RETENTION OF USE OF A PART TWO PART SINGLE STOREY TEMPORARY BUILDING TO ACCOMMODATE PRAYING FACILITIES AND WC FACILITIES FOR THE DURATION OF THE CONSTRUCTION OF THE NEW MOSQUE FOR 3 YEARS,"54 Merton High Street London, SW19 1DH",-0.18345,51.41636,https://www.planit.org.uk/planapplic/Merton/23/P1706/
Manchester/134923/FO/2022,E08000003,Manchester,Manchester,new_build,approved,Full,2023-08-23,2023-09-22,high,Erection of single storey rear extensions to mosque,11A Bedford Avenue Manchester M16 8JS,-2.26291,53.44735,https://www.planit.org.uk/planapplic/Manchester/134923/FO/2022/
Clackmannanshire/23/00150/FULL,S12000005,Clackmannanshire,Clackmannanshire,use_to,approved,Full,2023-07-28,2023-09-05,high,Change of Use Of First Floor Store To Create Additional Meeting Room For Mosque (Class 10),97 Whins Road Alloa Clackmannanshire FK10 3RF,-3.78168,56.12006,https://www.planit.org.uk/planapplic/Clackmannanshire/23/00150/FULL/
Bradford/23/01819/VOC,E08000032,Bradford,Bradford,admin,approved,Conditions,2023-07-28,2023-09-15,high,Variation of Condition 2 (approved plans) of planning permission 22/03678/MAF for Demolition of mosque and construction of replacement new build mosque: To substitute drawings showing proposed changes,58 - 62 St Margarets Road Bradford West Yorkshire BD7 3AE,-1.77529,53.78852,https://www.planit.org.uk/planapplic/Bradford/23/01819/VOC/
Worcester/23/00478/FUL,E07000237,Worcester,Worcester,new_build,approved,Conditions,2023-07-05,2023-09-07,high,"Variation to condition 1 planning approval 22/00680/FUL (Erection of Mosque, 4 x two bed apartments, sports / community facility and associated works including access, parking and landscaping – variation of planning approval P18D0362.) to allow for changes to proposed material finish to metalwork; r",Unity House Stanley Road Worcester WR5 1BE,-2.21141,52.19155,https://www.planit.org.uk/planapplic/Worcester/23/00478/FUL/
Stoke/62318/PLOB,E06000021,Stoke-on-Trent,Stoke on Trent,new_build,withdrawn,Conditions,2023-07-05,2018-06-20,high,Variation of Section 106 legal agreement associated with planning permission 51625/FUL (Erection of a three storey mosque with associated parking and landscaping),"Unit 1, Denton Works and land opposite on Chaplin Road, Longton, Stoke-on-Trent, ST3 4QQ",-2.12209,52.98158,https://www.planit.org.uk/planapplic/Stoke/62318/PLOB/
Merton/17/P2638/INVALID,E09000024,Merton,Merton,admin,withdrawn,Conditions,2023-07-05,2018-02-15,high,"APPLICATION FOR VARIATION OF CONDITION 2 ATTACHED TO PLANNING APPLICATION 10/P1756 RELATING TO INSTALL A REAR CAR LIFT WITHIN LBM PLANNING PERMISSION 10/P1756 RELATING TO THE ERECTION OF A NEW PART TWO, PART THREE STOREY MOSQUE, PLUS BASEMENT, DOME AND MINARET INVOLVING DEMOLITION OF EXISTING SINGLE",Mosque 54 Merton High Street Colliers Wood SW19 1DH,-0.18345,51.41636,https://www.planit.org.uk/planapplic/Merton/17/P2638/INVALID/
Bury/69525,E08000002,Bury,Bury,admin,withdrawn,Outline,2023-06-27,2023-07-18,high,"Demolition of existing mosque and Outline proposal for the erection of replacement mosque/Islamic Centre (Class F1(f)) with details of access and layout (reserved matters for appearance, landscaping and scale)","52 Bury Old Road, Prestwich, Manchester, M25 0ER",-2.2605,53.52095,https://www.planit.org.uk/planapplic/Bury/69525/
Leeds/22/00991/FU,E08000035,Leeds,Leeds,extension,approved,Full,2023-06-17,2022-07-08,high,Single storey side and rear extension forming multi purpose facility to existing Mosque,9 Woodsley Road Woodhouse Leeds LS6 1SN,-1.5683,53.80635,https://www.planit.org.uk/planapplic/Leeds/22/00991/FU/
Merton/16/P4715/INVALID,E09000024,Merton,Merton,other,withdrawn,Full,2023-06-17,2017-07-11,high,CONTINUED USE OF TEMPORARY BUILDING FOR PRAYER USE (WITH WC) FOR THE DURATION OF CONSTRUCTION WORK ON THE NEW MOSQUE,54 Merton High Street Colliers Wood SW19 1DH,-0.18345,51.41636,https://www.planit.org.uk/planapplic/Merton/16/P4715/INVALID/
Merton/16/P4559,E09000024,Merton,Merton,admin,approved,Outline,2023-06-17,2016-12-19,high,PRIOR APPROVAL FOR THE DEMOLITION OF 2100 SQUARE METRES OF FIRE-DAMAGED MOSQUE,Baitul Futuh Mosque 181 London Road Morden SM4,-0.19975,51.39729,https://www.planit.org.uk/planapplic/Merton/16/P4559/
Luton/16/00085/AMEND,E06000032,Luton,Luton,new_build,approved,Amendment,2023-06-17,2016-04-22,high,"Creation of additional floor over existing Mosque, erection of a rear extension to current building at first floor level and erection of a minaret - Resubmission - Non - Material Amendment of planning permission 13/01578/FUL dated 3rd July 2014.",Jalal Islamic Mosque 314 Biscot Road Luton Bedfordshire LU3 1AZ,-0.43217,51.89576,https://www.planit.org.uk/planapplic/Luton/16/00085/AMEND/
Leeds/15/00843/FU,E08000035,Leeds,Leeds,use_to,refused,Full,2023-06-17,2015-06-16,high,Change of use of existing education centre and prayer rooms (number 71) and change of use of dwelling (number 69) to form education centre and mosque,69 And 71 Mexborough Drive Chapeltown Leeds LS7 3EL,-1.53612,53.81515,https://www.planit.org.uk/planapplic/Leeds/15/00843/FU/
Leeds/14/06644/FU,E08000035,Leeds,Leeds,new_build,approved,Full,2023-06-17,2015-08-17,high,"Retrospective application for replacement mosque; single storey extensions to east and west elevations, alterations to windows",Central Jamia Mosque 7 Brooklyn Terrace Armley Leeds LS12 2BX,-1.58593,53.79565,https://www.planit.org.uk/planapplic/Leeds/14/06644/FU/
Leeds/14/06372/FU,E08000035,Leeds,Leeds,other,approved,Full,2023-06-17,2015-01-06,high,"Alterations including two ground floor extensions, two first floor extensions and new dome to mosque",Leeds Grand Mosque 9 Woodsley Road Woodhouse Leeds LS6 1SN,-1.56824,53.80635,https://www.planit.org.uk/planapplic/Leeds/14/06372/FU/
Leeds/14/9/00181/MOD,E08000035,Leeds,Leeds,admin,refused,Amendment,2023-06-17,2014-10-08,high,Alterations including two storey front and rear extension and new first floor extension to existing mosque- NON MATERIAL AMENDMENT to 09/02700/FU.,Central Jamia Mosque 7 Brooklyn Terrace Armley Leeds LS12 2BX,-1.5859,53.79565,https://www.planit.org.uk/planapplic/Leeds/14/9/00181/MOD/
Luton/14/00860/DOC,E06000032,Luton,Luton,admin,approved,Conditions,2023-06-17,2014-10-27,high,"Change of Use from retail to Mosque and community use, minor external alteration and extensions to front of building - Resubmission.Discharge of condition 6 (materials) of planning permission 13/00916/FUL dated 18th October 2013.",2 - 32 Beechwood Road Luton Bedfordshire LU4 8RP,-0.4489,51.89323,https://www.planit.org.uk/planapplic/Luton/14/00860/DOC/
Bradford/98/02238/NMA01,E08000032,Bradford,Bradford,admin,approved,Amendment,2023-06-17,2014-06-25,high,"Non material amendment to permission 98/02238/FUL dated 12.10.99 (Construction of mosque, community centre, house and ancillary car park) for: relocation of pedestrian gate",Suffa Tul Islam Central Mosque Horton Park Avenue Bradford West Yorkshire BD5 0LD,-1.76935,53.78435,https://www.planit.org.uk/planapplic/Bradford/98/02238/NMA01/
Merton/14/P0974,E09000024,Merton,Merton,admin,approved,Conditions,2023-06-17,2014-04-25,high,"APPLICATION FOR DISCHARGE OF CONDITION 3 & 15 ATTACHED TO LBM APPLICATION 10/P1756 DATED 26/04/2011 RELATING TO ERECTION OF A NEW PART TWO, PART THREE STOREY MOSQUE, PLUS BASEMENT, DOME AND MINARET INVOLVING DEMOLITION OF EXISTING SINGLE STOREY MOSQUE","54 MERTON HIGH STREET, LONDON, SW19",-0.18345,51.41636,https://www.planit.org.uk/planapplic/Merton/14/P0974/
Liverpool/PL/INV/0650/15,E08000012,Liverpool,Liverpool,extension,pending,Full,2023-06-17,,medium,Change of Use from a garage to a Community Centre. Activities proposed are as follows: Educartional Services Study circles Children¿s classes Civic & Islamic lectures Adult Education Cultural & Religious Services Day Centre for elderly Muslims (ground floor) Social and Family Multi-Purpose Event Hal,102 B Smithdown Road Picton Liverpool Merseyside L7 4JQ,-2.94508,53.39684,https://www.planit.org.uk/planapplic/Liverpool/PL/INV/0650/15/
Waverley/NMA/2016/0090,E07000216,Waverley,Waverley,extension,refused,Amendment,2023-06-12,2016-07-28,high,Amendment to wa/2015/0075 to provide relocation of entrances to blocks 1 & s 5 14 - 16 guest house; alterations to roof of blocks 6; increase in size and relocation of kitchen to multI purpose assembly hall; alterations to scale of mosque and alteratio,"Islamabad Ahmadiyya Muslim Centre, Sheephatch Lane, Tilford, Surrey",-0.75602,51.19342,https://www.planit.org.uk/planapplic/Waverley/NMA/2016/0090/
Wandsworth/2015/0794,E09000032,Wandsworth,Wandsworth,new_build,approved,Full,2023-06-12,2016-02-24,high,"Details of materials, screening to roof terrace and boundary treatment pursuant to conditions 2, 3 and 5 of planning permission ref 2012/2491 dated 15/04/2013 (demolition of former mosque building to rear of 15 Laitwood Road, and construction of a part single, part two-storey building providing a si",15 Laitwood Road SW12 9QN,-0.14911,51.44523,https://www.planit.org.uk/planapplic/Wandsworth/2015/0794/
Waverley/WA/2015/0075,E07000216,Waverley,Waverley,new_build,approved,Full,2023-06-12,2015-10-28,high,Erection of educational and office buildings ancillary residential accommodation and mosque following demolition of existing buildings; provision of improved landscaping and drainage system (as amended by plans received 05/03/2015 and amplified by plans,"Islamabad, Sheephatch Lane, Tilford, Farnham, Surrey, GU10 2AQ",-0.75602,51.19342,https://www.planit.org.uk/planapplic/Waverley/WA/2015/0075/
Walsall/14/0774/RM,E08000030,Walsall,Walsall,admin,approved,Outline,2023-06-12,2014-08-22,high,"Reserved Matters proposal pursuant to outline permission 13/0615/OL for demolition of existing building, erection of mosque and boundary fence (for consideration of access, appearance, landscaping, layout and scale).","48 COOK STREET,WEDNESBURY,WS10 9RW",-2.02098,52.56965,https://www.planit.org.uk/planapplic/Walsall/14/0774/RM/
Peterborough/21/00118/OUT,E06000031,Peterborough,Peterborough,extension,pending,Outline,2023-06-11,,high,Proposed two storey building for use associated with the mosque including residential accommodation,Masjid Ghousia 406 Gladstone Street Millfield Peterborough PE1 2BY,-0.25169,52.58555,https://www.planit.org.uk/planapplic/Peterborough/21/00118/OUT/
Ealing/163242VAR,E09000009,Ealing,Ealing,admin,approved,Conditions,2023-06-11,2016-09-16,high,"Variation of condition 10 (Sound limiting device) of planning reference number P/2013/1819 dated 15/03/2016 for, 'Construction of a three storey building plus basement (Use Class D1) for use as a place of worship, education, training and other community facilities (following demolition of the existi",11 Boyd Avenue Southall Middlesex UB1 3BT,-0.37308,51.51004,https://www.planit.org.uk/planapplic/Ealing/163242VAR/
Preston/IV/2015/0876,E07000123,Preston,Preston,new_build,pending,Full,2023-06-11,,high,"Construction of 7 no.car parking spaces to rear for use by adjacent mosque, improvements to existing access and replacement of frontage wall",47 Watling Street Road Fulwood Preston Lancashire PR2 8EA,-2.70374,53.77788,https://www.planit.org.uk/planapplic/Preston/IV/2015/0876/
Preston/IV/2015/0875,E07000123,Preston,Preston,admin,pending,Conditions,2023-06-11,,high,Variation of conditions 2 and 3 of 06/2012/0036 for mosque to vary the approved plans to replace teaching rooms with first floor overflow prayer hall and second floor female prayer halls and to further restrict the use of the premises to a mosque only and not a madressa,49 Watling Street Road Fulwood Preston Lancashire PR2 8EA,-2.70374,53.77788,https://www.planit.org.uk/planapplic/Preston/IV/2015/0875/
Blackburn/10/16/0654/NEW,E06000008,Blackburn with Darwen,Blackburn,admin,approved,Conditions,2023-06-10,2016-07-25,high,"Demolition of existing building and erection of a two storey building for use as a Mosque and Madrassah together with car parking, landscaping and altered vehicular access, pursuant to a variation of conditions 2,3,6,11,14,16 & 22 on application 10/14/1277, to read: Prior to commencement of developm",30 Shear Bank Road BLACKBURN BB1 8AZ,-2.49097,53.75617,https://www.planit.org.uk/planapplic/Blackburn/10/16/0654/NEW/
Blackburn/10/16/0654,E06000008,Blackburn with Darwen,Blackburn,admin,approved,Conditions,2023-06-10,2016-07-25,high,"Demolition of existing building and erection of a two storey building for use as a Mosque and Madrassah together with car parking, landscaping and altered vehicular access, pursuant to a variation of conditions 2,3,6,11,14,16 & 22 on application 10/14/1277, to read: Prior to commencement of developm",30 Shear Bank Road BLACKBURN BB1 8AZ,-2.49097,53.75617,https://www.planit.org.uk/planapplic/Blackburn/10/16/0654/
Blackburn/10/15/0104,E06000008,Blackburn with Darwen,Blackburn,admin,approved,Amendment,2023-06-10,2015-05-06,high,Certificate of lawful (Exisitng) two storey extension to mosque,21 Victoria Street Darwen BB3 3HB,-2.46517,53.69465,https://www.planit.org.uk/planapplic/Blackburn/10/15/0104/
Blackburn/10/15/0104/NEW,E06000008,Blackburn with Darwen,Blackburn,admin,approved,Amendment,2023-06-10,2015-05-06,high,Certificate of lawful (Exisitng) two storey extension to mosque,21 Victoria Street Darwen BB3 3HB,-2.46517,53.69465,https://www.planit.org.uk/planapplic/Blackburn/10/15/0104/NEW/
Ceredigion/A140359,W06000008,Ceredigion,Ceredigion,other,approved,Full,2023-06-10,2014-10-21,medium,Islamic Cultural Centre,"Royal Oak, Quay Street, Cardigan, SA43 1HR",-4.66306,52.08177,https://www.planit.org.uk/planapplic/Ceredigion/A140359/
Derby/20/00669/FUL,E06000015,Derby,Derby,use_to,approved,Full,2023-05-20,2021-05-21,high,"Single storey side and first floor rear extensions to Mosque, alterations to the car park and change of use and alterations to garage to form storage area",Islamic Centre Sacheverel Street Derby DE1 2JR,-1.47619,52.9173,https://www.planit.org.uk/planapplic/Derby/20/00669/FUL/
TowerHamlets/PA/16/03484/S,E09000030,Tower Hamlets,Tower Hamlets,other,approved,Conditions,2023-05-20,2017-06-01,high,"Submission of information for compliance of Schedule 7, paragraph 1.2 (Mosque Occupier's Travel Plan and School Occupier's Travel Plan) of the Section 106 Agreement dated 31st March 2015, attached to planning permission PA/14/02618.","Land Between St Pauls Way and Masjid Lane, including Linton House, Printon house and the Burdett Estate Community Centre, St Pauls Way, E3",-0.02711,51.51737,https://www.planit.org.uk/planapplic/TowerHamlets/PA/16/03484/S/
TowerHamlets/PA/16/03484,E09000030,Tower Hamlets,Tower Hamlets,other,approved,Conditions,2023-05-20,2017-06-01,high,"Submission of information for compliance of Schedule 7, paragraph 1.2 (Mosque Occupier's Travel Plan and School Occupier's Travel Plan) of the Section 106 Agreement dated 31st March 2015, attached to planning permission PA/14/02618.","Land Between St Pauls Way and Masjid Lane, including Linton House, Printon house and the Burdett Estate Community Centre, St Pauls Way, E3",-0.02711,51.51737,https://www.planit.org.uk/planapplic/TowerHamlets/PA/16/03484/
TowerHamlets/PA/16/03318/S,E09000030,Tower Hamlets,Tower Hamlets,other,approved,Conditions,2023-05-20,2016-12-13,high,Submission of details to discharge condition 4b phase 2 mosque (Validation Report) of planning permission PA/16/00071 dated 14/06/2016.,"Land Between St Pauls Way and Masjid Lane, including Linton House, Printon house and the Burdett Estate Community Centre, St Pauls Way, E3",-0.02711,51.51737,https://www.planit.org.uk/planapplic/TowerHamlets/PA/16/03318/S/
TowerHamlets/PA/16/03116,E09000030,Tower Hamlets,Tower Hamlets,other,approved,Conditions,2023-05-20,2017-10-12,high,Submission of Details to Discharge Condition No.4A (Mosque Travel Plan) of Planning Permission Ref: PA/15/01061 Dated 24/09/2016,"East London Mosque, 100 Whitechapel Road, London, E1 1JG",-0.06525,51.51725,https://www.planit.org.uk/planapplic/TowerHamlets/PA/16/03116/
TowerHamlets/PA/16/03116/S,E09000030,Tower Hamlets,Tower Hamlets,other,approved,Conditions,2023-05-20,2017-10-12,high,Submission of Details to Discharge Condition No.4A (Mosque Travel Plan) of Planning Permission Ref: PA/15/01061 Dated 24/09/2016,"East London Mosque, 100 Whitechapel Road, London, E1 1JG",-0.06525,51.51725,https://www.planit.org.uk/planapplic/TowerHamlets/PA/16/03116/S/
Newham/15/03660/FUL,E09000025,Newham,Newham,extension,approved,Full,2023-05-20,2016-06-13,high,Proposed ground and first floor rear extension with external staircase to the east elevation. The proposed extension at first floor level will provide 1 x 2 bed accommodation ancillary to the current use of the mosque.,Baitul Ahad Mosque 56 Tudor Road East Ham London E6 1DR,0.03905,51.53384,https://www.planit.org.uk/planapplic/Newham/15/03660/FUL/
Birmingham/2015/10561/PA,E08000025,Birmingham,Birmingham,demolition,withdrawn,Full,2023-05-20,,high,"Demolition of doctors surgery and the provision of a two storey side and rear extensions to the existing Mosque, the provision of 4 no. minarets and associated site works",Jamatia Islamic Centre 179 - 183 Woodlands Road Sparkhill Birmingham B11 4ER,-1.86215,52.44346,https://www.planit.org.uk/planapplic/Birmingham/2015/10561/PA/
Birmingham/2015/07472/PA,E08000025,Birmingham,Birmingham,use_to,withdrawn,Full,2023-05-20,,high,Change of use from car showroom (Sui Generis) to new prayer hall (D1) associated with adjacent existing mosque and associated internal works,519 Moseley Road Sparkbrook Birmingham B12 9BX,-1.8855,52.45892,https://www.planit.org.uk/planapplic/Birmingham/2015/07472/PA/
Manchester/108028/LE/2015/N2,E08000003,Manchester,Manchester,admin,approved,Amendment,2023-05-20,2015-04-23,high,"Certificate of Lawful development for use of premises as a Class D1, Mosque, prayer hall, community centre.",50A Birch Lane Longsight Manchester M13 0WN,-2.20544,53.45709,https://www.planit.org.uk/planapplic/Manchester/108028/LE/2015/N2/
Hackney/2015/0136,E09000012,Hackney,Hackney,new_build,withdrawn,Full,2023-05-20,,high,Demolition of existing building and erection of three storey plus basement to form Mosque and 3x1 bed flats at second and roof space floor,The Brunswick Arms 237 Well Street Hackney London E9 6RG,-0.04706,51.54434,https://www.planit.org.uk/planapplic/Hackney/2015/0136/
TowerHamlets/PA/14/01656,E09000030,Tower Hamlets,Tower Hamlets,demolition,approved,Outline,2023-05-20,2014-09-09,high,"Request for Screening Opinion as to whether an Environmental Impact Assessment is required in support of an application E14 to demolish the existing Linton House, Printon House, community centre and mosque to create a new school with a community hall, new mosque and residential dwellings.","Land south of, St Pauls Way, between Perkins House and Bredel House London, E14",-0.02691,51.51726,https://www.planit.org.uk/planapplic/TowerHamlets/PA/14/01656/
TowerHamlets/PA/14/01656/NC,E09000030,Tower Hamlets,Tower Hamlets,demolition,approved,Outline,2023-05-20,2014-09-09,high,"Request for Screening Opinion as to whether an Environmental Impact Assessment is required in support of an application E14 to demolish the existing Linton House, Printon House, community centre and mosque to create a new school with a community hall, new mosque and residential dwellings.","Land south of, St Pauls Way, between Perkins House and Bredel House London, E14",-0.02691,51.51726,https://www.planit.org.uk/planapplic/TowerHamlets/PA/14/01656/NC/
Newham/16/00726/FUL,E09000025,Newham,Newham,use_to,pending,Full,2023-05-20,2016-10-17,high,"Proposed extensions to basement, ground and first floor . Conversion of attic space and extension to provide a walkway to link no. 70 to 72/74 Selwyn Road and internal alterations to provide additional classrooms and prayer room for existing Islamic Centre",70 - 74 Selwyn Road Plaistow London E13 0PY,0.02436,51.53388,https://www.planit.org.uk/planapplic/Newham/16/00726/FUL/
Aberdeen/161438/DPP,S12000033,Aberdeen City,Aberdeen,extension,approved,Full,2023-05-16,2016-11-18,high,"Extension to, and retention of, existing temporary mosque building for a period of 5 years",Aberdeen Royal Infirmary Foresterhill Road Aberdeen AB25 2ZN,-2.13141,57.15432,https://www.planit.org.uk/planapplic/Aberdeen/161438/DPP/
Bedford/16/00299/AOC,E06000055,Bedford,Bedford,use_away,approved,Conditions,2023-05-16,2016-05-19,high,"14/01196/FUL - Condition 4 - External materials (Two storey extensions to Mosque to include installation of dome and external alterations. Change of useof 1 Coventry Road from residential dwelling to mixed use storage, office and residential unit associatedwith Mosque.)",Jamia Masjid Hanfia Ghosia Ford End Road Bedford Bedfordshire MK40 4JG,-0.48294,52.13273,https://www.planit.org.uk/planapplic/Bedford/16/00299/AOC/
Kirklees/2022/91968,E08000034,Kirklees,Kirklees,new_build,pending,Full,2023-05-12,,high,"Partial demolition, rebuild and extensions and alterations to mosque (Within a Conservation Area)","Jamia Masjid Osman, 32, Upper George Street, Springwood, Huddersfield, HD1 4AW",-1.78929,53.64623,https://www.planit.org.uk/planapplic/Kirklees/2022/91968/
Cardiff/23/00496/VAR,W06000015,Cardiff,Cardiff,admin,approved,Conditions,2023-04-20,2023-08-22,high,Variation of Condition 1 of 18/00027/MJR (Alterations and Extensions to Existing Mosque) to extend the time limit for commencement of the works,Former Ian Williams Ltd Sanatorium Road Canton Cardiff CF11 8SU,-3.21365,51.47951,https://www.planit.org.uk/planapplic/Cardiff/23/00496/VAR/
Wolverhampton/23/00232/FUL,E08000031,Wolverhampton,Wolverhampton,other,approved,Full,2023-04-14,2023-05-30,high,"Proposed outbuilding ancillary to mosque, outbuilding to be used as temporary morgue and wash down facility. Additional parking.",Jama Mosque 283 Newhampton Road West Wolverhampton West Midlands WV6 0RS,-2.15237,52.59541,https://www.planit.org.uk/planapplic/Wolverhampton/23/00232/FUL/
Stockport/DC/087903,E08000007,Stockport,Stockport,admin,approved,Conditions,2023-03-14,2023-11-21,high,"Discharge of Conditions 3 (Tree Planting), 9 (External Lighting), 17 (Cycle Storage), 18 (Electric Vehicle Charging), 22 (Solar Panels) and 24 (External Plant) of planning permission reference DC/074305 for Proposed new mosque and community centre to replace existing main building, side caretaker's ",377 Wilmslow Road Heald Green Cheadle Stockport SK8 3NP,-2.21956,53.3595,https://www.planit.org.uk/planapplic/Stockport/DC/087903/
Stockport/DC/087716,E08000007,Stockport,Stockport,other,approved,Advertising,2023-02-24,2023-03-17,high,Display of 2no. internally illuminated signs at new Mosque and Community Centre,377 Wilmslow Road Heald Green Cheadle Stockport SK8 3NP,-2.21953,53.35953,https://www.planit.org.uk/planapplic/Stockport/DC/087716/
Wakefield/22/02456/FUL,E08000036,Wakefield,Wakefield,new_build,pending,Full,2023-02-16,,high,Proposed demolition of existing Mosque and erection of new 2 storey mosque,Mosque Park Hill Lane Wakefield WF1 4NJ,-1.48591,53.68183,https://www.planit.org.uk/planapplic/Wakefield/22/02456/FUL/
Bradford/23/00050/FUL,E08000032,Bradford,Bradford,use_to,approved,Full,2023-02-07,2023-03-13,high,"Change of use of first and second floor of former Bathroom Showroom to Masjid, Madrassah and Community Use (sui generis)",Binbrook Mill Young Street Bradford West Yorkshire BD8 9RE,-1.79014,53.79716,https://www.planit.org.uk/planapplic/Bradford/23/00050/FUL/
EastAyrshire/22/0666/PP,S12000008,East Ayrshire,East Ayrshire,use_to,approved,Full,2023-02-04,2023-02-24,medium,Change of Use of first floor flat to an Islamic Welfare Centre (Class 10),16 Ayr Road Cumnock East Ayrshire KA18 1DW,-4.26537,55.45298,https://www.planit.org.uk/planapplic/EastAyrshire/22/0666/PP/
Bracknell/22/00779/FUL,E06000036,Bracknell Forest,Bracknell,use_to,approved,Full,2023-01-14,2023-01-19,medium,"Section 73 application to remove condition 7 (pedestrian crossing) and vary conditions 8 (means to limit number of people), 9 (shuttle bus) and 11 (travel plan) of planning permission 19/00753/FUL for change of use from office (B1) to Islamic community centre (D1).",Unit C Cookham Road Bracknell Berkshire RG12 1RB,-0.77448,51.41525,https://www.planit.org.uk/planapplic/Bracknell/22/00779/FUL/
Oldham/FUL/350199/22,E08000004,Oldham,Oldham,new_build,approved,Full,2022-12-23,2023-01-19,high,Erection of a minaret on a mosque building.,Madina Jamia Mosque Clydesdale Street Oldham OL8 1BT,-2.11733,53.52916,https://www.planit.org.uk/planapplic/Oldham/FUL/350199/22/
Lambeth/18/01093/FUL,E09000022,Lambeth,Lambeth,new_build,approved,Full,2022-12-19,2022-12-16,medium,"Redevelopment of site involving the demolition of existing buildings with part retention of annexe and the erection of a 4 storey building (plus basement) containing an Islamic Cultural Centre for religious, educational, community and leisure use, including an ancillary gym, nursery, conference faci",8 Mitcham Lane London SW16 6NN,-0.13223,51.42865,https://www.planit.org.uk/planapplic/Lambeth/18/01093/FUL/
Redbridge/3584/22,E09000026,Redbridge,Redbridge,use_away,refused,Full,2022-12-02,2022-12-22,high,Change of use from Community non-residential education centre at ground floor and Residential at first floor to Community non-residential education centre and Mosque. (Retrospective) (summary),"208 and 208a, Green Lane, Ilford",0.09039,51.55877,https://www.planit.org.uk/planapplic/Redbridge/3584/22/
Stockton/22/1907/VARY,E06000004,Stockton-on-Tees,Stockton-on-Tees,new_build,approved,Conditions,2022-11-28,2022-11-23,high,Section 73 application to vary condition no7 (amplification equipment) of planning approval 04/3691/FUL - Erection of New Mosque with associated carparking and landscaping (demolition of existing building),Farooq E Azam Mosque And Islamic Centre Bowesfield Lane Stockton-on-Tees TS18 3EB,-1.31854,54.55966,https://www.planit.org.uk/planapplic/Stockton/22/1907/VARY/
Pendle/22/0659/FUL,E07000122,Pendle,Pendle,other,withdrawn,Full,2022-11-24,2023-10-31,high,"Full: Remodelling of land surrounding the mosque, including the provision of 49 No. additional car parking spaces and associated landscaping works, a fenced children's play area, access paths with lighting, steps within the woods, a water fountain, a 3G sports pitch and a retaining wall.",Madina Mosque 144 Manchester Road Nelson Lancashire BB9 7AH,-2.22227,53.83295,https://www.planit.org.uk/planapplic/Pendle/22/0659/FUL/
SouthTyneside/ST/0886/22/FUL,E08000023,South Tyneside,South Tyneside,extension,approved,Full,2022-11-24,2022-12-12,high,Single storey washroom extension to existing courtyard to the side/rear of the existing Battul Mamur Jaime Masjid and Islamic Centre.,Battul Mamur Jaime Masjid and Islamic Centre 50 Baring Street South Shields NE33 2DS,-1.42901,55.00129,https://www.planit.org.uk/planapplic/SouthTyneside/ST/0886/22/FUL/
Birmingham/2021/10528/PA,E08000025,Birmingham,Birmingham,new_build,approved,Full,2022-11-16,2022-12-22,high,"Erection of new mosque including basement car park, landscaping and associated works; and repair, remedial works, part-demolition and change of use of public house to community centre on ground floor and visitor accommodation on first floor (Sui Generis)",The Brookhill Tavern 484 Alum Rock Road Alum Rock Birmingham B8 3HX,-1.83927,52.48783,https://www.planit.org.uk/planapplic/Birmingham/2021/10528/PA/
Manchester/134400/FO/2022,E08000003,Manchester,Manchester,new_build,approved,Full,2022-11-07,2022-11-25,high,Erection of two storey extension and side porch extension to existing mosque to create ancillary accommodation (Class F.1 (f)),96-98 Heywood Street Manchester M8 0DT,-2.23934,53.50201,https://www.planit.org.uk/planapplic/Manchester/134400/FO/2022/
Bradford/22/03678/MAF,E08000032,Bradford,Bradford,new_build,approved,Full,2022-10-21,2023-01-12,high,Demolition of mosque and construction of replacement new build mosque,58 - 62 St Margarets Road Bradford West Yorkshire BD7 3AE,-1.77529,53.78852,https://www.planit.org.uk/planapplic/Bradford/22/03678/MAF/
Manchester/134270/FO/2022,E08000003,Manchester,Manchester,new_build,approved,Full,2022-10-13,2022-11-29,high,"Erection of an infill extension between existing mosque and existing hall fronting onto Beresford Road, and erection of first floor extension above the existing hall, creation of a mezzanine floor within the mosque, together with re-configuration of the external areas including car parking, bin stor",49 Beresford Road Manchester M13 0GT,-2.20363,53.45336,https://www.planit.org.uk/planapplic/Manchester/134270/FO/2022/
Salford/22/80281/FUL,E08000006,Salford,Salford,use_to,approved,Full,2022-10-08,2022-11-29,high,"Change of use from pet grooming salon and first floor flat to Islamic Centre. Development includes rear and side basement and ground floor extension, disabled access ramp, rear fire escape and associated alterations to elevations and landscaping works.","669 Liverpool Road, Irlam, Salford, M44 5GQ",-2.43243,53.43231,https://www.planit.org.uk/planapplic/Salford/22/80281/FUL/
Worcester/22/00680/FUL,E07000237,Worcester,Worcester,admin,approved,Conditions,2022-10-07,2022-12-16,high,"Variation of conditions 2 and 31 of planning approval P18D0362 (Erection of Mosque, 4 x two bed apartments, sports / community facility and associated works including access, parking and landscaping.) to allow for changes to the approved external materials to the Mosque.",Unity House Stanley Road Worcester WR5 1BE,-2.21141,52.19155,https://www.planit.org.uk/planapplic/Worcester/22/00680/FUL/
SouthTyneside/ST/0287/22/OUT,E08000023,South Tyneside,South Tyneside,new_build,approved,Outline,2022-09-23,2022-10-14,high,"Outline planning consent sought with all matters reserved except access for the construction of a new Mosque and base for the Bangladeshi Muslim Cultural Association to include a gym, office, kitchen and sanitary facilities at basement level, a multi-purpose room, 2no. shop units, a coffee shop and ",Site of Former The Bizz Bar 96 - 98 Ocean Road South Shields,-1.42837,54.99946,https://www.planit.org.uk/planapplic/SouthTyneside/ST/0287/22/OUT/
Stoke/66614/FUL,E06000021,Stoke-on-Trent,Stoke on Trent,new_build,approved,Full,2022-08-02,2022-01-27,high,Demolition of existing mosque and erection of new 2 storey mosque,"Ghausia Mosque, 191 Waterloo Road, Stoke-on-Trent, ST6 2HJ",-2.18999,53.03892,https://www.planit.org.uk/planapplic/Stoke/66614/FUL/
BromsgroveRedditch/21/00589/FUL,E07000236,Redditch,Bromsgrove Redditch,use_to,approved,Full,2022-07-30,2022-03-07,high,Change of use from mosque to mixed used of Mosque & HMO (C4) comprising 26 bedrooms,Redditch Mosque 28 Easemore Road Redditch Worcestershire B98 8HA,-1.93781,52.30866,https://www.planit.org.uk/planapplic/BromsgroveRedditch/21/00589/FUL/
Bradford/22/02742/REM,E08000032,Bradford,Bradford,admin,approved,Outline,2022-07-22,2022-08-08,high,Reserved matters application requesting consideration of appearance and landscaping for construction of mosque and community centre (pursuant to outline approval 20/02593/OUT),The Fountain Heaton Road Bradford West Yorkshire BD9 4DQ,-1.784,53.8136,https://www.planit.org.uk/planapplic/Bradford/22/02742/REM/
Bradford/22/01632/FUL,E08000032,Bradford,Bradford,other,approved,Full,2022-06-10,2022-10-24,high,Siting of three temporary buildings for a period of 3 years for use as a Mosque and community centre.,Madinat Al Zahra Bartle Lane Bradford West Yorkshire BD7 4QF,-1.79082,53.77842,https://www.planit.org.uk/planapplic/Bradford/22/01632/FUL/
Walsall/22/0519,E08000030,Walsall,Walsall,new_build,approved,Full,2022-06-02,2023-06-14,high,"Proposed demolition of existing building and construction of a two storey mosque and Islamic Centre to include a daily prayer hall, dining room/multi purpose hall, 4no classrooms, 1 no mortuary, ladies room with disabled WC, kitchen, toilet and Wudu areas, lobby, main prayer hall, library, meeting r","GHAUSIA QASMIA TRUST MOSQUE AND COMMUNITY CENTRE, 34-38, MOUNT STREET, WALSALL, WS1 3PJ",-1.98452,52.57841,https://www.planit.org.uk/planapplic/Walsall/22/0519/
Hyndburn/11/22/0012,E07000120,Hyndburn,Hyndburn,new_build,approved,Full,2022-05-18,2022-07-29,high,Full: Erection of extension to the community mosque for funeral and ladies facilities,Land adjacent 44 A Higher Antley Street Accrington BB5 0SN,-2.37301,53.74854,https://www.planit.org.uk/planapplic/Hyndburn/11/22/0012/
Middlesbrough/21/1108/FUL,E06000002,Middlesbrough,Middlesbrough,new_build,refused,Full,2022-05-12,2023-10-13,high,Erection of 4 storey mosque and cultural centre with integral car parking and associated landscaping,"MOSQUE, 9, Park Road North, Middlesbrough, TS1 3LF",-1.23915,54.56635,https://www.planit.org.uk/planapplic/Middlesbrough/21/1108/FUL/
Brent/21/4669,E09000005,Brent,Brent,other,approved,Advertising,2022-04-18,2022-05-11,high,Existing illuminated digital sign to mosque,"Central Mosque of Brent, Station Parade, London, NW2 4NU",-0.2223,51.5495,https://www.planit.org.uk/planapplic/Brent/21/4669/
Bradford/22/00914/VOC,E08000032,Bradford,Bradford,admin,approved,Conditions,2022-04-15,2022-05-11,high,"Variation of Condition 26 of permission 15/06524/MAF to replace approved plans with replacement plans- minor changes to floor areas resulting in a gross floor area increase of 79 sq.m. Addition and identification of the Cycle Stands, Bins Enclosure and Electric Vehicle Charging points. Addition of f",Madinat Al Zahra Bartle Lane Bradford West Yorkshire BD7 4QF,-1.79049,53.77849,https://www.planit.org.uk/planapplic/Bradford/22/00914/VOC/
Telford/TWC/2022/0250,E06000020,Telford and Wrekin,Telford,other,approved,Outline,2022-04-14,2022-04-14,high,Application for a Lawful Development Certificate under Section 192 for the proposed use of a Methodist church as a mosque (Class F1),"Fletcher Methodist Church, Court Street, Madeley, Telford, Shropshire, TF7 5EB",-2.44975,52.63725,https://www.planit.org.uk/planapplic/Telford/TWC/2022/0250/
Leicester/20212995,E06000016,Leicester,Leicester,new_build,approved,Full,2022-04-11,2022-08-04,high,"Construction of single storey, two storey and first floor extension to community centre; single storey side extension to mosque (Sui Generis); installation of cladding to community centre and alterations (Amended plans received 26/05/2022, 16/06/2022, 27/06/2022 and 27/07/2022)",17A Duxbury Road,-1.09975,52.64109,https://www.planit.org.uk/planapplic/Leicester/20212995/
Reigate/22/00306/F,E07000211,Reigate and Banstead,Reigate,extension,approved,Full,2022-03-18,2022-05-03,high,Proposed extension to existing mosque building. As amended on 28/04/2022.,Masjid Al Yaqeen 28 Warwick Road Redhill Surrey RH1 1BU,-0.17051,51.24194,https://www.planit.org.uk/planapplic/Reigate/22/00306/F/
Haringey/HGY/2022/0303,E09000014,Haringey,Haringey,new_build,withdrawn,Full,2022-03-16,2022-03-30,high,Erection of two storey detached dwelling at the rear of the mosque,"Rear of, 277, St Anns Road, London, N15 5RG",-0.08523,51.58079,https://www.planit.org.uk/planapplic/Haringey/HGY/2022/0303/
Pembrokeshire/21/0978/PA,W06000009,Pembrokeshire,Pembrokeshire,use_to,approved,Full,2022-03-14,2022-03-17,high,Change of use of former vacant Pembrokeshire County Council Offices to Haverfordwest Central Mosque. [Change of use from B1 to D1] Mosque with associated community facilities use including: - Quran Classes - after school - Community Centre and Creche - Use for Festivals - Exercise Classes,"Pembrokeshire County Council, 1, Cherry Grove, Haverfordwest, Pembrokeshire, SA61 2NZ",-4.96554,51.80459,https://www.planit.org.uk/planapplic/Pembrokeshire/21/0978/PA/
Sheffield/22/00042/FUL,E08000019,Sheffield,Sheffield,new_build,approved,Full,2022-02-22,2022-10-28,high,"Application to amend design and have proposed building detached from existing building (Application under section 73 to vary condition number (2. approved plans); As imposed by planning permission 16/00149/FUL - Demolition of No. 304 Barnsley Road, erection of extension to Mosque to form prayer hall",Masjid Umar Mosque 306 Barnsley Road Sheffield S4 7AH,-1.4567,53.4044,https://www.planit.org.uk/planapplic/Sheffield/22/00042/FUL/
Lancaster/21/00146/FUL,E07000121,Lancaster,Lancaster,use_away,approved,Full,2022-02-18,2022-05-04,high,"Change of use of lower ground floor Mosque (F.1) into four 2-bed apartments and one 1-bed apartment (C3) and upper ground floor dentist (E) into two 2-bed apartments and one 1-bed apartments (C3), use of basement as ancillary storage, lowering of ground level to the rear with associated landscaping,",Telephone House Fenton Street Lancaster Lancashire LA1 1AB,-2.80425,54.048,https://www.planit.org.uk/planapplic/Lancaster/21/00146/FUL/
Sandwell/DC/22/66487,E08000028,Sandwell,Sandwell,new_build,approved,Full,2022-02-17,2022-03-11,high,Proposed part demolition of mosque and construction of three storey extension and side boundary wall with railings.,253 Halfords Lane Smethwick B66 1BD,-1.96783,52.50198,https://www.planit.org.uk/planapplic/Sandwell/DC/22/66487/
Glasgow/22/00175/FUL,S12000049,Glasgow City,Glasgow,new_build,approved,Full,2022-02-11,2022-03-08,high,"Erection of two storey extensions to front, side and rear of mosque (Class 10), includes associated car parking and landscaping works - Section 42 application to vary Condition 6 of consent 18/02011/FUL relating to the approval of lighting details and associated matters",79 Forth Street Glasgow G41 2SP,-4.26956,55.84314,https://www.planit.org.uk/planapplic/Glasgow/22/00175/FUL/
Birmingham/2021/10096/PA,E08000025,Birmingham,Birmingham,admin,approved,Conditions,2022-02-03,2022-02-23,high,"Variation of Condition numbers 8 (Extraction and Odour Control Details), 25 (Community Access Agreement for multi-storey car park), 28 (No occupation of Imambara or mosque until provision of multi-decked car park), 36 (car park management plan) and 40 (sample facade panels/elements); and removal of ",Clifton Mosque 17 Clifton Road Balsall Heath Birmingham B12 8SX,-1.88437,52.4565,https://www.planit.org.uk/planapplic/Birmingham/2021/10096/PA/
Stockport/DC/083546,E08000007,Stockport,Stockport,admin,approved,Conditions,2022-01-07,2022-05-05,high,"Discharge of Conditions 2 (Materials), 14 (Boundary Treatments) and 16 (Car Parking Facilities) of Planning Permission reference DC/074305 for Proposed new mosque and community centre to replace existing main building, side caretaker's house and porta-Cabins. Includes for re-design and improvement o",Cheadle Muslim Association 377 Wilmslow Road Heald Green Cheadle Stockport SK8 3NP,-2.21956,53.3595,https://www.planit.org.uk/planapplic/Stockport/DC/083546/
Blackburn/10/21/0628,E06000008,Blackburn with Darwen,Blackburn,extension,approved,Amendment,2021-12-23,2021-12-23,medium,Retrospective planning application for two storey detached Islamic Education Centre,"Land area rear of Devonport Road, Foxhouse Street & Whitehead Street, Blackburn",-2.49939,53.74879,https://www.planit.org.uk/planapplic/Blackburn/10/21/0628/
Huntingdonshire/21/02270/CLED,E07000011,Huntingdonshire,Huntingdonshire,admin,approved,Amendment,2021-12-20,2022-04-12,medium,Application for certificate of lawfulness to confirm the continued use of premises as an Islamic Education and Prayer Centre (Use Class F1(f)),31 Coneygear Road Huntingdon PE29 1QN,-0.16761,52.3445,https://www.planit.org.uk/planapplic/Huntingdonshire/21/02270/CLED/
Manchester/132245/FO/2021,E08000003,Manchester,Manchester,new_build,approved,Full,2021-12-16,2022-01-17,high,Erection of a two storey rear and side extension with basement to an existing place of worship (Class F1(f) - mosque),22-24 Clarendon Road Manchester M16 8LD,-2.25891,53.44818,https://www.planit.org.uk/planapplic/Manchester/132245/FO/2021/
Oldham/FUL/347551/21,E08000004,Oldham,Oldham,extension,pending,Full,2021-11-19,,high,Two storey side extension to an existing mosque.,102 Abbey Hills Road Oldham OL8 2DG,-2.09392,53.53279,https://www.planit.org.uk/planapplic/Oldham/FUL/347551/21/
Luton/21/01345/FUL,E06000032,Luton,Luton,new_build,withdrawn,Full,2021-11-11,2021-11-23,high,Erection of an additional second and third floor and remodelling external elevations and alterations to roof to the existing Mosque,31 - 33 The Crossway Luton LU1 5LY,-0.42897,51.87118,https://www.planit.org.uk/planapplic/Luton/21/01345/FUL/
Birmingham/2021/07573/PA,E08000025,Birmingham,Birmingham,use_away,approved,Full,2021-11-11,2021-12-06,high,Retention of change of use use from a place of worship - mosque (Use Class F1) to dwelling house (Use Class C3),6 Wye Cliff Road Handsworth Birmingham B20 3TA,-1.91819,52.50487,https://www.planit.org.uk/planapplic/Birmingham/2021/07573/PA/
Luton/21/01404/DOC,E06000032,Luton,Luton,admin,approved,Conditions,2021-11-01,2021-11-01,high,"Part change of use of existing mosque and community centre for recreational purposes and external alterations to include a new entrance, window, stairs and ramp. Discharge of condition 4 (cycle parking spaces) of planning permission 21/00398/FUL dated 23rd September 2021.",2 - 32 Beechwood Road Luton LU4 8RP,-0.44941,51.89271,https://www.planit.org.uk/planapplic/Luton/21/01404/DOC/
Bury/67515,E08000002,Bury,Bury,use_to,approved,Full,2021-11-01,2021-12-15,high,"Change of use of ground floor from tyre shop (Class E) to part of existing Mosque (Class F.1), external alterations and new car park.","2-4 Yarwood Street, Bury, BL9 7AU",-2.28817,53.59362,https://www.planit.org.uk/planapplic/Bury/67515/
Stockport/DC/082366,E08000007,Stockport,Stockport,admin,approved,Conditions,2021-10-01,2021-11-17,high,"Discharge of Conditions 8 (Biodiversity Enhancement Measures) and 15 (Refuse and Recycling Management) of Planning Permission reference DC/074305 for Proposed new mosque and community centre to replace existing main building, side caretaker's house and porta-Cabins. Includes for re-design and improv",Cheadle Muslim Association 377 Wilmslow Road Heald Green Cheadle Stockport SK8 3NP,-2.21956,53.3595,https://www.planit.org.uk/planapplic/Stockport/DC/082366/
Bradford/21/02916/MAF,E08000032,Bradford,Bradford,new_build,approved,Full,2021-09-17,2022-08-15,high,"Demolition of derelict pub and construction of a new, mixed-use community building consisting of a mosque, teaching rooms, two retail units and a tea room.",The Newby Square Bowling Old Lane Bradford West Yorkshire BD5 7TD,-1.75424,53.78083,https://www.planit.org.uk/planapplic/Bradford/21/02916/MAF/
Ealing/214026VAR,E09000009,Ealing,Ealing,admin,approved,Conditions,2021-07-23,2022-10-21,medium,"Minor material amendment (S.73) to vary condition no.14 (use permitted hours)), seeking to allow changes in the opening hours in pursuant to planning permission reference 191341FUL dated 25/10/2019 for'Single storey rear extension, alterations to shopfront and change of use of ground floor from reta",159 Church Road Northolt Ealing UB5 5AG,-0.37629,51.54324,https://www.planit.org.uk/planapplic/Ealing/214026VAR/
Wolverhampton/21/00338/FUL,E08000031,Wolverhampton,Wolverhampton,extension,approved,Full,2021-07-10,2021-07-19,high,Proposal for a car park for Wolverhampton Mosque attendees (amended proposal following earlier permission ref. 19/01347/FUL for a car park),Land South West Of Wickes West Street Wolverhampton West Midlands,-2.13129,52.59735,https://www.planit.org.uk/planapplic/Wolverhampton/21/00338/FUL/
Kirklees/2021/92140,E08000034,Kirklees,Kirklees,new_build,approved,Full,2021-07-02,2021-08-11,high,"Demolition of existing garages, formation of new car park to existing mosque and erection of 2m high boundary fence","rear of, 29 & 33, North Road, Ravensthorpe, Dewsbury, WF13 3AB",-1.66522,53.67995,https://www.planit.org.uk/planapplic/Kirklees/2021/92140/
Sheffield/21/02410/FUL,E08000019,Sheffield,Sheffield,new_build,approved,Full,2021-06-29,2022-03-04,high,Internal/external alterations and extensions to mosque including an additional floor and the erection of a minaret,Attaqwa Centre 31-33 Andover Street Sheffield S3 9EJ,-1.4607,53.39261,https://www.planit.org.uk/planapplic/Sheffield/21/02410/FUL/
Stockport/DC/081115,E08000007,Stockport,Stockport,admin,approved,Conditions,2021-06-29,2021-07-08,high,"Discharge of Condition 21 (Construction Method Statement and Construction Traffic Management Plan) of planning permission reference DC/074305 for Proposed new mosque and community centre to replace existing main building, side caretaker's house and porta- Cabins. Includes for re-design and improveme",Cheadle Muslim Association 377 Wilmslow Road Heald Green Cheadle Stockport SK8 3NP,-2.21956,53.3595,https://www.planit.org.uk/planapplic/Stockport/DC/081115/
Birmingham/2021/03478/PA,E08000025,Birmingham,Birmingham,use_to,approved,Full,2021-06-10,2021-06-14,medium,"Change of use from storage and distribution to Islamic Education Community Centre, installation of additional windows and installation of extraction flue",The Loft College Court 1 College Road Springfield Birmingham B13 9LS,-1.85794,52.44305,https://www.planit.org.uk/planapplic/Birmingham/2021/03478/PA/
Worcester/21/00448/REM,E07000237,Worcester,Worcester,admin,approved,Conditions,2021-06-04,2021-08-18,high,Variation of condition 2 of planning permission P18D0362 for amendments to the internal layout and elevations of the approved mosque.,Unity House Stanley Road Worcester WR5 1BE,-2.21141,52.19155,https://www.planit.org.uk/planapplic/Worcester/21/00448/REM/
Blackburn/10/21/0269,E06000008,Blackburn with Darwen,Blackburn,admin,approved,Conditions,2021-05-20,2021-05-20,high,"Variation of Condition No.13 pursuant to planning application 10/16/1300 ""Change of use of former auto windscreen centre into Islamic Education Centre and Mosque, creation of first floor including internal/external alterations"" - to make alterations to internal layout and external appearance of buil",52 Tontine Street Blackburn BB1 7ED,-2.48413,53.75118,https://www.planit.org.uk/planapplic/Blackburn/10/21/0269/
Bradford/21/01975/FUL,E08000032,Bradford,Bradford,new_build,withdrawn,Full,2021-05-19,2021-06-04,high,Extension of basement to previously approved new build mosque,Tawakkulia Mosque 48 Cornwall Road Bradford West Yorkshire BD8 7JN,-1.75826,53.80249,https://www.planit.org.uk/planapplic/Bradford/21/01975/FUL/
Bolton/10608/21,E08000001,Bolton,Bolton,use_to,approved,Full,2021-04-29,2021-05-20,medium,CHANGE OF USE FROM VACANT RESIDENTIAL DWELLING TO EDUCATIONAL CENTRE (ISLAMIC COLLEGE FOR 16 AND 17 YEAR OLDS),4 Norris Street Bolton BL3 6HQ,-2.43711,53.57185,https://www.planit.org.uk/planapplic/Bolton/10608/21/
Luton/21/00398/FUL,E06000032,Luton,Luton,other,approved,Full,2021-04-28,2021-09-23,high,"Part change of use of existing mosque and community centre for recreational purposes and external alterations to include a new entrance, window, stairs and ramp.",2 - 32 Beechwood Road Luton LU4 8RP,-0.44941,51.89271,https://www.planit.org.uk/planapplic/Luton/21/00398/FUL/
Bradford/20/02593/OUT,E08000032,Bradford,Bradford,new_build,approved,Outline,2021-04-16,2022-03-17,high,"Outline application for demolition of former Fountain Inn public house and construction of mosque and community centre requesting consideration of access, layout and scale",The Fountain Heaton Road Bradford West Yorkshire BD9 4DQ,-1.784,53.8136,https://www.planit.org.uk/planapplic/Bradford/20/02593/OUT/
Sheffield/21/00753/FUL,E08000019,Sheffield,Sheffield,extension,approved,Full,2021-04-06,2021-06-17,high,"Application to allow the building to be set back from the boundary and slight elevation changes (Application under section 73 to vary condition 2 (Approved plans) relating to planning permission 16/04764/FUL - First floor extension, two-storey extensions to front and rear and new external access ste",Jamia Mosque & Usmania Education Centre 22 Leyburn Road Sheffield S8 0XA,-1.48231,53.35735,https://www.planit.org.uk/planapplic/Sheffield/21/00753/FUL/
Merton/21/P0328,E09000024,Merton,Merton,admin,approved,Conditions,2021-03-03,2021-08-11,high,APPLICATION FOR VARIATION OF CONDITION 1 (TO EXTEND PERIOD OF PERMISSION) ATTACHED TO LBM PLANNING APPLICATION 19/P0139 RELATING TO APPLICATION TO VARY CONDITION 1 (TO EXTEND PERIOD OF PERMISSION) ATTACHED TO LBM VARIATION OF CONDITION 17/P0232 ATTACHED TO LBM PLANNING PERMISSION 14/P4433 FOR THE ER,"54 Merton High Street London, SW19 1DH",-0.18345,51.41636,https://www.planit.org.uk/planapplic/Merton/21/P0328/
Birmingham/2020/05276/PA,E08000025,Birmingham,Birmingham,new_build,approved,Full,2021-03-01,2021-03-19,high,"Erection of a three storey attached Annex to west of existing mosque, alongside external alterations to existing building; following demolition of Nos. 219 And 221 Lozells Road and ancillary structures to the rear of 16-18 Heathfield Road. Alongside partial demolition of No's 16 - 18 Heathfield Road",Lozells Central Mosque Lozells Road Lozells Birmingham B19 1RJ,-1.91369,52.50324,https://www.planit.org.uk/planapplic/Birmingham/2020/05276/PA/
Manchester/128789/FO/2020,E08000003,Manchester,Manchester,new_build,approved,Full,2021-02-12,2021-06-18,high,Erection of a two storey rear and side extension to an existing place of worship (F1(f) - mosque),22-24 Clarendon Road Manchester M16 8LD,-2.25894,53.44821,https://www.planit.org.uk/planapplic/Manchester/128789/FO/2020/
Stockport/DC/079170,E08000007,Stockport,Stockport,admin,approved,Conditions,2021-01-29,2021-05-07,high,"Discharge of Condition 12 (Surface Water Drainage Scheme) and Partial Discharge of Condition 21 (Construction Method Statement and Construction Traffic Management Plan) of planning permission reference DC/074305 for a new mosque and community centre to replace existing main building, side caretaker'",Cheadle Muslim Association 377 Wilmslow Road Heald Green Cheadle Stockport SK8 3NP,-2.21956,53.3595,https://www.planit.org.uk/planapplic/Stockport/DC/079170/
Slough/P/01303/018,E06000039,Slough,Slough,extension,approved,Full,2021-01-29,2021-10-20,high,"Redevelopment of former Car Wash to provided a new building up to 4 storeys in height with additional accommodation in roof all to be used as a learning and non-residential institution, for, or in connection with, public worship or religious instruction (F1.f Use Class) with associated car parking t","79-83, Uxbridge Road, Slough, SL1 1SG",-0.5797,51.50924,https://www.planit.org.uk/planapplic/Slough/P/01303/018/
Bradford/20/05293/FUL,E08000032,Bradford,Bradford,demolition,approved,Full,2021-01-28,2021-07-29,high,"Demolition of an existing Mosque and the formation of a new mosque including landscaping, parking, and servicing",49 Hastings Street Bradford West Yorkshire BD5 9PQ,-1.76493,53.77441,https://www.planit.org.uk/planapplic/Bradford/20/05293/FUL/
Brent/20/4093,E09000005,Brent,Brent,admin,approved,Amendment,2021-01-27,2021-05-21,high,"Certificate of lawfulness for existing use of the building as a mosque on the ground floor, residential accommodation on the second floor and a mixed use as mosque and residential accommodation on the first floor.","5 Stanley Avenue, Wembley, HA0 4JA",-0.29631,51.54407,https://www.planit.org.uk/planapplic/Brent/20/4093/
Bradford/20/05807/FUL,E08000032,Bradford,Bradford,use_to,approved,Full,2021-01-19,2021-03-11,high,Change of use of former doctors surgery with flat above to a mosque (Use Class F1),71 Beacon Road Bradford West Yorkshire BD6 3ET,-1.78804,53.76843,https://www.planit.org.uk/planapplic/Bradford/20/05807/FUL/
Birmingham/2020/08050/PA,E08000025,Birmingham,Birmingham,use_away,withdrawn,Full,2021-01-13,,high,"Erection of a new mosque (Use Class F1) with associated parking, landscaping and infrastructure works to include basement car park. Repair, remedial works to convert and change of use of public house (Sui Generis) to provide community and ancillary visitor accommodation uses (Use Class F1)",The Brookhill Tavern 484 Alum Rock Road Alum Rock Birmingham B8 3HX,-1.83708,52.48717,https://www.planit.org.uk/planapplic/Birmingham/2020/08050/PA/
Birmingham/2021/00143/PA,E08000025,Birmingham,Birmingham,demolition,approved,,2021-01-08,2021-01-13,high,"Demolition of doctors surgery, provision of a two storey side and rear extension, a single storey extension, provision of a basement and alterations to roof structure of existing Mosque",Jamatia Islamic Centre 179-183 Woodlands Road Sparkhill Birmingham B11 4ER,-1.86215,52.44346,https://www.planit.org.uk/planapplic/Birmingham/2021/00143/PA/
Fife/20/01483/FULL,S12000047,Fife,Fife,use_to,approved,Full,2020-12-24,2021-02-26,high,Change of use from private garden ground to private car parking associated with Islamic Centre (Class 10) and formation of hardstanding,125 Woodmill Road Dunfermline Fife KY11 4AE,-3.43578,56.06995,https://www.planit.org.uk/planapplic/Fife/20/01483/FULL/
Birmingham/2018/08593/PA,E08000025,Birmingham,Birmingham,new_build,approved,Full,2020-12-02,2020-12-16,high,"Comprehensive redevelopment of site to include demolition of existing buildings, removal of public car park, stopping up of public highway; erection of mosque and mixed-use building to comprise community centre, school, residential flats and retail units; basement car park and surface car parking ar",Land at junction of Highgate Road & Stratford Road and land at Stoney Lane Sparkbrook Birmingham B12 8DN,-1.8744,52.45942,https://www.planit.org.uk/planapplic/Birmingham/2018/08593/PA/
Sandwell/DC/20/64748,E08000028,Sandwell,Sandwell,use_to,pending,Amendment,2020-11-26,,high,"Proposed part change of use to ground floor from use class F1 (Pakistan Islamic Centre) to use class E (Small Supermarket), demolition of front and rear buildings and erection of single storey front and rear extensions with a covered outdoor area to front of property with roller shutters, external a",Pakistani Community Centre 1 - 7 Corbett Street Smethwick B66 3PU,-1.96307,52.4876,https://www.planit.org.uk/planapplic/Sandwell/DC/20/64748/
Sheffield/20/00551/FUL,E08000019,Sheffield,Sheffield,new_build,approved,Full,2020-11-12,2020-12-10,high,Alterations and extensions to mosque and erection of minaret,Al-Taqwah Somali Centre 33 Andover Street Sheffield S3 9EJ,-1.46073,53.39261,https://www.planit.org.uk/planapplic/Sheffield/20/00551/FUL/
Brent/20/2756,E09000005,Brent,Brent,use_away,withdrawn,Full,2020-11-11,2021-04-22,medium,Change of use from Retail Unit (use class: E) to Part Retail Unit (use class: E) and part Islamic Community Centre (use class: F2) and erection of cycle storage to rear.,"35 Blackbird Hill, London, NW9 8RS",-0.26259,51.56464,https://www.planit.org.uk/planapplic/Brent/20/2756/
Harlow/HW/FUL/20/00436,E07000073,Harlow,Harlow,new_build,approved,Full,2020-11-02,2020-11-04,high,Erection of a 2m high anti-climb metal fence to enclose the mosque building,Harlow Islamic Centre Paringdon Road Harlow Essex CM19 4QX,0.08276,51.7489,https://www.planit.org.uk/planapplic/Harlow/HW/FUL/20/00436/
Birmingham/2020/01621/PA,E08000025,Birmingham,Birmingham,admin,approved,Conditions,2020-10-20,2020-11-06,high,"Variation of Condition No. 20 (listed approved plans) attached to approval 2015/06750/PA to allow for minor alterations and repositioning of mosque building, minor alterations to Imambara building and screening along Clifton Road and changes to approved phases of work including phasing of car parkin",Clifton Mosque 17 Clifton Road Balsall Heath Birmingham B12 8SX,-1.88437,52.4565,https://www.planit.org.uk/planapplic/Birmingham/2020/01621/PA/
Brighton/BH2020/02367,E06000043,Brighton and Hove,Brighton,extension,approved,Heritage,2020-10-02,2021-02-26,high,Internal alterations to layout of Islamic Centre and associated refurbishment works (part-retrospective).,Falmer House Gardner Centre Road University Of Sussex Brighton BN1 9QF,-0.08873,50.86432,https://www.planit.org.uk/planapplic/Brighton/BH2020/02367/
Bradford/20/03816/FUL,E08000032,Bradford,Bradford,use_to,withdrawn,Full,2020-09-28,2020-11-18,high,Change of use of former doctors surgery with flat above to a mosque (Use Class F1),71 Beacon Road Bradford West Yorkshire BD6 3ET,-1.78804,53.76843,https://www.planit.org.uk/planapplic/Bradford/20/03816/FUL/
Birmingham/2020/04821/PA,E08000025,Birmingham,Birmingham,admin,approved,Conditions,2020-08-10,2020-09-08,high,Variation of condition no. 1 (approved plans) attached to Planning approval ref: 2018/05391/PA to allow for amendments to the design of the approved Mosque building,299 Somerville Road Small Heath Birmingham B10 9DT,-1.84228,52.47005,https://www.planit.org.uk/planapplic/Birmingham/2020/04821/PA/
MidKent/20/502697/FULL,E07000110,Maidstone,Mid Kent,other,approved,Full,2020-07-29,2020-09-11,high,Part retrospective revised proposal (to that approved under 18/504734/FULL) for the redevelopment of the Maidstone Mosque with associated facilities including an ancillary residential flat for the Iman and mortuary.,20-28 Mote Road Maidstone Kent ME15 6ES,0.5271,51.27043,https://www.planit.org.uk/planapplic/MidKent/20/502697/FULL/
Blackburn/10/20/0619,E06000008,Blackburn with Darwen,Blackburn,other,approved,Amendment,2020-07-28,2020-07-15,high,Use of property as a place of worship (mosque) and religious educational centre,209 Preston New Road Blackburn BB1 7AP,-2.50146,53.74946,https://www.planit.org.uk/planapplic/Blackburn/10/20/0619/
Oldham/PA/345078/20,E08000004,Oldham,Oldham,admin,approved,Outline,2020-07-24,2020-12-01,high,"Variation of Condition 2 (approved plans) of application PA/056279/09 including revised roof, elevations and decorative detailing for new mosque and community centre.",Land Between 118 - 142 Manchester Road Oldham Oldham,-2.13343,53.53222,https://www.planit.org.uk/planapplic/Oldham/PA/345078/20/
Liverpool/19F/0726,E08000012,Liverpool,Liverpool,demolition,pending,Full,2020-07-21,,high,"To carry out various internal and external alterations including demolition of internal adjoining wall in connection with proposed change of use of former council offices to community centre, extension to existing mosque, offices, classrooms cafÚ/restaurants, hammam, and make changes to layout of Ne","1-10 Brougham Terrace, West Derby Road, Everton, Liverpool, L6 1AE",-2.96069,53.41419,https://www.planit.org.uk/planapplic/Liverpool/19F/0726/
Bradford/20/02047/FUL,E08000032,Bradford,Bradford,extension,approved,Full,2020-07-18,2020-07-29,high,Rear extension to existing mosque and community centre over three floors.,Al Hudaa Masjid Ahl E Hadith And Madrassah Salafiah 119 Legrams Lane Bradford West Yorkshire BD7 2AA,-1.77797,53.79121,https://www.planit.org.uk/planapplic/Bradford/20/02047/FUL/
Bradford/20/00457/MAF,E08000032,Bradford,Bradford,other,approved,Full,2020-06-22,2020-10-13,high,Masjid (mosque) and community centre,Land At Moor View Drive Bradford West Yorkshire,-1.73193,53.80222,https://www.planit.org.uk/planapplic/Bradford/20/00457/MAF/
Bolton/07939/20,E08000001,Bolton,Bolton,new_build,approved,Full,2020-06-01,2022-06-06,high,"DEMOLITION OF MOSQUE AND ERECTION OF A REPLACEMENT MOSQUE, MADRASAH AND COMMUNTITY CENTRE.",Makkah Mosque Grecian Crescent Bolton BL3 6QU,-2.42909,53.56591,https://www.planit.org.uk/planapplic/Bolton/07939/20/
Redbridge/0170/16/02,E09000026,Redbridge,Redbridge,extension,approved,Conditions,2020-05-29,2020-06-30,medium,Window reveals (Condition 5): Three storey and basement extension for Islamic education and training centre (Class D1) (Summary).,"833 835, High Road, Goodmayes, Ilford, IG3 8TD",0.10922,51.5667,https://www.planit.org.uk/planapplic/Redbridge/0170/16/02/
Croydon/19/02109/FUL,E09000008,Croydon,Croydon,new_build,approved,Full,2020-05-13,2021-03-29,high,"Demolition of existing mosque and erection of mixed use mosque development comprising public worship spaces, function areas and one floor of residential use (3 x studio flats) with associated landscaping.",63 Whytecliffe Road South Purley CR8 2AZ,-0.11348,51.33911,https://www.planit.org.uk/planapplic/Croydon/19/02109/FUL/
Birmingham/2020/01669/PA,E08000025,Birmingham,Birmingham,use_to,approved,Full,2020-04-13,2020-05-04,high,Change of use from retail (Use Class A1) to Islamic Centre (Use Class D1) for a temporary period,538-540 Moseley Road Balsall Heath Birmingham B12 9AE,-1.88579,52.4561,https://www.planit.org.uk/planapplic/Birmingham/2020/01669/PA/
Birmingham/2020/01120/PA,E08000025,Birmingham,Birmingham,use_to,approved,Full,2020-04-13,2020-07-02,medium,Change of use from storage and distribution (Use Class B8) to Islamic Education Community Centre (Use Class D1) with installation of additional windows to be used by no more than 90 persons at any one time from 07:00am to 08:00pm on Monday to Friday; 08:00am to 08:00pm on Saturday and 09:00am to 06:,The Loft College Court 1 College Road Moseley Birmingham B13 9LS,-1.85794,52.44305,https://www.planit.org.uk/planapplic/Birmingham/2020/01120/PA/
Merton/20/P0668,E09000024,Merton,Merton,admin,approved,Conditions,2020-03-26,2020-05-21,high,"APPLICATION FOR VARIATION OF CONDITION 3 (MATERIALS) ATTACHED TO LBM PLANNING APPLICATION 10/P1756 RELATING TO ERECTION OF A NEW PART TWO, PART THREE STOREY MOSQUE, PLUS BASEMENT, DOME AND MINARET INVOLVING DEMOLITION OF EXISTING SINGLE STOREY MOSQUE",Mosque 54 Merton High Street London SW19 1DH,-0.18345,51.41636,https://www.planit.org.uk/planapplic/Merton/20/P0668/
Sandwell/DC/20/63920,E08000028,Sandwell,Sandwell,demolition,pending,Full,2020-03-21,,high,"Proposed new two storey mosque with minaret and dome and community centre, with wall and railings to the perimeter. Phase 1 would be built on land owned by the applicant, adjacent to the existing building. Phase 2 would be built on the site of the existing building, following demolition. Phase 3 wou",Jami Masjid And Bangladeshi Islamic Centre 10-13 Lewisham Road Smethwick B66 2BP,-1.96605,52.50053,https://www.planit.org.uk/planapplic/Sandwell/DC/20/63920/
Nottingham/20/00288/PFUL3,E06000018,Nottingham,Nottingham,extension,approved,Full,2020-03-14,2020-04-24,high,Two storey extension to Mosque annexe building.,Jamia Masjid Sultania And Education Centre 54 Sneinton Dale Nottingham NG2 4HE,-1.12653,52.95184,https://www.planit.org.uk/planapplic/Nottingham/20/00288/PFUL3/
KingsLynn/12/00175/DISC_A,E07000146,King's Lynn and West Norfolk,Kings Lynn,admin,approved,Conditions,2020-03-04,2020-03-05,medium,DISCHARGE OF CONDITION 4 PLANNING PERMISSION 12/00175/CU: Change of Use from Public House (A4) to Islamic Community Centre (D1),14 - 15 London Road King's Lynn Norfolk PE30 5PY,0.4016,52.74968,https://www.planit.org.uk/planapplic/KingsLynn/12/00175/DISC_A/
Slough/P/18000/000,E06000039,Slough,Slough,use_to,approved,Full,2020-02-28,2020-05-12,high,Change of use of garden area (C3 Use Class) to religious institution (D2 Use Class). Construction of outbuilding for ablutions and WC for the Islamic Centre.,"85, Stoke Poges Lane, Slough, SL1 3NY",-0.59941,51.51878,https://www.planit.org.uk/planapplic/Slough/P/18000/000/
Gravesham/20200078,E07000109,Gravesham,Gravesham,new_build,approved,Full,2020-02-24,2020-03-23,high,Construction of extension at first floor level at side and rear over existing car park to form a 2 bedroom flat for Imam (Mosque Worship Leader) and their family and construction of minarets on front elevation.,The Muslim Cultural Centre 11 Albion Terrace Gravesend Kent DA12 2SX,0.38107,51.4412,https://www.planit.org.uk/planapplic/Gravesham/20200078/
Bolton/07669/20,E08000001,Bolton,Bolton,admin,withdrawn,Outline,2020-02-19,2020-02-14,high,"RESERVED MATTERS APPLICATION PURSUANT TO OUTLINE APPLICATION 05080/18 (FOR THE ERECTION OF A REPLACEMENT MOSQUE, MADRASAH AND COMMUNITY CENTRE) - APPEARANCE, LANDSCAPING AND SCALE DETAILS",Makka Mosque Grecian Crescent Bolton BL3 6QU,-2.42882,53.56596,https://www.planit.org.uk/planapplic/Bolton/07669/20/
Redbridge/0170/16/01,E09000026,Redbridge,Redbridge,extension,refused,Conditions,2020-02-18,2020-03-19,medium,Window reveals (Condition 5): Three storey and basement extension for Islamic education and training centre (Class D1) (Summary).,"833 835, High Road, Goodmayes, Ilford, IG3 8TD",0.10922,51.5667,https://www.planit.org.uk/planapplic/Redbridge/0170/16/01/
Bracknell/19/00753/FUL,E06000036,Bracknell Forest,Bracknell,use_to,approved,Full,2020-02-14,2021-01-11,medium,Change of use from office (B1) to Islamic community centre (D1).,Unit C Cookham Road Bracknell Berkshire RG12 1RB,-0.7745,51.41522,https://www.planit.org.uk/planapplic/Bracknell/19/00753/FUL/
Blackburn/10/19/0847,E06000008,Blackburn with Darwen,Blackburn,other,approved,Full,2020-01-17,2020-01-17,high,Installation of fencing with gate to both sides of the mosque area along Ash Street,Masjid Al Momineen Mosque Ash Street Blackburn BB1 6LX,-2.46913,53.75735,https://www.planit.org.uk/planapplic/Blackburn/10/19/0847/
Pendle/19/0752/FUL,E07000122,Pendle,Pendle,new_build,approved,Full,2020-01-06,2020-01-08,high,Full: Erection of two-storey side extension to the existing mosque (400 sq.m.).,Markazi Jamia Ghosia Mosque Clayton Street Nelson Lancashire BB9 7PR,-2.21606,53.83914,https://www.planit.org.uk/planapplic/Pendle/19/0752/FUL/
Tameside/19/00893/FUL,E08000008,Tameside,Tameside,use_to,approved,Full,2019-12-30,2020-01-23,medium,Change of use from vacant shop (Use Class A1) to Islamic Cultural Centre (Use Class D1),1 Berkeley Street Ashton-Under-Lyne Tameside OL6 7DT,-2.1012,53.48953,https://www.planit.org.uk/planapplic/Tameside/19/00893/FUL/
Trafford/98268/FUL/19,E08000009,Trafford,Trafford,extension,approved,Full,2019-12-17,2019-12-19,high,Creation of a new first and second floor extension to the existing Mosque to provide improved facilities for worship and religious education with associated external and internal alterations.,237 Ayres Road Stretford M16 0WZ,-2.28341,53.45584,https://www.planit.org.uk/planapplic/Trafford/98268/FUL/19/
Ealing/194877CND,E09000009,Ealing,Ealing,use_away,approved,Conditions,2019-12-09,2021-03-08,medium,"Details of sound emissions (persuant to condition 12) of planning permission ref.191341FUL dated 25.10.2019 for 'Single storey rear extension, alterations to shopfront and change of use of ground floor from retail shop (Class A1) to an Islamic Culture and Education Community Centre (Class D1)'",159 Church Road Northolt Middlesex UB5 5AG,-0.37639,51.54326,https://www.planit.org.uk/planapplic/Ealing/194877CND/
Bradford/19/04485/FUL,E08000032,Bradford,Bradford,use_to,refused,Full,2019-12-06,2020-01-17,high,Change of use of Office (B1a) to a Mosque (D1),Queens House Queens Road Bradford West Yorkshire BD8 7BS,-1.76176,53.80849,https://www.planit.org.uk/planapplic/Bradford/19/04485/FUL/
Chorley/19/00910/FUL,E07000118,Chorley,Chorley,use_away,approved,Full,2019-12-03,2019-11-21,high,Conversion of former mosque (Use Class D1) to 9 bedroom house in multiple occupation (Use Class Sui Generis),Ar-Rahmah Academy 142 Lyons Lane Chorley PR6 0PJ,-2.62363,53.65098,https://www.planit.org.uk/planapplic/Chorley/19/00910/FUL/
Merton/19/P3751,E09000024,Merton,Merton,new_build,approved,Conditions,2019-11-29,2019-12-11,high,"APPLICATION TO VARY CONDITION 2 (APPROVED PLANS) TO ADD WINDOWS TO SIDE ELEVATION IN LBM PLANNING PERMISSION 10/P1756 RELATING TO THE ERECTION OF A NEW PART TWO, PART THREE STOREY MOSQUE, PLUS BASEMENT, DOME AND MINARET INVOLVING DEMOLITION OF EXISTING SINGLE STOREY MOSQUE",Mosque 54 Merton High Street Colliers Wood SW19 1DH,-0.18345,51.41636,https://www.planit.org.uk/planapplic/Merton/19/P3751/
TowerHamlets/PA/19/02033/NC,E09000030,Tower Hamlets,Tower Hamlets,new_build,approved,Full,2019-11-07,2020-05-26,high,"Erection of part single, part two storey extension to provide additional storey to existing Mosque. Associated alterations to existing building","Shahjalal Community Centre, 25 Hale Street, London, E14 0BF",-0.01746,51.50949,https://www.planit.org.uk/planapplic/TowerHamlets/PA/19/02033/NC/
Manchester/124275/JO/2019,E08000003,Manchester,Manchester,admin,approved,Conditions,2019-09-30,2019-10-25,high,Variation of condition 2 (specified plans) attached to planning permission 112013/JO/2016/N1 to allow the inclusion of a single storey side extension to form ancillary accommodation to mosque (Class D1),Jamia Mosque 3 Woodlands Road Manchester M8 9LF,-2.24323,53.51063,https://www.planit.org.uk/planapplic/Manchester/124275/JO/2019/
Manchester/124275/FO/2019,E08000003,Manchester,Manchester,admin,approved,Conditions,2019-09-30,2019-10-25,high,Variation of condition 2 (specified plans) attached to planning permission 112013/JO/2016/N1 to allow the inclusion of a single storey side extension to form ancillary accommodation to mosque (Class D1),Jamia Mosque 3 Woodlands Road Manchester M8 9LF,-2.24323,53.51063,https://www.planit.org.uk/planapplic/Manchester/124275/FO/2019/
Stockport/DC/074305,E08000007,Stockport,Stockport,other,approved,Full,2019-09-12,2019-12-16,high,"Proposed new mosque and community centre to replace existing main building, side caretaker's house and porta-Cabins. Includes for re-design and improvement of car parking and landscape improvement works (amendment to DC064779).",377 Wilmslow Road Heald Green Cheadle Stockport SK8 3NP,-2.21956,53.3595,https://www.planit.org.uk/planapplic/Stockport/DC/074305/
WesternIsles/19/00353/PPD,S12000013,Na h-Eileanan Siar,Western Isles,extension,approved,Full,2019-08-29,2019-11-28,high,Extend Mosque. Vary details of consent ref. 17/00307/PPD relating to windows; doors; roofline; and footprint (retrospective).,Mosque 14A James Street Stornoway Isle Of Lewis,-6.38396,58.20795,https://www.planit.org.uk/planapplic/WesternIsles/19/00353/PPD/
Merton/19/P2812,E09000024,Merton,Merton,admin,withdrawn,Conditions,2019-08-28,2019-09-26,high,"APPLICATION FOR VARIATION OF CONDITIONS TO AMEND THE APPROVED PLANS OF LBM PLANNING PERMISSION 10/P1756 RELATING TO THE ERECTION OF A NEW PART TWO, PART THREE STOREY MOSQUE, PLUS BASEMENT, DOME AND MINARET INVOLVING DEMOLITION OF EXISTING SINGLE STOREY MOSQUE",54 Merton High Street Colliers Wood SW19 1DH,-0.18345,51.41636,https://www.planit.org.uk/planapplic/Merton/19/P2812/
Manchester/123406/FO/2019,E08000003,Manchester,Manchester,use_to,refused,Full,2019-08-21,2019-09-30,high,Change of use of building to form mosque including elevational alterations,27-29 Maine Road Manchester M14 4FS,-2.23461,53.45495,https://www.planit.org.uk/planapplic/Manchester/123406/FO/2019/
Birmingham/2019/05981/PA,E08000025,Birmingham,Birmingham,use_to,approved,Full,2019-08-19,2019-09-11,high,Change of use of second floor to Islamic Centre (Use Class D1),The Rex Centre 426-434 Coventry Road Small Heath Birmingham B10 0UG,-1.85907,52.47013,https://www.planit.org.uk/planapplic/Birmingham/2019/05981/PA/
Blackburn/10/19/0352,E06000008,Blackburn with Darwen,Blackburn,new_build,approved,Full,2019-08-06,2019-08-06,high,Partial demolition of mosque building and erection of an extension to include mezzanine floor and associated works,Kokni Muslim Association Newton Street Blackburn BB1 1NE,-2.46258,53.74801,https://www.planit.org.uk/planapplic/Blackburn/10/19/0352/
Bradford/18/04639/FUL,E08000032,Bradford,Bradford,use_to,approved,Full,2019-07-22,2019-08-08,high,Conversion of nine apartments into mosque,2 Parkfield Road Bradford West Yorkshire BD8 7AB,-1.76185,53.80933,https://www.planit.org.uk/planapplic/Bradford/18/04639/FUL/
Woking/PLAN/2019/0159,E07000217,Woking,Woking,new_build,approved,Full,2019-07-19,2019-10-16,high,Erection of a part two storey part single storey replacement building with ground floor level washroom facilities and educational space (D1 use class) in association with the Mosque at first floor level following demolition of the existing building.,Shah Jahan Mosque Oriental Road Woking Surrey GU22 7BA,-0.54423,51.32244,https://www.planit.org.uk/planapplic/Woking/PLAN/2019/0159/
Pembrokeshire/19/0265/LB,W06000009,Pembrokeshire,Pembrokeshire,extension,approved,Heritage,2019-07-12,2019-08-05,high,Internal alterations to the Pembrokeshire Masjid and Islamic centre (former Tabernacle Chapel).,"Pembrokeshire Masjid and Islamic Centre, Charles Street, Milford Haven, SA73 2HP",-5.03114,51.71229,https://www.planit.org.uk/planapplic/Pembrokeshire/19/0265/LB/
Gravesham/20190546,E07000109,Gravesham,Gravesham,new_build,refused,Full,2019-06-28,2019-08-07,high,Construction of extension at first floor level at side and rear over existing car park to form a 3 bedroom flat for Imam (Mosque Worship Leader) and their family; and construction of minarets on front elevation.,The Muslim Cultural Centre 11 Albion Terrace Gravesend Kent DA12 2SX,0.38107,51.4412,https://www.planit.org.uk/planapplic/Gravesham/20190546/
Rossendale/2019/0145,E07000125,Rossendale,Rossendale,use_away,approved,Full,2019-06-11,2019-06-14,high,Change of use from a Mosque (D1) to Auction House with ancillary retail (sui generis),13A Longholme Road Rawtenstall Rossendale BB4 7NG,-2.28673,53.70055,https://www.planit.org.uk/planapplic/Rossendale/2019/0145/
Ealing/191341FUL,E09000009,Ealing,Ealing,use_away,approved,Full,2019-06-06,2019-10-25,medium,"Single storey rear extension, alterations to shopfront and change of use of ground floor from retail shop (Class A1) to an Islamic Culture and Education Community Centre (Class D1)",159 Church Road Northolt Middlesex UB5 5AG,-0.37629,51.54324,https://www.planit.org.uk/planapplic/Ealing/191341FUL/
Edinburgh/15/01713/ADV,S12000036,City of Edinburgh,Edinburgh,new_build,approved,Advertising,2019-06-04,2015-05-12,high,Erect wall-mounted signage on mosque.,1 House O'Hill Road Edinburgh EH4 2AJ,-3.25732,55.96101,https://www.planit.org.uk/planapplic/Edinburgh/15/01713/ADV/
Ealing/191916VAR,E09000009,Ealing,Ealing,admin,approved,Conditions,2019-05-31,2020-04-30,high,"Minor Material Amendment (S73) for the variation of condition 2 (approved plans) of planning application Ref PP/2012/3271 dated 14/05/2014 for ' Redevelopment of existing Islamic Centre to create new Community Centre and place of worship (D1/D2) including ancillary creche, cafe, bookshop, gym and re",West London Islamic Centre Brownlow Road West Ealing London W13 0SQ,-0.32636,51.51045,https://www.planit.org.uk/planapplic/Ealing/191916VAR/
Birmingham/2019/02727/PA,E08000025,Birmingham,Birmingham,new_build,approved,Full,2019-05-28,2019-06-03,high,Erection of single storey side extension to existing mosque,Masjinder Sunnah An Nabawiyah 125 Mansfield Road Aston Birmingham B6 6DA,-1.89929,52.5044,https://www.planit.org.uk/planapplic/Birmingham/2019/02727/PA/
Barking/19/00696/FUL,E09000002,Barking and Dagenham,Barking and Dagenham,admin,approved,Full,2019-05-18,2019-05-22,high,Application for variation of condition following grant of planning permission 14/00831/FUL: Variation of condition 6 to additionally allow use of the mosque between the hours of 7.00am and 12:45am from 5 May to 5 June 2019 for Ramadan.,"Masjid E Umar Essex Islamic Academy, 343 Ripple Road, Barking, Barking And Dagenham, IG11 7RJ",0.09327,51.53572,https://www.planit.org.uk/planapplic/Barking/19/00696/FUL/
Sheffield/16/00149/FUL,E08000019,Sheffield,Sheffield,new_build,approved,Full,2019-05-14,2020-07-21,high,"Demolition of No. 304 Barnsley Road, erection of extension to Mosque to form prayer hall and entrance, and alterations to front elevation (as amended)",Mosque 306 Barnsley Road Sheffield S4 7AH,-1.4567,53.4044,https://www.planit.org.uk/planapplic/Sheffield/16/00149/FUL/
Bradford/18/00233/FUL,E08000032,Bradford,Bradford,new_build,approved,Full,2019-05-07,2018-04-12,high,Construction of basement to previously approved new build mosque,Tawakkulia Mosque 48 Cornwall Road Bradford West Yorkshire BD8 7JN,-1.75808,53.80252,https://www.planit.org.uk/planapplic/Bradford/18/00233/FUL/
Corby/19/00163/DPA,E06000061,North Northamptonshire,Corby,other,approved,Full,2019-05-06,2019-06-27,high,"Re-new side windows, introduce first floor level to Mosque, fit staircase and rear entrance",Corby Muslim Association 33 Stuart Road Corby Northamptonshire NN17 1RL,-0.69763,52.48777,https://www.planit.org.uk/planapplic/Corby/19/00163/DPA/
Calderdale/19/00346/FUL,E08000033,Calderdale,Calderdale,use_to,refused,Full,2019-05-01,2019-05-13,high,Change of use of building from commercial storage (B8) to a mosque and education centre ( D1) and associated car parking.,151 Spring Hall Lane Halifax Calderdale HX1 4TN,-1.89018,53.72429,https://www.planit.org.uk/planapplic/Calderdale/19/00346/FUL/
Liverpool/19L/0727,E08000012,Liverpool,Liverpool,demolition,pending,Heritage,2019-04-30,,high,"To carry out various internal and external alterations including demolition of internal adjoining wall in connection with proposed change of use of former council offices to community centre, extension to existing mosque, offices, classrooms cafÚ/restaurants, hammam, and make changes to layout of Ne","1-10 Brougham Terrace, West Derby Road, Everton, Liverpool, L6 1AE",-2.96069,53.41419,https://www.planit.org.uk/planapplic/Liverpool/19L/0727/
EastStaffordshire/P/2019/00260,E07000193,East Staffordshire,East Staffordshire,new_build,approved,Outline,2019-04-13,2022-06-29,high,Outline application for the erection of a replacement mosque and community centre including details of access and layout.,Central Mosque Burton 231 Uxbridge Street Burton upon Trent Staffordshire DE14 3LA,-1.64324,52.79706,https://www.planit.org.uk/planapplic/EastStaffordshire/P/2019/00260/
Manchester/122802/FO/2019,E08000003,Manchester,Manchester,use_to,approved,Full,2019-03-22,2019-04-15,high,Change of use of a vacant probation office (Class B1) to a community centre (Class D1) in association with the neighbouring mosque together with a new boundary treatment.,20 Humphrey Street Manchester M8 9JR,-2.24304,53.51111,https://www.planit.org.uk/planapplic/Manchester/122802/FO/2019/
Manchester/120677/FO/2018,E08000003,Manchester,Manchester,new_build,approved,Full,2019-03-10,2019-03-13,high,Erection of single storey rear extension to existing mosque (Class D1),11A Bedford Avenue Manchester M16 8JS,-2.26286,53.44734,https://www.planit.org.uk/planapplic/Manchester/120677/FO/2018/
Bolton/05080/18,E08000001,Bolton,Bolton,new_build,approved,Outline,2019-03-06,2019-03-07,high,"OUTLINE APPLICATION FOR DEMOLITION OF MOSQUE AND ERECTION OF A REPLACEMENT MOSQUE, MADRASAH AND COMMUNITY CENTRE (ACCESS AND LAYOUT DETAILS ONLY)",Makkah Mosque Grecian Crescent Bolton BL3 6QU,-2.429,53.56592,https://www.planit.org.uk/planapplic/Bolton/05080/18/
Leicester/20182713,E06000016,Leicester,Leicester,new_build,approved,Full,2019-03-05,2019-09-20,high,CONSTRUCTION OF TWO STOREY AND FIRST FLOOR FRONT AND SIDE EXTENSIONS; RAISED RIDGE HEIGHT; CONSTRUCTION OF DOME ON ROOF OF MOSQUE; CONSTRUCTION OF SPIRE; EXTERNAL ALTERATIONS (CLASS D1),"80 EVINGTON VALLEY ROAD, JAMIA MASJID E BILAL",-1.10169,52.6267,https://www.planit.org.uk/planapplic/Leicester/20182713/
Swansea/2019/0243/FUL,W06000011,Swansea,Swansea,use_away,approved,Full,2019-02-28,2019-03-20,high,Retention of change of use of ground floor from a Mosque (Class D1) to a retail shop (Class A1) and new shopfront.,14-15 St Helens Road Sandfields Swansea SA1 4AW,-3.95136,51.61858,https://www.planit.org.uk/planapplic/Swansea/2019/0243/FUL/
SouthLanarkshire/P/18/0480,S12000029,South Lanarkshire,South Lanarkshire,new_build,approved,Full,2019-02-28,2019-02-21,high,Erection of two storey extension to rear of mosque,48 Greenhill Road Rutherglen G73 2SS,-4.21283,55.82679,https://www.planit.org.uk/planapplic/SouthLanarkshire/P/18/0480/
Coventry/FUL/2019/0075,E08000026,Coventry,Coventry,use_to,approved,Full,2019-02-27,2019-03-18,high,"Change of Use from Warehouse / Offices (B1) to Mosque, Community and Education Centre (D1) and minor external alterations","Coventry Muslim Swahili Association, 88 Paynes Lane, Coventry, CV1 5LJ",-1.49255,52.41067,https://www.planit.org.uk/planapplic/Coventry/FUL/2019/0075/
Trafford/96470/VAR/18,E08000009,Trafford,Trafford,admin,refused,Conditions,2019-02-23,2019-11-05,medium,Application for variation of condition 2 on planning permission H/65641 (Retrospective planning application for change of use of ground floor from retail (class A1) to Islamic Community Centre (class D1). Retention of single storey rear extension providing lobby area). To vary the opening hours of t,14 Moss Road Stretford Manchester M32 0AH,-2.30996,53.45116,https://www.planit.org.uk/planapplic/Trafford/96470/VAR/18/
Merton/19/P0139,E09000024,Merton,Merton,admin,approved,Conditions,2019-02-09,2019-02-12,high,APPLICATION TO VARY CONDITION 1 (TO EXTEND PERIOD OF PERMISSION) ATTACHED TO LBM VARIATION OF CONDITION 17/P0232 ATTACHED TO LBM PLANNING PERMISSION 14/P4433 FOR THE ERECTION OF A TEMPORARY BUILDING FOR THE DURATION OF CONSTRUCTION OF NEW MOSQUE.,"54 Merton High Street London, SW19 1DH",-0.18345,51.41636,https://www.planit.org.uk/planapplic/Merton/19/P0139/
Birmingham/2018/05584/PA,E08000025,Birmingham,Birmingham,other,approved,Full,2019-02-06,2019-05-03,high,"Continuation of use as a mosque, proposed alterations to the front and side elevations and new front boundary wall",147-149 Fentham Road Aston Birmingham B6 6LX,-1.89472,52.50738,https://www.planit.org.uk/planapplic/Birmingham/2018/05584/PA/
Bedford/18/03105/S73,E06000055,Bedford,Bedford,admin,approved,Conditions,2019-01-24,2019-01-28,high,"17/00003/S73 - Variation of condition 2 (approved plans) to substitute approved windows for grey aluminium windows - (14/01196/FUL - Amendment to condition 1 of 16/03184/NMA to include amended plans showing increased building height and amendments to elevations, dome and minarets. (Two storey extens",Jamia Masjid Hanfia Ghosia Ford End Road Bedford Bedfordshire MK40 4JG,-0.48294,52.13273,https://www.planit.org.uk/planapplic/Bedford/18/03105/S73/
Birmingham/2018/10165/PA,E08000025,Birmingham,Birmingham,use_to,withdrawn,Full,2019-01-23,,high,Change of use of second floor to Islamic Centre (Use Class D1),The Rex Centre 426-434 Coventry Road Small Heath Birmingham B10 0UG,-1.85907,52.47013,https://www.planit.org.uk/planapplic/Birmingham/2018/10165/PA/
Bassetlaw/18/01551/VOC,E07000171,Bassetlaw,Bassetlaw,admin,approved,Conditions,2019-01-04,2019-01-30,medium,"Variation of Conditions 2, 7 and 8 on P/A 16/01272/COU - Change of Use from (Vacant) Office Accommodation to Islamic Community Centre. Work to Include Provision of Level Platforms to External Exits, Including An Accessible (Ramped) Access and Extending the Premises at the Rear and Part of Side (Sout",34 Watson Road Worksop Nottinghamshire,-1.12169,53.30371,https://www.planit.org.uk/planapplic/Bassetlaw/18/01551/VOC/
Wandsworth/2015/6811,E09000032,Wandsworth,Wandsworth,new_build,approved,Full,2018-12-27,2020-12-23,high,"Redevelopment of part of the site including the partial demolition of existing west wing of the administration block and hall to create 1263 sqm of additional floorspace, including the erection of a two-storey extension to the administration block, a new multi-purpose hall with single-storey extensi",The London Mosque 16 Gressenhall Road SW18 5QL,-0.20739,51.45115,https://www.planit.org.uk/planapplic/Wandsworth/2015/6811/
Bassetlaw/18/01552/COND,E07000171,Bassetlaw,Bassetlaw,admin,approved,Conditions,2018-12-27,2019-01-23,medium,"Discharge of Conditions 4, 5, 6 and 9 on P/A 16/01272/COU - Change of Use from (Vacant) Office Accommodation to Islamic Community Centre. Work to Include Provision of Level Platforms to External Exits, Including An Accessible (Ramped) Access and Extending the Premises at the Rear and Part of Side (S",34 Watson Road Worksop Nottinghamshire,-1.12169,53.30371,https://www.planit.org.uk/planapplic/Bassetlaw/18/01552/COND/
Sandwell/DC/18/62418,E08000028,Sandwell,Sandwell,extension,approved,Full,2018-12-13,2019-02-14,high,Proposed two storey Islamic centre with a linking walkway at first floor to the existing mosque centre with associated parking.,Cradley Heath Mosque And Islamic Centre Plant Street Cradley Heath B64 6EZ,-2.07544,52.47355,https://www.planit.org.uk/planapplic/Sandwell/DC/18/62418/
TowerHamlets/PA/18/02998/NC,E09000030,Tower Hamlets,Tower Hamlets,use_away,approved,Full,2018-12-13,2019-03-21,high,"The application proposes:a) Change of use from a mosque (D1 use class) to retail (A1 use class) at ground floor and office (B1 use class) on the first floorb) Alterations consisting of ? Replacement of all existing windows, including enlargement of windows on west elevation ? New metal fence to the ","42 Redchurch Street, London, E2 7DP",-0.07501,51.52425,https://www.planit.org.uk/planapplic/TowerHamlets/PA/18/02998/NC/
NorthLanarkshire/18/01590/FUL,S12000050,North Lanarkshire,North Lanarkshire,extension,approved,Full,2018-12-10,2019-01-21,high,External Alterations and Extension to Islamic Centre,Islamic Centre 2 Donnelly Way Etna Industrial Estate Wishaw North Lanarkshire ML2 7XA,-3.95847,55.78,https://www.planit.org.uk/planapplic/NorthLanarkshire/18/01590/FUL/
Cardiff/18/02618/MNR,W06000015,Cardiff,Cardiff,use_away,approved,Full,2018-12-07,2019-02-26,high,EXTENSION TO SIDE AND CHANGE OF USE FROM (C3) OF THE GROUND FLOOR OF HOUSE NO 65 TO (D1) CHILDREN STUDY SPACE TO FACILITATE THE MOSQUE RETAINING RESIDENTIAL USE AT FIRST FLOOR,Madras Taleemul Quaran Severn Road Mosque Severn Road Pontcanna Cardiff CF11 9EA,-3.2003,51.48369,https://www.planit.org.uk/planapplic/Cardiff/18/02618/MNR/
Hinckley/18/01070/FUL,E07000132,Hinckley and Bosworth,Hinckley and Bosworth,use_to,approved,Full,2018-11-29,2018-12-17,high,Change of use of office to mosque,The Grange Watling Street Nuneaton Warwickshire CV11 6BE,-1.42359,52.54686,https://www.planit.org.uk/planapplic/Hinckley/18/01070/FUL/
Sheffield/18/02915/FUL,E08000019,Sheffield,Sheffield,new_build,approved,Full,2018-11-29,2019-01-30,high,Alterations and erection of two storey extension and use of No. 16 Wilfrid Road as part of existing Mosque and Cultural Centre,14 To 16 Wilfrid Road Sheffield S9 3ES,-1.4239,53.38931,https://www.planit.org.uk/planapplic/Sheffield/18/02915/FUL/
Cambridge/17/1775/COND5,E07000008,Cambridge,Cambridge,other,approved,Conditions,2018-11-26,2018-12-13,high,Condition 5 (partial discharge - materials for main mosque building) - Sample panel,Mill Road Mosque 311 Mill Road Cambridge Cambridgeshire CB1 3DF,0.15223,52.19722,https://www.planit.org.uk/planapplic/Cambridge/17/1775/COND5/
Hackney/2018/2609,E09000012,Hackney,Hackney,extension,refused,Full,2018-11-20,2018-11-20,high,First and second floor side extension to the existing Mosque to create a residential unit.,"Stoke Newington Baptist Church, 117 Stoke Newington Road, Hackney, London, N16 8BU",-0.07493,51.55552,https://www.planit.org.uk/planapplic/Hackney/2018/2609/
Eastbourne/180958,E07000061,Eastbourne,Eastbourne,extension,approved,Full,2018-11-17,2018-10-15,medium,Part retrospective single storey covered main entrance of 18m2 to thereplacement Islamic Cultural Centre with internal stair to the first floor,Islamic Community Centre Ashford Square Eastbourne East Sussex BN21 3TX,0.2869,50.77271,https://www.planit.org.uk/planapplic/Eastbourne/180958/
Burnley/APP/2018/0477,E07000117,Burnley,Burnley,use_to,approved,Full,2018-10-30,2018-11-20,high,Proposed change of use from two residential dwellings to form part of the mosque with a two storey extension and dormer to rear elevation,4-6 Clegg Street Burnley Lancashire BB10 1AX,-2.24125,53.7987,https://www.planit.org.uk/planapplic/Burnley/APP/2018/0477/
Luton/17/01895/COU,E06000032,Luton,Luton,use_to,approved,Amendment,2018-10-25,2018-11-09,high,Change of use of redundant/vacant former post office sorting office to new mosque premises,Leagrave Delivery Office Sarum Road Luton Bedfordshire LU3 2RA,-0.45313,51.90319,https://www.planit.org.uk/planapplic/Luton/17/01895/COU/
Wycombe/18/07150/FUL,E06000060,Buckinghamshire,Wycombe,new_build,approved,Full,2018-10-08,2019-11-11,high,Construction of two storey rear extension to Mosque to provide prayer room with lower ground parking underneath and associated works,85 Rutland Avenue High Wycombe Buckinghamshire HP12 3JQ,-0.77948,51.62917,https://www.planit.org.uk/planapplic/Wycombe/18/07150/FUL/
Sheffield/18/02568/FUL,E08000019,Sheffield,Sheffield,new_build,approved,Full,2018-10-04,2018-12-03,high,"Partial demolition/re-building of mosque including internal alterations with creation of 2nd floor level space, first floor extension and erection of a three-storey rear extension as amended 29.11.18 and 30.11.18",Al Rahman Mosque 7 And 9 Gower Street Sheffield S4 7HA,-1.45771,53.39318,https://www.planit.org.uk/planapplic/Sheffield/18/02568/FUL/
Bristol/18/03576/COND,E06000023,"Bristol, City of",Bristol,use_to,approved,Conditions,2018-09-19,2018-10-23,high,Application to approve details in relation to condition 2(Noise) 3(insulation) 4(refuse) 5(redundant access ways) 6(car parking) 7 (cycle)8 (refuse and recycling) 9(parking and servicing ) 10(travel Plan) 11(parking management) 12(external sound) 13 (internal sound) 14(noise Plant) 15(Restriction of,Tawfiq Mosque And Centre Aiken Street Bristol BS5 9TG,-2.56272,51.45349,https://www.planit.org.uk/planapplic/Bristol/18/03576/COND/
TowerHamlets/PA/18/02043/NC,E09000030,Tower Hamlets,Tower Hamlets,use_away,pending,Full,2018-09-06,,high,"The application proposes:a) Change of use from a mosque (D1 use class) to retail (A1 use class) at ground floor and live/work use on the first floorb) Alterations consisting of Replacement of all existing windows to the front, corner, rear and side elevations with new windowsShopfront door to be rel","42 Redchurch Street, London, E2 7DP",-0.07458,51.52431,https://www.planit.org.uk/planapplic/TowerHamlets/PA/18/02043/NC/
Bedford/18/01865/S73,E06000055,Bedford,Bedford,admin,approved,Conditions,2018-08-17,2018-09-03,high,"17/00003/S73 - Variation of approved plans condition 2 to amend the brick type (14/01196/FUL - Amendment to condition 1 of 16/03184/NMA to include amended plans showing increased building height and amendments to elevations, dome and minarets. (Two storey extensions to Mosque to include installation",Jamia Masjid Hanfia Ghosia Ford End Road Bedford Bedfordshire MK40 4JG,-0.48294,52.13273,https://www.planit.org.uk/planapplic/Bedford/18/01865/S73/
MidSussex/DM/18/0484,E07000228,Mid Sussex,Mid Sussex,extension,approved,Full,2018-08-10,2018-09-17,high,Proposed two storey extension to the rear of existing mosque and installation of mezanine floor at first floor level. Proposed alterations to the front elevation for disabled access to include a ramp. Planning Statement and amended plans received 17.07.2018 showing proposed dormers windows removed f,130 Lower Church Road Burgess Hill West Sussex RH15 9AB,-0.1381,50.95728,https://www.planit.org.uk/planapplic/MidSussex/DM/18/0484/
Glasgow/18/02141/FUL,S12000049,Glasgow City,Glasgow,extension,approved,Full,2018-08-03,2018-09-04,high,Use of premises (Class 4) as community facility extension to mosque and external alterations,Mosque 19 Carrington Street Glasgow G4 9AJ,-4.27137,55.87149,https://www.planit.org.uk/planapplic/Glasgow/18/02141/FUL/
Rochdale/18/00560/FUL,E08000005,Rochdale,Rochdale,extension,approved,Full,2018-08-02,2018-08-17,high,Installation of an extension at second floor level in place of existing terrace and new external staircase on the side elevation facing Golden Mosque,Community Teaching Hub Golden Mosque Lower Sherriff Street Rochdale OL12 6TG,-2.16565,53.61832,https://www.planit.org.uk/planapplic/Rochdale/18/00560/FUL/
Coventry/FUL/2018/1513,E08000026,Coventry,Coventry,use_to,refused,Full,2018-08-01,2018-08-15,high,"Change of use from warehouse / offices (B1) to Mosque, Community and Education Centre.","Coventry Muslim Swahili Association, 88 Paynes Lane, Coventry, CV1 5LJ",-1.49279,52.41096,https://www.planit.org.uk/planapplic/Coventry/FUL/2018/1513/
Glasgow/18/02011/FUL,S12000049,Glasgow City,Glasgow,new_build,approved,Full,2018-07-27,2019-05-21,high,"Erection of two storey extensions to front, side and rear of mosque (Class 10), includes associated car parking and landscaping works",79 Forth Street Glasgow G41 2SP,-4.26977,55.84221,https://www.planit.org.uk/planapplic/Glasgow/18/02011/FUL/
Stoke/62753/PLOB,E06000021,Stoke-on-Trent,Stoke on Trent,new_build,approved,Conditions,2018-07-25,2018-07-25,high,Variation of Section 106 legal agreement associated with planning permission 51625/FUL (Erection of a three storey mosque with associated parking and landscaping),"Unit 1, Denton Works and land opposite on Chaplin Road, Longton, Stoke-on-Trent, ST3 4QQ",-2.12209,52.98158,https://www.planit.org.uk/planapplic/Stoke/62753/PLOB/
Southwark/18/AP/1431,E09000028,Southwark,Southwark,new_build,approved,Full,2018-07-19,2018-11-20,medium,"Demolition of existing building and the erection of a 6 storey building (plus basement) containing an Islamic Cultural Centre for religious, educational, community and leisure use, including 1 service parking space and retail uses on ground floor (REVISED DESCRIPTION).",365 Old Kent Road London SE1 5JH,-0.07508,51.4877,https://www.planit.org.uk/planapplic/Southwark/18/AP/1431/
MidKent/18/502567/FULL,E07000110,Maidstone,Mid Kent,other,refused,Full,2018-07-03,2018-08-02,high,"The redevelopment of Maidstone Mosque with associated facilities including a residential flat, two retail units and ancillary accommodation (resubmission of 16/500411/FULL).",20-28 Mote Road Maidstone Kent ME15 6ES,0.5271,51.27044,https://www.planit.org.uk/planapplic/MidKent/18/502567/FULL/
Oldham/PA/341776/18,E08000004,Oldham,Oldham,new_build,approved,Full,2018-06-06,2018-06-25,high,Single storey extension to existing mosque to be used for funeral services and erection of a security fence to perimeter,Madina Mosque And Islamic Centre Stansfield Street Oldham OL1 2HA,-2.12214,53.54969,https://www.planit.org.uk/planapplic/Oldham/PA/341776/18/
Barking/18/00701/FUL,E09000002,Barking and Dagenham,Barking and Dagenham,admin,approved,Full,2018-05-25,2018-06-11,high,Application for variation of condition following grant of planning permission 14/00831/FUL: Variation of condition 6 to additionally allow use of the mosque between the hours of 7.00am and 12:45am from 15 May to 14 June 2018 for Ramadan.,"Masjid E Umar Essex Islamic Academy, 343 Ripple Road, Barking, Barking And Dagenham, IG11 7RJ",0.09327,51.53572,https://www.planit.org.uk/planapplic/Barking/18/00701/FUL/
Sandwell/DC/18/61648,E08000028,Sandwell,Sandwell,demolition,approved,Full,2018-04-24,2018-05-21,high,Proposed two storey extension (demolition of existing old section of mosque building).,Smethwick Bangladeshi Muslim Welfare Association 253 Halfords Lane Smethwick B66 1BD,-1.96762,52.50219,https://www.planit.org.uk/planapplic/Sandwell/DC/18/61648/
Manchester/119368/FO/2018,E08000003,Manchester,Manchester,new_build,approved,Full,2018-04-16,2018-08-22,high,"Erection of an infill extension between existing mosque and existing hall fronting onto Beresford Road, and erection of first floor extension above the existing hall, together with re-configuration of the external areas including car parking, bin storage and cycle storage",NGM Islamic Centre Beresford Road Manchester M13 0GT,-2.20342,53.45331,https://www.planit.org.uk/planapplic/Manchester/119368/FO/2018/
Manchester/109939/FO/2015/S1,E08000003,Manchester,Manchester,new_build,approved,Full,2018-04-10,2019-03-19,high,"Erection of part three, part two-storey building to form educational academy (Madrasa) including residential accommodation for visiting students, with basement and surface car parking, new vehicular access, boundary wall and landscaping, in connection with the adjoining mosque",Site Of Former Gartness House Upper Park Road Rusholme Manchester M14 5RU,-2.21926,53.45609,https://www.planit.org.uk/planapplic/Manchester/109939/FO/2015/S1/
Glasgow/18/00800/FUL,S12000049,Glasgow City,Glasgow,new_build,approved,Full,2018-04-06,2018-05-15,high,Erection of single storey extension to mosque.,Mosque 1 Mosque Avenue Glasgow G5 9TA,-4.25151,55.85208,https://www.planit.org.uk/planapplic/Glasgow/18/00800/FUL/
Coventry/FUL/2018/0521,E08000026,Coventry,Coventry,use_to,withdrawn,Full,2018-04-05,2018-04-18,high,"Change of use from Warehouse / Offices (B1) to Mosque, Community and Education Centre (D1) and elevational alteration",88 Paynes Lane Coventry CV1 5LJ,-1.49279,52.41096,https://www.planit.org.uk/planapplic/Coventry/FUL/2018/0521/
Ealing/180035FUL,E09000009,Ealing,Ealing,extension,approved,Full,2018-04-02,2018-05-03,high,"Redevelopment of existing (Jamia Masjid Aystha & Islamic Centre) to create a two-storey Community Centre and Place of Worship (D1/D2), including a two-bedroom flat to the second floor level, installation of four rooflights to the front roof slope and a single-storey outbuilding to be used for abluti",2 - 4 Eccleston Road West Ealing W13 0RL,-0.32884,51.51,https://www.planit.org.uk/planapplic/Ealing/180035FUL/
Luton/18/00112/FUL,E06000032,Luton,Luton,extension,approved,Full,2018-03-23,2018-04-26,high,Proposed rear ground floor extension and porch enlargement of Mosque,314 Biscot Road Luton Bedfordshire LU3 1AZ,-0.43217,51.89576,https://www.planit.org.uk/planapplic/Luton/18/00112/FUL/
Glasgow/18/00438/FUL,S12000049,Glasgow City,Glasgow,other,withdrawn,Full,2018-03-02,2018-07-03,high,"Use of premises (Class 4) as Community Facility (Class 10) for adjoining Al Furqan Mosque, includes external alterations #WITHDRAWN#",118 West Princes Street Glasgow G4 9DB,-4.2713,55.87147,https://www.planit.org.uk/planapplic/Glasgow/18/00438/FUL/
Manchester/118595/FO/2017,E08000003,Manchester,Manchester,extension,approved,Full,2018-02-28,2018-04-12,high,Part Retrospective application for the retention of a 2 storey building to form residential dwelling with undercroft car parking for use by Dar Ul Loom Mosque and associated boundary treatments (resubmission of expired permission 099548/FO/2012/N2),"Land To The Rear Of 53-87 Stamford Road, Land To The Rear Of 48-82 Slade Grove And Land Adjacent To 4 Hawkhurst Road Manchester M13 0ST",-2.20244,53.45367,https://www.planit.org.uk/planapplic/Manchester/118595/FO/2017/
Sheffield/18/00331/FUL,E08000019,Sheffield,Sheffield,new_build,approved,Full,2018-02-21,2018-03-21,high,Use of light industrial building (B1 Use Class) as a temporary mosque (D2 Use Class) and erection of a minaret (Amended description),Jamia Mosque & Usmania Education Centre 22 Leyburn Road Sheffield S8 0XA,-1.48222,53.35735,https://www.planit.org.uk/planapplic/Sheffield/18/00331/FUL/
TowerHamlets/PA/17/03074/A1,E09000030,Tower Hamlets,Tower Hamlets,new_build,approved,Full,2018-02-21,2018-11-13,high,Retrospective application for the retention of a four-storey rear extension and the continued use of the entire building as a mosque together with the replacement of a ventilation system internally with its outlet at rear and the replacement of one window at front (to match existing).,"53 - 55 Redchurch Street, London, E2 7DJ",-0.07478,51.52457,https://www.planit.org.uk/planapplic/TowerHamlets/PA/17/03074/A1/
Sheffield/18/00135/FUL,E08000019,Sheffield,Sheffield,extension,approved,Full,2018-02-14,2018-04-24,high,Two-storey/single-storey side extensions to both sides of mosque.,Jamiyat Tablig Ul Islam Mosque 30 Bodmin Street Sheffield S9 3TA,-1.43074,53.3941,https://www.planit.org.uk/planapplic/Sheffield/18/00135/FUL/
Birmingham/2017/10792/PA,E08000025,Birmingham,Birmingham,new_build,approved,Full,2018-02-09,2022-03-18,high,Demolition of existing buildings on site and the erection of a new build mosque (with caretakers flat) also providing community and education functions together with associated on site parking.,Muhul Islam Saddigue Mosque 12 Victoria Road Aston Birmingham B6 5HA,-1.89664,52.50266,https://www.planit.org.uk/planapplic/Birmingham/2017/10792/PA/
Cardiff/18/00027/MJR,W06000015,Cardiff,Cardiff,extension,approved,Full,2018-02-06,2018-03-15,high,"ALTERATIONS AND EXTENSIONS TO EXISTING MOSQUE (USE CLASS D1, NON-RESIDENTIAL INSTITUTIONS) INCLUDING TWO-STOREY MOSQUE WITH MINARET, DOME, ATTACHED TWO- STOREY IMAM'S RESIDENCE AND SINGLE STOREY DETACHED COMMUNITY FACILITY TOGETHER WITH PARKING AND ASSOCIATED WORKS.",Former Ian Williams Ltd Sanatorium Road Canton Cardiff CF11 8SU,-3.21367,51.47954,https://www.planit.org.uk/planapplic/Cardiff/18/00027/MJR/
Oldham/PA/341219/17,E08000004,Oldham,Oldham,extension,approved,Full,2018-02-06,2018-03-02,high,1) Change of use from mosque (Use Class D1 Non-residential institutions) to domestic use (Use Class C3) 2) External alterations 3) Internal alterations 4) Rear dormer (Re-submission of app no. PA/340425/17),52-54 Orme Street Oldham OL4 1RZ,-2.10454,53.53679,https://www.planit.org.uk/planapplic/Oldham/PA/341219/17/
Cardiff/16/02196/MJR,W06000015,Cardiff,Cardiff,use_away,refused,Full,2018-02-06,2017-03-15,high,"CHANGE OF USE, ALTERATIONS, AND EXTENSIONS TO FORM CLASS D1 (NON-RESIDENTIAL INSTITUTIONS) PLACE OF WORSHIP, INCLUDING TWO-STOREY MOSQUE WITH MINARET, DOME, ATTACHED TWO-STOREY IMAM'S RESIDENCE AND SINGLE-STOREY DETACHED COMMUNITY FACILITY TOGETHER WITH PARKING AND ASSOCIATED WORKS",Former Ian Williams Ltd Sanatorium Road Canton Cardiff CF11 8SU,-3.21367,51.47954,https://www.planit.org.uk/planapplic/Cardiff/16/02196/MJR/
Kirklees/2017/93625,E08000034,Kirklees,Kirklees,new_build,approved,Full,2017-12-28,2018-07-13,high,Erection of extension to existing mosque and alterations,"Pilgrim Avenue, Dewsbury Moor, Dewsbury, WF13 3NJ",-1.65387,53.6877,https://www.planit.org.uk/planapplic/Kirklees/2017/93625/
Cardiff/17/02791/MNR,W06000015,Cardiff,Cardiff,other,approved,Full,2017-12-20,2018-02-28,medium,RELOCATION OF ISLAMIC AND CULTURAL CENTRE FROM 33 CLARE ROAD TO VACANT STORES BUILDING AT 27-31 CLARE ROAD WITH CHANGE OF USE.,27-31 Clare Road Grangetown Cardiff CF11 6QP,-3.18692,51.47487,https://www.planit.org.uk/planapplic/Cardiff/17/02791/MNR/
Cambridge/17/1775/S73,E07000008,Cambridge,Cambridge,admin,approved,Conditions,2017-11-24,2018-02-02,high,"Section 73 application to vary condition 1 (Approved Drawings) of permission 17/0095/S73 (Demolition of disused storage building, relocation of electricity sub-station and erection of building for place of worship (mosque) and community facilities (all D1 Use Class), cafe (A3 Use Class), 2 social re",Mill Road Mosque 311 Mill Road Cambridge Cambridgeshire CB1 3DF,0.15223,52.19722,https://www.planit.org.uk/planapplic/Cambridge/17/1775/S73/
Manchester/117640/FO/2017,E08000003,Manchester,Manchester,new_build,approved,Full,2017-11-14,2017-11-17,high,"Erection of a replacement two-storey mosque, with domed roof, and associated parking, landscaping and boundary treatment.",Iklhass Masjid Mosque Halliwell Lane Manchester M8 9DR,-2.24724,53.50791,https://www.planit.org.uk/planapplic/Manchester/117640/FO/2017/
Sheffield/17/04163/FUL,E08000019,Sheffield,Sheffield,extension,approved,Full,2017-11-09,2018-02-06,high,"Single storey front and rear extensions, including access steps to Mosque",Jamia Al-Furqaan Mosque 703 Abbeydale Road Sheffield S7 2BE,-1.48527,53.35485,https://www.planit.org.uk/planapplic/Sheffield/17/04163/FUL/
Calderdale/17/01213/FUL,E08000033,Calderdale,Calderdale,extension,approved,Full,2017-10-30,2017-11-28,high,Proposed front porch to mosque entrance,92 Hopwood Lane Halifax Calderdale HX1 4EJ,-1.88219,53.72062,https://www.planit.org.uk/planapplic/Calderdale/17/01213/FUL/
Ealing/177619NMA,E09000009,Ealing,Ealing,admin,withdrawn,Amendment,2017-10-25,2020-08-28,high,"Application for a non-material amendment (S96a) to planning permission ref PP/2012/3271 dated 14/05/2014 for 'Redevelopment of existing Islamic Centre to create a new community Centre and place of worship (D1/D2) including ancillary creche, cafe, bookshop,gym and residential (2 x 2 bed flats) and ca",West London Islamic Centre Brownlow Road West Ealing London W13 0SQ,-0.32636,51.51045,https://www.planit.org.uk/planapplic/Ealing/177619NMA/
Kirklees/2017/92958,E08000034,Kirklees,Kirklees,demolition,approved,Full,2017-10-10,2017-12-20,high,"Alteration and extension to community and recreation centre and mosque with ancillary residential accommodation, car parking, landscaping and revised boundary treatment including demolition of existing outbuilding","Baitul Tauhid Mosque, Spaines Road, Fartown, Huddersfield, HD2 2SD",-1.78561,53.66193,https://www.planit.org.uk/planapplic/Kirklees/2017/92958/
Rochdale/17/00915/FUL,E08000005,Rochdale,Rochdale,extension,approved,Full,2017-10-09,2017-10-17,high,Single storey extension to rear of existing Mosque to provide a new mortuary and funeral facility,Jalalia Jame Mosque Nile Street Rochdale OL16 2EB,-2.14715,53.61925,https://www.planit.org.uk/planapplic/Rochdale/17/00915/FUL/
Ealing/174292NMA,E09000009,Ealing,Ealing,admin,refused,Amendment,2017-09-27,2017-09-08,high,"Application for a Non-Material Amendment (s.96A) (in relation to planning permission reference PP/2012/3271 dated 14.05.2014 for 'Redevelopment of existing Islamic Centre to create new Community Centre and place of worship (D1/D2) including ancillary crFche, cafe, bookshop, gym and residential (2 x ",West London Islamic Centre Brownlow Road West Ealing London W13 0SQ,-0.32636,51.51045,https://www.planit.org.uk/planapplic/Ealing/174292NMA/
Oldham/PA/340425/17,E08000004,Oldham,Oldham,use_away,refused,Full,2017-09-12,2017-10-17,high,1) Change of use from Mosque (Use class D1) to form two dwellinghouses (Use class C3) 2) External alterations 3) Internal alterations 4) Dormer to the rear.,52-54 Orme Street Oldham OL4 1RZ,-2.10419,53.53664,https://www.planit.org.uk/planapplic/Oldham/PA/340425/17/
Bradford/17/03754/FUL,E08000032,Bradford,Bradford,extension,approved,Full,2017-09-08,2017-09-07,medium,Three storey extension to existing Islam welfare and education centre,80 Beamsley Road Shipley West Yorkshire BD18 2DR,-1.7741,53.82189,https://www.planit.org.uk/planapplic/Bradford/17/03754/FUL/
MiltonKeynes/17/02045/FUL,E06000042,Milton Keynes,Milton Keynes,use_away,approved,Full,2017-09-04,2017-09-21,high,Change of use of existing ancillary accommodation to mosque (D2 use class) to create a C3 dwelling,Flat Above 95 Manor Road Bletchley Milton Keynes MK2 2GT,-0.72162,51.98936,https://www.planit.org.uk/planapplic/MiltonKeynes/17/02045/FUL/
WesternIsles/17/00307/PPD,S12000013,Na h-Eileanan Siar,Western Isles,extension,approved,Full,2017-08-24,2017-08-31,high,"Alter existing semi-derelict store building (remove chimneys, storm and dormer windows, re-cover roof, renew windows, doors and rainwater goods) and change use to a Mosque",Community Centre James Street Stornoway Isle Of Lewis,-6.38396,58.20795,https://www.planit.org.uk/planapplic/WesternIsles/17/00307/PPD/
Bolton/01408/17,E08000001,Bolton,Bolton,admin,approved,Full,2017-08-17,2017-09-06,high,VARIATION OF CONDITIONS ON APPLICATION 94338/15 (TO ALLOW USE OF PREMISES AS A PRAYER HALL DURING CONSTRUCTION OF ADJACENT MOSQUE).,56-58 Gibraltar Street Bolton BL3 5ED,-2.44358,53.57394,https://www.planit.org.uk/planapplic/Bolton/01408/17/
Barking/17/01059/FUL,E09000002,Barking and Dagenham,Barking and Dagenham,new_build,refused,Full,2017-08-10,2017-08-25,high,"Alterations to mosque involving erection of first and second floor (loft) rear extensions and hip to gable roof alteration to provide kitchen, WCs and office/library accommodation.","Masjid E Umar Essex Islamic Academy, 343 Ripple Road, Barking, Barking And Dagenham, IG11 7RJ",0.09246,51.53566,https://www.planit.org.uk/planapplic/Barking/17/01059/FUL/
TowerHamlets/PA/17/01547/A1,E09000030,Tower Hamlets,Tower Hamlets,use_to,approved,Full,2017-07-17,2018-10-12,high,Change of use from retail unit (use class A1) to Cultural Centre and Masjid (use class D1) (Retrospective),"162 Pigott Street, London, E14 7DW",-0.02555,51.5129,https://www.planit.org.uk/planapplic/TowerHamlets/PA/17/01547/A1/
TowerHamlets/PA/17/01547,E09000030,Tower Hamlets,Tower Hamlets,use_to,approved,Full,2017-07-17,2018-10-12,high,Change of use from retail unit (use class A1) to Cultural Centre and Masjid (use class D1) (Retrospective),"162 Pigott Street, London, E14 7DW",-0.02555,51.5129,https://www.planit.org.uk/planapplic/TowerHamlets/PA/17/01547/
TowerHamlets/PA/17/01547/NC,E09000030,Tower Hamlets,Tower Hamlets,use_to,approved,Full,2017-07-17,2018-10-12,high,Change of use from retail unit (use class A1) to Cultural Centre and Masjid (use class D1) (Retrospective),"162 Pigott Street, London, E14 7DW",-0.02555,51.5129,https://www.planit.org.uk/planapplic/TowerHamlets/PA/17/01547/NC/
Blackburn/10/17/0722,E06000008,Blackburn with Darwen,Blackburn,extension,approved,Full,2017-07-13,2017-08-07,high,Proposed single storey extension to the existing Mosque to provide disabled access and improved entrance area,Masjid E Momineen Mosque Ash Street BLACKBURN BB1 6LX,-2.46886,53.75739,https://www.planit.org.uk/planapplic/Blackburn/10/17/0722/
Ealing/172932CND,E09000009,Ealing,Ealing,extension,approved,Conditions,2017-07-04,2017-08-01,high,"Details of construction management plan pursuant to condition 5 of planning permission PP/2012/3271 dated 14/05/2014 for 'Redevelopment of existing Islamic Centre to create new Community Centre and place of worship (D1/D2) including ancillary creche, cafe, bookshop, gym and residential (2 x 2 bed fl",West London Islamic Centre Brownlow Road West Ealing W13 0SQ,-0.32625,51.51032,https://www.planit.org.uk/planapplic/Ealing/172932CND/
Ealing/175320CND,E09000009,Ealing,Ealing,new_build,approved,Conditions,2017-06-02,2017-06-07,high,"Details of construction management plan pursuant to condition 16 of ref P/2013/1819 dated 15/03/2016 for Construction of a three storey building plus basement (Use Class D1) for use as a place of worship, education, training and other community facilities (following demolition of the existing mosque",11 Boyd Avenue Southall Middlesex UB1 3BT,-0.37308,51.51004,https://www.planit.org.uk/planapplic/Ealing/175320CND/
MiltonKeynes/17/00901/FUL,E06000042,Milton Keynes,Milton Keynes,other,withdrawn,Full,2017-05-31,2017-11-10,high,Converting the priest's accommodation above the mosque into a HiMO of four bedrooms.,Flat Above 95 Manor Road Bletchley Milton Keynes MK2 2GT,-0.72172,51.98921,https://www.planit.org.uk/planapplic/MiltonKeynes/17/00901/FUL/
Redbridge/0848/14/03,E09000026,Redbridge,Redbridge,use_to,approved,Conditions,2017-05-25,2017-10-20,medium,Travel plan (Condition 7): Change of use of Police Station to Islamic Cultural and Education Centre (D1). (Summary),"Police Station, 14, Wangey Road, Chadwell Heath, Romford, RM6 4AJ",0.12911,51.5699,https://www.planit.org.uk/planapplic/Redbridge/0848/14/03/
Birmingham/2017/02985/PA,E08000025,Birmingham,Birmingham,demolition,approved,Full,2017-05-18,2017-06-22,high,"Demolition of doctors surgery, provision of a two storey side and rear extension, a single storey extension, provision of a basement and alterations to roof structure of existing Mosque",Jamatia Islamic Centre 179-183 Woodlands Road Sparkhill Birmingham B11 4ER,-1.86215,52.44346,https://www.planit.org.uk/planapplic/Birmingham/2017/02985/PA/
Harlow/HW/FUL/17/00135,E07000073,Harlow,Harlow,other,approved,Full,2017-05-16,2017-05-24,high,New Car Parking Surface and Layout in Open Ground to Front of Mosque,Kingsmoor Recreation Centre Paringdon Road Harlow Essex CM19 4QT,0.08299,51.74886,https://www.planit.org.uk/planapplic/Harlow/HW/FUL/17/00135/
Cardiff/17/00732/MNR,W06000015,Cardiff,Cardiff,other,approved,Full,2017-05-11,2017-05-15,high,PORTAKABIN TO BE USED AS A BOOKSHOP IN RELATION TO THE MOSQUE,Noor Ul-Islam Mosque & Community Centre 17 Maria Street Butetown Cardiff CF10 5HH,-3.1729,51.47285,https://www.planit.org.uk/planapplic/Cardiff/17/00732/MNR/
Bristol/17/01244/F,E06000023,"Bristol, City of",Bristol,use_to,approved,Full,2017-05-10,2017-11-24,high,"Change of use from factory (Use Class B2) to community centre and mosque (Use Class D1), with associated external alterations.",Tawfiq Mosque And Centre Aiken Street Bristol BS5 9TG,-2.56282,51.45347,https://www.planit.org.uk/planapplic/Bristol/17/01244/F/
Tameside/17/00174/FUL,E08000008,Tameside,Tameside,use_away,refused,Full,2017-04-24,2017-04-28,high,Change of use from Islamic Centre (use class D1) into one residential property (use class C3),Onward Chambers Onward Street Hyde Tameside SK14 1HW,-2.08008,53.45007,https://www.planit.org.uk/planapplic/Tameside/17/00174/FUL/
Ealing/171459NMA,E09000009,Ealing,Ealing,admin,approved,Amendment,2017-04-20,2017-04-10,high,"Non-material amendment (Section 96a) to planning permission ref. P/2013/1819 dated 15 March 2016 for 'Construction of a three storey building plus basement (Use Class D1) for use as a place of worship, education, training and other community facilities (following demolition of the existing mosque bu",11 Boyd Avenue Southall Middlesex UB1 3BT,-0.37308,51.51004,https://www.planit.org.uk/planapplic/Ealing/171459NMA/
Walsall/17/0180,E08000030,Walsall,Walsall,new_build,approved,Full,2017-03-29,2019-06-13,high,Replacement mosque and creation of surface level car park,"SHAH JALAL MOSQUE AND SCHOOL, 32-33, MOUNT STREET, WALSALL, WS1 3PJ",-1.98452,52.57841,https://www.planit.org.uk/planapplic/Walsall/17/0180/
Stockport/DC/064779,E08000007,Stockport,Stockport,other,approved,Full,2017-03-22,2017-11-08,high,"Proposed new mosque and community centre to replace existing main building, side caretaker's house and porta-kabins. Includes for re-design and improvement of car parking and landscape improvement works.",Cheadle Muslim Association 377 Wilmslow Road Heald Green Cheadle SK8 3NP,-2.21953,53.35935,https://www.planit.org.uk/planapplic/Stockport/DC/064779/
Hinckley/17/00145/FUL,E07000132,Hinckley and Bosworth,Hinckley and Bosworth,other,approved,Full,2017-03-17,2017-04-04,medium,Subdivision of 1 flat to create 3 flats for the residents of the Islamic Foundation Centre,The Islamic Foundation Markfield Conference Centre Ratby Lane Markfield Leicester Leicestershire LE67 9SY,-1.27281,52.67761,https://www.planit.org.uk/planapplic/Hinckley/17/00145/FUL/
Merton/17/P0232,E09000024,Merton,Merton,new_build,approved,Conditions,2017-02-25,2017-03-14,high,APPLICATION FOR VARIATION OF CONIDITION 4 (TEMPORARY PERMISSION) ATTACHED TO LBM PLANNING APPLICATION 14/P4433 RELATING TO THE ERECTION OF A TEMPORARY BUILDING FOR THE DURATION OF CONSTRUCTION OF NEW MOSQUE.,"54 MERTON HIGH STREET, LONDON, SW19",-0.18345,51.41636,https://www.planit.org.uk/planapplic/Merton/17/P0232/
Bedford/17/00003/S73,E06000055,Bedford,Bedford,use_away,approved,Conditions,2017-02-16,2017-05-12,high,"14/01196/FUL - Amendment to condition 1 of 16/03184/NMA to include amended plans showing increased building height and amendments to elevations, dome and minarets. (Two storey extensions to Mosque to include installation of dome and external alterations. Change of use of 1 Coventry Road from residen",Jamia Masjid Hanfia Ghosia Ford End Road Bedford Bedfordshire MK40 4JG,-0.48294,52.13273,https://www.planit.org.uk/planapplic/Bedford/17/00003/S73/
Kirklees/2015/92174,E08000034,Kirklees,Kirklees,new_build,approved,Full,2017-02-15,2017-03-03,high,Demolition of existing dwelling and erection of three storey extension and internal alterations to extend existing mosque,"21-29, Warren Street, Saville Town, Dewsbury, WF12 9LU",-1.63183,53.68301,https://www.planit.org.uk/planapplic/Kirklees/2015/92174/
KingsLynn/16/01884/F,E07000146,King's Lynn and West Norfolk,Kings Lynn,use_away,approved,Full,2017-02-13,2017-03-07,high,Change of use of vacant space to residential accommodation with associated use to the West Norfolk Islamic Centre,14 - 15 London Road King's Lynn Norfolk PE30 5PY,0.4016,52.74967,https://www.planit.org.uk/planapplic/KingsLynn/16/01884/F/
Leicester/20162414,E06000016,Leicester,Leicester,new_build,approved,Full,2017-01-27,2017-07-05,high,CONSTRUCTION OF SINGLE STOREY EXTENSION TO REAR; DORMER EXTENSIONS TO SIDES; FIRST FLOOR EXTENSION TO FRONT; ALTERATIONS TO MOSQUE (CLASS D1)(AMENDED PLANS REC 18/5/17 ),5 CLAYMILL ROAD,-1.08958,52.66391,https://www.planit.org.uk/planapplic/Leicester/20162414/
Sheffield/16/04764/FUL,E08000019,Sheffield,Sheffield,extension,approved,Full,2017-01-12,2017-03-24,high,"First floor extension, two-storey extensions to front and rear and new external access steps to Mosque",Jamia Mosque & Usmania Education Centre 22 Leyburn Road Sheffield S8 0XA,-1.48231,53.35735,https://www.planit.org.uk/planapplic/Sheffield/16/04764/FUL/
Manchester/113744/FO/2016,E08000003,Manchester,Manchester,new_build,withdrawn,Full,2017-01-05,2017-01-18,high,"Erection of a replacement two-storey mosque, with domed roof, and associated parking, landscaping and boundary treatment.",Land Bounded By Greenland Street And Halliwell Lane Manchester M8 9DR,-2.24739,53.50794,https://www.planit.org.uk/planapplic/Manchester/113744/FO/2016/
Blackburn/10/16/1124,E06000008,Blackburn with Darwen,Blackburn,use_to,approved,Full,2017-01-02,2017-02-17,high,"Change of use from former public house into Islamic Education Centre and Mosque with ancillary living accommodation. Erection of single storey rear extension, installation of velux windows and replacement existing upvc with timber sash windows (front elevation).",45 Railway Road Darwen BB3 2RJ,-2.46522,53.6973,https://www.planit.org.uk/planapplic/Blackburn/10/16/1124/
Blackburn/10/16/1124/NEW,E06000008,Blackburn with Darwen,Blackburn,use_to,approved,Full,2017-01-02,2017-02-17,high,"Change of use from former public house into Islamic Education Centre and Mosque with ancillary living accommodation. Erection of single storey rear extension, installation of velux windows and replacement existing upvc with timber sash windows (front elevation).",45 Railway Road Darwen BB3 2RJ,-2.46522,53.6973,https://www.planit.org.uk/planapplic/Blackburn/10/16/1124/NEW/
Blackburn/10/16/1300,E06000008,Blackburn with Darwen,Blackburn,use_to,approved,Full,2016-12-27,2017-01-20,high,"Change of use of former auto windscreen centre into Islamic Education Centre and Mosque, creation of first floor including internal/external alterations",52 Tontine Street Blackburn BB1 7ED,-2.48413,53.75118,https://www.planit.org.uk/planapplic/Blackburn/10/16/1300/
Blackburn/10/16/1300/NEW,E06000008,Blackburn with Darwen,Blackburn,use_to,approved,Full,2016-12-27,2017-01-20,high,"Change of use of former auto windscreen centre into Islamic Education Centre and Mosque, creation of first floor including internal/external alterations",52 Tontine Street Blackburn BB1 7ED,-2.48413,53.75118,https://www.planit.org.uk/planapplic/Blackburn/10/16/1300/NEW/
Bradford/16/08760/FUL,E08000032,Bradford,Bradford,use_to,approved,Full,2016-12-25,2017-01-05,high,Change of use of section of building from madrasah and supplementary school to mosque,432 Barkerend Road Bradford West Yorkshire BD3 8QJ,-1.72226,53.79792,https://www.planit.org.uk/planapplic/Bradford/16/08760/FUL/
Birmingham/2016/09771/PA,E08000025,Birmingham,Birmingham,admin,approved,Conditions,2016-12-21,2017-01-10,high,Variation of condition number 10 attached to planning approval 2016/06483/PA in order to add an additional 7 sqm for use as caretakers room associated with Mosque and Community Centre.,164 Icknield Street Birmingham B18 6RU,-1.91707,52.48775,https://www.planit.org.uk/planapplic/Birmingham/2016/09771/PA/
BromsgroveRedditch/2016/349/FUL,E07000236,Redditch,Bromsgrove Redditch,use_away,approved,Full,2016-12-21,2017-01-04,high,Change of use from Mosque to mixed use of Mosque & Residential Dormitory Facilities,Redditch Mosque Easemore Road Redditch Worcestershire B98 8HA,-1.93781,52.30866,https://www.planit.org.uk/planapplic/BromsgroveRedditch/2016/349/FUL/
Maldon/16/00601/FUL,E07000074,Maldon,Maldon,new_build,approved,Full,2016-12-15,2017-01-06,high,Vary condition 2 of approved application FUL/MAL/13/00865 (Extension of existing mosque with first floor mezzanine structure. Small rear single storey extension. Replacement of existing metal windows with white powder coated aluminum). Variation of window design.,Maldon Islamic Cultural Association Muslim Hall Church Street Maldon Essex CM9 5HP,0.68587,51.72886,https://www.planit.org.uk/planapplic/Maldon/16/00601/FUL/
Nottingham/16/02347/PFUL3,E06000018,Nottingham,Nottingham,other,approved,Full,2016-12-10,2017-11-06,high,Addition of 3no minarets to a mosque,2-4 Gregory Boulevard Nottingham NG7 6BG,-1.16807,52.96557,https://www.planit.org.uk/planapplic/Nottingham/16/02347/PFUL3/
Glasgow/16/02553/DC,S12000049,Glasgow City,Glasgow,new_build,approved,Full,2016-11-25,2017-01-16,high,Erection of two storey extension to side of mosque.,161 Nithsdale Road Glasgow G41 5QS,-4.27804,55.83998,https://www.planit.org.uk/planapplic/Glasgow/16/02553/DC/
Glasgow/16/02554/DC,S12000049,Glasgow City,Glasgow,new_build,approved,Heritage,2016-11-25,2017-01-16,high,Erection of two storey extension to side of mosque.,161 Nithsdale Road Glasgow G41 5QS,-4.278,55.84,https://www.planit.org.uk/planapplic/Glasgow/16/02554/DC/
Oldham/PA/338603/16,E08000004,Oldham,Oldham,use_to,refused,Full,2016-11-17,2016-12-13,high,Change of use of no. 25 Ronald Street to provide extension to existing mosque including two storey side and two/single storey rear extensions to no. 25 Ronald Street to provide link with existing mosque,19-25 Ronald Street Oldham OL4 1NE,-2.0879,53.54141,https://www.planit.org.uk/planapplic/Oldham/PA/338603/16/
Bolton/97675/16,E08000001,Bolton,Bolton,new_build,approved,Full,2016-11-16,2016-11-17,high,DEMOLITION OF MOSQUE AND ERECTION OF A REPLACEMENT MOSQUE AND COMMUNTITY CENTRE.,Makkah Mosque Grecian Crescent Bolton BL3 6QU,-2.42873,53.56603,https://www.planit.org.uk/planapplic/Bolton/97675/16/
Bassetlaw/16/01272/COU,E07000171,Bassetlaw,Bassetlaw,use_to,approved,Amendment,2016-11-14,2016-11-16,medium,"Change of Use from (Vacant) Office Accommodation to Islamic Community Centre. Work to Include Provision of Level Platforms to External Exits, Including An Accessible (Ramped) Access and Extending the Premises at the Rear and Part of Side (South) Elevation. Felling of One Ash Tree.",34 Watson Road Worksop Nottinghamshire,-1.12169,53.30371,https://www.planit.org.uk/planapplic/Bassetlaw/16/01272/COU/
Oldham/PA/339154/16,E08000004,Oldham,Oldham,new_build,approved,Full,2016-11-09,2016-11-15,high,"Erect new frontage, carry out external alterations to side elevation and erect new flat roof with dome feature to existing Mosque building.",74 Werneth Hall Road Oldham OL8 4BB,-2.1232,53.53556,https://www.planit.org.uk/planapplic/Oldham/PA/339154/16/
Blackburn/10/16/0820/NEW,E06000008,Blackburn with Darwen,Blackburn,extension,approved,Full,2016-11-09,2016-12-19,medium,Proposed two storey detached Islamic education centre,Land to rear of 46-54 Devonport Road Blackburn,-2.49939,53.74879,https://www.planit.org.uk/planapplic/Blackburn/10/16/0820/NEW/
Blackburn/10/16/0820,E06000008,Blackburn with Darwen,Blackburn,extension,approved,Full,2016-11-09,2016-12-19,medium,Proposed two storey detached Islamic education centre,Land to rear of 46-54 Devonport Road Blackburn,-2.49939,53.74879,https://www.planit.org.uk/planapplic/Blackburn/10/16/0820/
Luton/16/01062/FUL,E06000032,Luton,Luton,use_to,approved,Full,2016-11-07,2016-11-09,high,Erection of first floor rear extension invloving part change of use of dwelling (area of extension) to facilitate WC facilities for use by the Masjid Noor at 20 Cromwell Road,22 Cromwell Road Luton Bedfordshire LU3 1DN,-0.42238,51.88699,https://www.planit.org.uk/planapplic/Luton/16/01062/FUL/
Ealing/165114CND,E09000009,Ealing,Ealing,new_build,approved,Conditions,2016-10-27,2016-11-10,high,"Details of mechanical ventilation system pursuant to condition 6 of planning permission ref. P/2013/1819 dated 15/03/2016 for 'Construction of a three storey building plus basement (Use Class D1) for use as a place of worship, education, training and other community facilities (following demolition ",11 Boyd Avenue Southall Middlesex UB1 3BT,-0.37283,51.51001,https://www.planit.org.uk/planapplic/Ealing/165114CND/
Ealing/165116CND,E09000009,Ealing,Ealing,new_build,approved,Conditions,2016-10-27,2017-05-25,high,"Details of cooking extract system pursuant to condition 9 of planning permission ref. P/2013/1819 dated 15/03/2016 for 'Construction of a three storey building plus basement (Use Class D1) for use as a place of worship, education, training and other community facilities (following demolition of the ",11 Boyd Avenue Southall Middlesex UB1 3BT,-0.37283,51.51001,https://www.planit.org.uk/planapplic/Ealing/165116CND/
Ealing/165113CND,E09000009,Ealing,Ealing,new_build,approved,Conditions,2016-10-27,2016-11-10,high,"Details of insulation of the building envelope pursuant to condition 5 of planning permission ref. P/2013/1819 dated 15/03/2016 for 'Construction of a three storey building plus basement (Use Class D1) for use as a place of worship, education, training and other community facilities (following demol",11 Boyd Avenue Southall Middlesex UB1 3BT,-0.37283,51.51001,https://www.planit.org.uk/planapplic/Ealing/165113CND/
Ealing/165115CND,E09000009,Ealing,Ealing,new_build,approved,Conditions,2016-10-27,2016-11-10,high,"Details of insulation pursuant to condition 7 of planning permission ref. P/2013/1819 dated 15/03/2016 for 'Construction of a three storey building plus basement (Use Class D1) for use as a place of worship, education, training and other community facilities (following demolition of the existing mos",11 Boyd Avenue Southall Middlesex UB1 3BT,-0.37283,51.51001,https://www.planit.org.uk/planapplic/Ealing/165115CND/
Calderdale/16/00948/FUL,E08000033,Calderdale,Calderdale,use_away,approved,Full,2016-10-19,2016-11-07,high,Change of use from warehouse to office and ancillary storage for existing mosque,Wallace Street Works Wallace Street Halifax Calderdale HX1 3TZ,-1.8858,53.71932,https://www.planit.org.uk/planapplic/Calderdale/16/00948/FUL/
TowerHamlets/PA/16/02730,E09000030,Tower Hamlets,Tower Hamlets,other,approved,Full,2016-10-18,2016-11-08,high,Redevelopment of Al-Huda cultural centre and mosque,"91 Mile End Road, London, E1 4UJ",-0.05129,51.52109,https://www.planit.org.uk/planapplic/TowerHamlets/PA/16/02730/
TowerHamlets/PA/16/02730/B1,E09000030,Tower Hamlets,Tower Hamlets,other,approved,Full,2016-10-18,2016-11-08,high,Redevelopment of Al-Huda cultural centre and mosque,"91 Mile End Road, London, E1 4UJ",-0.05129,51.52109,https://www.planit.org.uk/planapplic/TowerHamlets/PA/16/02730/B1/
Doncaster/16/02251/FULM,E08000017,Doncaster,Doncaster,new_build,approved,Full,2016-10-14,2016-12-09,high,1. Proposed erection of two storey mosque including central dome over frontage lobby and two corner minarets 2. Demolition of existing mosque (retrospective) 3. Siting of temporary office/store/prayer room,Holy Cross Church Hall Thoresby Avenue Belle Vue Doncaster DN4 5BQ,-1.11478,53.51544,https://www.planit.org.uk/planapplic/Doncaster/16/02251/FULM/
Blackburn/10/16/0965,E06000008,Blackburn with Darwen,Blackburn,use_to,approved,Full,2016-10-14,2016-10-25,high,Change of use from a residential dwelling (C3) to an Education & Cultural Centre (D1) to be used ancillary with the existing Mosque at 21 Victoria Street.,19 Victoria Street DARWEN BB3 3HB,-2.46527,53.6947,https://www.planit.org.uk/planapplic/Blackburn/10/16/0965/
Blackburn/10/16/0965/NEW,E06000008,Blackburn with Darwen,Blackburn,use_to,approved,Full,2016-10-14,2016-10-25,high,Change of use from a residential dwelling (C3) to an Education & Cultural Centre (D1) to be used ancillary with the existing Mosque at 21 Victoria Street.,19 Victoria Street DARWEN BB3 3HB,-2.46527,53.6947,https://www.planit.org.uk/planapplic/Blackburn/10/16/0965/NEW/
Pembrokeshire/16/0457/PA,W06000009,Pembrokeshire,Pembrokeshire,use_to,approved,Full,2016-09-13,2016-10-05,high,Change of use from residential to a mosque,"4, Albert Street, Haverfordwest, Pembrokeshire, SA61 1TB",-4.97584,51.79838,https://www.planit.org.uk/planapplic/Pembrokeshire/16/0457/PA/
Highland/16/02933/FUL,S12000017,Highland,Highland,other,approved,Full,2016-08-26,2016-10-05,high,Change of use of mosque class 10 to a showroom class 1,91A Telford Street Inverness IV3 5LE,-4.24701,57.48228,https://www.planit.org.uk/planapplic/Highland/16/02933/FUL/
BromsgroveRedditch/2016/224/FUL,E07000236,Redditch,Bromsgrove Redditch,other,approved,Full,2016-08-17,2016-08-18,high,First floor apartment above the funeral parlour for the use of the priest for the mosque,Redditch Central Mosque Jinnah Road Redditch B98 7BL,-1.93677,52.30051,https://www.planit.org.uk/planapplic/BromsgroveRedditch/2016/224/FUL/
Brent/16/2867,E09000005,Brent,Brent,extension,approved,Full,2016-08-08,2017-01-20,medium,Single storey side and rear extension to existing Islamic Cultural Centre,"Islamic Cultural Centre, Monks Park, Wembley, HA9 6JE",-0.27176,51.54823,https://www.planit.org.uk/planapplic/Brent/16/2867/
Bradford/16/03172/MAF,E08000032,Bradford,Bradford,new_build,approved,Full,2016-07-20,2016-07-29,high,Demolition of existing mosque and construction of new mosque and community facility,Tawakkulia Mosque 48 Cornwall Road Bradford West Yorkshire BD8 7JN,-1.75808,53.80252,https://www.planit.org.uk/planapplic/Bradford/16/03172/MAF/
Bolton/95548/15,E08000001,Bolton,Bolton,new_build,approved,Full,2016-07-15,2016-08-25,high,ERECTION OF A MOSQUE AND COMMUNITY CENTRE,"MAKKAH MOSQUE, GRECIAN CRESCENT, BOLTON, BL3 6QU",-2.42851,53.56552,https://www.planit.org.uk/planapplic/Bolton/95548/15/
Blackburn/10/16/0592/NEW,E06000008,Blackburn with Darwen,Blackburn,other,approved,Full,2016-07-04,2017-03-28,high,Proposed Islamic Centre,Naqshbandiyya Aslamiyya Land off Whitendale Crescent Blackburn BB1 1RU,-2.47228,53.74055,https://www.planit.org.uk/planapplic/Blackburn/10/16/0592/NEW/
Blackburn/10/16/0592,E06000008,Blackburn with Darwen,Blackburn,other,approved,Full,2016-07-04,2017-03-28,high,Proposed Islamic Centre,Naqshbandiyya Aslamiyya Land off Whitendale Crescent Blackburn BB1 1RU,-2.47228,53.74055,https://www.planit.org.uk/planapplic/Blackburn/10/16/0592/
Birmingham/2016/00797/PA,E08000025,Birmingham,Birmingham,new_build,approved,Full,2016-05-26,2016-06-17,high,"Continued use of part of the ground floor as a mosque and madrassa (D1), erection of first floor rear extension for use as a charity storage and distribution centre (B8), installation of dormer window to rear to create a 1 bedroomed flat and installation of a new shop front.",75 Rookery Road Handsworth Wood Birmingham B21 9QU,-1.94081,52.50723,https://www.planit.org.uk/planapplic/Birmingham/2016/00797/PA/
Trafford/87746/CPE/16,E08000009,Trafford,Trafford,admin,approved,Amendment,2016-05-12,2016-05-06,high,Application for Certificate of Lawful Existing Use of the building as an Islamic religious educational and cultural centre including a place of worship (i.e. a mosque).,235 Ayres Road Stretford M16 0WZ,-2.28302,53.45597,https://www.planit.org.uk/planapplic/Trafford/87746/CPE/16/
Bradford/16/01874/FUL,E08000032,Bradford,Bradford,use_to,approved,Full,2016-04-26,2016-05-19,high,Change of use of No. 20 Heap Lane with associated two-storey side and rear extension plus single storey side extension with basement and mihraab to existing Islamic Centre,10 - 20 Heap Lane Bradford West Yorkshire BD3 0DT,-1.74254,53.79762,https://www.planit.org.uk/planapplic/Bradford/16/01874/FUL/
MidKent/16/500411/FULL,E07000110,Maidstone,Mid Kent,other,approved,Full,2016-03-25,2016-12-21,high,"Redevelopment of Maidstone Mosque with associated classrooms, library, offices, kitchen along with the addition of 3 shops and 1 residential flat",20-28 Mote Road Maidstone Kent ME15 6ES,0.52709,51.27047,https://www.planit.org.uk/planapplic/MidKent/16/500411/FULL/
Southwark/16/AP/0508,E09000028,Southwark,Southwark,new_build,approved,Conditions,2016-03-16,2016-03-21,high,Non-material changes to planning permission granted on appeal (Reg no 9400987) for the 'erection of a mosque and islamic cultural centre' to alter the detail of window frames on the south east elevation,Baitul Aziz Mosqe 1 Dickens Square London SE1 4JL,-0.09434,51.49754,https://www.planit.org.uk/planapplic/Southwark/16/AP/0508/
Bedford/16/00308/AOC,E06000055,Bedford,Bedford,use_away,approved,Conditions,2016-03-08,2016-04-05,high,"14/01196/FUL - Condition 11- Phasing Plan (Two storey extensions to Mosque to include installation of dome and external alterations. Change of useof 1 Coventry Road from residential dwelling to mixed use storage, office and residential unit associatedwith Mosque.)",Jamia Masjid Hanfia Ghosia Ford End Road Bedford Bedfordshire MK40 4JG,-0.48294,52.13273,https://www.planit.org.uk/planapplic/Bedford/16/00308/AOC/
Bedford/16/00307/AOC,E06000055,Bedford,Bedford,use_away,approved,Conditions,2016-03-08,2016-05-03,high,"14/01196/FUL - Condition 6 - Boundary Treatments (Two storey extensions to Mosque to include installation of dome and external alterations. Change of useof 1 Coventry Road from residential dwelling to mixed use storage, office and residential unit associatedwith Mosque.)",Jamia Masjid Hanfia Ghosia Ford End Road Bedford Bedfordshire MK40 4JG,-0.48294,52.13273,https://www.planit.org.uk/planapplic/Bedford/16/00307/AOC/
Bedford/16/00306/AOC,E06000055,Bedford,Bedford,use_away,approved,Conditions,2016-03-08,2016-04-05,high,"14/01196/FUL - Condition 5 - Construction Management Plan (Two storey extensions to Mosque to include installation of dome and external alterations. Change of useof 1 Coventry Road from residential dwelling to mixed use storage, office and residential unit associatedwith Mosque.)",Jamia Masjid Hanfia Ghosia Ford End Road Bedford Bedfordshire MK40 4JG,-0.48294,52.13273,https://www.planit.org.uk/planapplic/Bedford/16/00306/AOC/
Redbridge/2217/10/07,E09000026,Redbridge,Redbridge,new_build,approved,Conditions,2016-03-01,2016-03-23,high,"Materials; (Condition 4): Demolish existing building. Erection of new, two storey (excluding basement) Islamic Centre.","2A, Ashgrove Road, Goodmayes, Ilford, IG3 9XE",0.10974,51.56504,https://www.planit.org.uk/planapplic/Redbridge/2217/10/07/
Walsall/15/1922,E08000030,Walsall,Walsall,use_away,approved,Full,2016-02-25,2016-07-18,high,"Change of use from warehouse and offices to a mosque with community facilities and ancillary dwelling. The proposal includes alterations and extension to the building plus a dome and minaret, parking, ancillary, landscaping, bin store, wall and fence.","Windsor House, 22 Vicarage Place, Walsall, WS1 3NA",-1.98312,52.58087,https://www.planit.org.uk/planapplic/Walsall/15/1922/
Redbridge/0170/16,E09000026,Redbridge,Redbridge,extension,approved,Full,2016-02-14,2017-06-30,medium,Three storey and basement extension for Islamic education and training centre (Class D1) (Summary).,"833-835, High Road, Goodmayes, Ilford, IG3 8TD",0.10923,51.56669,https://www.planit.org.uk/planapplic/Redbridge/0170/16/
Cardiff/15/02643/MJR,W06000015,Cardiff,Cardiff,use_away,refused,Full,2016-02-05,2016-02-24,high,"CHANGE OF USE, ALTERATIONS, AND EXTENSIONS TO FORM CLASS D1 (NON-RESIDENTIAL INSTITUTIONS) PLACE OF WORSHIP, INCLUDING TWO-STOREY MOSQUE WITH MINARET, DOME, ATTACHED TWO-STOREY IMAM'S RESIDENCE AND SINGLE-STOREY DETACHED COMMUNITY HALL TOGETHER WITH PARKING AND ASSOCIATED WORKS","IAN WILLIAMS LTD, SANATORIUM ROAD, CANTON, CARDIFF, CF11 8SU",-3.21359,51.4794,https://www.planit.org.uk/planapplic/Cardiff/15/02643/MJR/
Bristol/15/04991/F,E06000023,"Bristol, City of",Bristol,extension,approved,Full,2016-01-06,2016-03-09,high,Proposed extension of building to provide mortuary facilities associated with existing Mosque.,Jalalabad Cultural Centre Mosque 147 - 149 Fishponds Road Eastville Bristol BS5 6PR,-2.55825,51.47294,https://www.planit.org.uk/planapplic/Bristol/15/04991/F/
Blackburn/10/15/1460,E06000008,Blackburn with Darwen,Blackburn,extension,withdrawn,Full,2015-12-29,,high,2 Storey extension with dome and minarets to front entrance of Mosque building,Markazul Uloom School Park Lee Road Blackburn BB2 3NY,-2.47856,53.73445,https://www.planit.org.uk/planapplic/Blackburn/10/15/1460/
Blackburn/10/15/1460/NEW,E06000008,Blackburn with Darwen,Blackburn,extension,withdrawn,Full,2015-12-29,,high,2 Storey extension with dome and minarets to front entrance of Mosque building,Markazul Uloom School Park Lee Road Blackburn BB2 3NY,-2.47856,53.73445,https://www.planit.org.uk/planapplic/Blackburn/10/15/1460/NEW/
Swansea/2015/2049,W06000011,Swansea,Swansea,extension,withdrawn,Full,2015-12-22,2016-11-14,medium,Retention and completion of single storey extension to Islamic Cultural and Education Centre,Former Warehouse Rear Of 34 Odo Street Hafod Swansea SA1 2LS,-3.94121,51.63593,https://www.planit.org.uk/planapplic/Swansea/2015/2049/
TowerHamlets/PA/15/03148/NC,E09000030,Tower Hamlets,Tower Hamlets,new_build,approved,Full,2015-12-17,2016-01-05,high,Construction of new Mosque and Community Centre.,"Community Centre, Gill Street, London, E14 8AN",-0.02861,51.51007,https://www.planit.org.uk/planapplic/TowerHamlets/PA/15/03148/NC/
TowerHamlets/PA/15/03148,E09000030,Tower Hamlets,Tower Hamlets,new_build,approved,Full,2015-12-17,2016-01-05,high,Construction of new Mosque and Community Centre.,"Community Centre, Gill Street, London, E14 8AN",-0.02861,51.51007,https://www.planit.org.uk/planapplic/TowerHamlets/PA/15/03148/
Birmingham/2015/09007/PA,E08000025,Birmingham,Birmingham,demolition,approved,Other,2015-12-17,2015-12-23,high,Application for prior notification of proposed demolition of the existing mosque,Muhul Islam Saddigue Mosque 12-18 Victoria Road Aston Birmingham B6 5HA,-1.89664,52.50266,https://www.planit.org.uk/planapplic/Birmingham/2015/09007/PA/
Birmingham/2015/06750/PA,E08000025,Birmingham,Birmingham,demolition,approved,Full,2015-12-09,2016-02-04,high,"Extensive demolition and redevelopment works to provide 3-storey building for community/prayer purposes, new mosque building, funeral facilities with caretaker's flat above, reception building, connecting canopies and boundary screen to Clifton Road, in addition it is proposed to provide new mezzani",Clifton Mosque 17 Clifton Road Balsall Heath Birmingham B12 8SX,-1.88437,52.4565,https://www.planit.org.uk/planapplic/Birmingham/2015/06750/PA/
Redbridge/3712/15,E09000026,Redbridge,Redbridge,use_to,refused,Full,2015-12-08,2016-04-05,medium,Change of use to D1 Islamic Community Centre and extension.,"1041-1043, High Road,, Chadwell Heath, Romford, Essex",0.12443,51.56968,https://www.planit.org.uk/planapplic/Redbridge/3712/15/
Brent/15/4501,E09000005,Brent,Brent,use_to,refused,Full,2015-12-07,2015-12-14,high,"Change of use of the warehouse (Use class B8) into a Mosque (Use class D1), involving the erection of a single storey extension to east elevation, associated alterations to include new fenestration and doors and provision for bin and cycle parking storage","5 Kingswood Road, Wembley, HA9 8JR",-0.28213,51.56238,https://www.planit.org.uk/planapplic/Brent/15/4501/
Sandwell/DC/15/58677,E08000028,Sandwell,Sandwell,demolition,refused,Amendment,2015-11-10,2015-12-04,high,"Retention of use on first floor as a mosque, and demolition of garage to rear to create 8 parking spaces.",Tudor Works 36A Windmill Lane Smethwick B66 3EU,-1.95762,52.48999,https://www.planit.org.uk/planapplic/Sandwell/DC/15/58677/
Birmingham/2015/07064/PA,E08000025,Birmingham,Birmingham,new_build,withdrawn,Full,2015-10-28,,high,"Retrospective application for use of existing building as Mosque and Madrassah, proposed remedial works to insert replacement windows to front elevation, erection of privacy screen and retention of associated external rear staircase, proposed lean to store access extension",Masjid Quba 147-149 Fentham Road Aston Birmingham B6 6LX,-1.89472,52.50738,https://www.planit.org.uk/planapplic/Birmingham/2015/07064/PA/
TowerHamlets/PA/15/02567,E09000030,Tower Hamlets,Tower Hamlets,other,approved,Conditions,2015-10-10,2015-11-04,high,Retention of a temporary portacabin on Bancroft Green area for use as a mosque whilst building is being erected at 49 Braintree Street under planning permission PA/11/00987 for a further 18 months.,"Bancroft Green, Mantus Road, London E1",-0.05154,51.52451,https://www.planit.org.uk/planapplic/TowerHamlets/PA/15/02567/
TowerHamlets/PA/15/02567/NC,E09000030,Tower Hamlets,Tower Hamlets,other,approved,Conditions,2015-10-10,2015-11-04,high,Retention of a temporary portacabin on Bancroft Green area for use as a mosque whilst building is being erected at 49 Braintree Street under planning permission PA/11/00987 for a further 18 months.,"Bancroft Green, Mantus Road, London E1",-0.05154,51.52451,https://www.planit.org.uk/planapplic/TowerHamlets/PA/15/02567/NC/
Bolton/94849/15,E08000001,Bolton,Bolton,admin,pending,Conditions,2015-09-29,,high,"DISCHARGE OF CONDITIONS 2, 3, 4,5, 6, 7 AND 10 ON APPROVED APPLICATION 91314/14 (DEMOLITION OF EXISTING MOSQUE AND REPLACMENT OF NEW MOSQUE INCLUDING PARKING AND GROUNDWORKS)","SUGHRA MOSQUE, GRANVILLE STREET, FARNWORTH, BOLTON, BL4 7LD",-2.40113,53.55487,https://www.planit.org.uk/planapplic/Bolton/94849/15/
Glasgow/15/01818/DC,S12000049,Glasgow City,Glasgow,other,approved,Full,2015-08-28,2017-06-12,high,Use of vacant mosque (class 10) as guest house (class 7) and associated external alterations,490 Paisley Road West Glasgow G51 1PY,-4.30074,55.85128,https://www.planit.org.uk/planapplic/Glasgow/15/01818/DC/
Birmingham/2015/05731/PA,E08000025,Birmingham,Birmingham,use_to,approved,Full,2015-08-27,2015-09-14,high,Change of use from garden to mausoleum associated with adjacent mosque.,31-33 Waverley Road Small Heath Birmingham B10 0EP,-1.85281,52.46192,https://www.planit.org.uk/planapplic/Birmingham/2015/05731/PA/
Blackburn/10/14/1277,E06000008,Blackburn with Darwen,Blackburn,new_build,approved,Full,2015-08-26,2016-01-22,high,"Demolition of existing building and erection of a two storey building for use as a Mosque and Madrassah together with car parking, landscaping and altered vehicular access.",28-30 Shear Bank Road Blackburn Blackburn With Darwen BB1 8AZ,-2.49097,53.75617,https://www.planit.org.uk/planapplic/Blackburn/10/14/1277/
Blackburn/10/14/1277/NEW,E06000008,Blackburn with Darwen,Blackburn,new_build,approved,Full,2015-08-26,2016-01-22,high,"Demolition of existing building and erection of a two storey building for use as a Mosque and Madrassah together with car parking, landscaping and altered vehicular access.",28-30 Shear Bank Road Blackburn Blackburn With Darwen BB1 8AZ,-2.49097,53.75617,https://www.planit.org.uk/planapplic/Blackburn/10/14/1277/NEW/
Kirklees/2015/92336,E08000034,Kirklees,Kirklees,new_build,approved,Full,2015-08-21,2018-04-06,high,Erection of community centre and mosque,"Madni Jamia Masjid, 12, Macham Street, Lockwood, Huddersfield, HD1 3QZ",-1.79197,53.63619,https://www.planit.org.uk/planapplic/Kirklees/2015/92336/
BromsgroveRedditch/2015/201/FUL,E07000236,Redditch,Bromsgrove Redditch,new_build,approved,Full,2015-08-14,2015-08-20,high,"Construction of a separate building alongside the Mosque, within its' curtilage to provide a funeral parlour and associated storage.",Redditch Mosque Jinnah Road Redditch Worcestershire,-1.93662,52.30052,https://www.planit.org.uk/planapplic/BromsgroveRedditch/2015/201/FUL/
Bradford/15/01855/FUL,E08000032,Bradford,Bradford,new_build,refused,Full,2015-07-08,2015-07-30,high,Construction of side extension to form toilet block and small shop/office extension with restricted opening hours for mosque,Hussainia Hall All Saints Road Bradford West Yorkshire BD7 3AY,-1.77179,53.78545,https://www.planit.org.uk/planapplic/Bradford/15/01855/FUL/
Redbridge/1870/15,E09000026,Redbridge,Redbridge,new_build,approved,Full,2015-07-05,2015-07-06,high,"Remove external staircase and WC. Erection of new two storey rear extension to provide extensions to existing mosque prayer halls and classrooms. Installation of lift. Convert the one maisonette at first and second floors of no 649 High Road to 2, 1 bedroom flats. Use of whole ground floor for praye","Development Site At 645 To 649, High Road, Seven Kings, Ilford",0.09828,51.56458,https://www.planit.org.uk/planapplic/Redbridge/1870/15/
TowerHamlets/PA/15/01061/A1,E09000030,Tower Hamlets,Tower Hamlets,extension,approved,Full,2015-06-25,2015-09-24,high,Proposed extension to the prayer hall at the East London Mosque.,"100 Whitechapel Road, London, E1 1JG",-0.06525,51.51725,https://www.planit.org.uk/planapplic/TowerHamlets/PA/15/01061/A1/
TowerHamlets/PA/15/01061,E09000030,Tower Hamlets,Tower Hamlets,extension,approved,Full,2015-06-25,2015-09-24,high,Proposed extension to the prayer hall at the East London Mosque.,"100 Whitechapel Road, London, E1 1JG",-0.06525,51.51725,https://www.planit.org.uk/planapplic/TowerHamlets/PA/15/01061/
Woking/PLAN/2015/0490,E07000217,Woking,Woking,use_to,refused,Full,2015-06-18,2015-07-22,medium,Change of use from Residential (Class C3) to Islamic Culture and Education Community Centre (Class D1).,1 Bentham Avenue Sheerwater Woking Surrey GU21 5LF,-0.53642,51.32999,https://www.planit.org.uk/planapplic/Woking/PLAN/2015/0490/
Redbridge/1107/15,E09000026,Redbridge,Redbridge,admin,withdrawn,Conditions,2015-05-29,2015-06-16,medium,Variation of condition 4 of planning permission 0848/14 to increase number of people attending to the Islamic Cultural and Educational Centre at any time from 60 to 90 people; and increase the number of people during special occasions (eid times - twice a year for 3 and 4 days) from 60 people to 150,"Police Station, 14, Wangey Road, Chadwell Heath, Romford, RM6 4AJ",0.12918,51.56992,https://www.planit.org.uk/planapplic/Redbridge/1107/15/
Croydon/15/01617/P,E09000008,Croydon,Croydon,new_build,withdrawn,Full,2015-05-28,2015-06-12,high,"Alterations; use of basement, ground and first floors as a mosque and community centre; erection of first floor extension","The Portmanor Public House, Portland Road, London, SE25 4UF",-0.07237,51.3983,https://www.planit.org.uk/planapplic/Croydon/15/01617/P/
Bedford/14/01196/FUL,E06000055,Bedford,Bedford,use_away,approved,Full,2015-05-21,2015-06-29,high,"Two storey extensions to Mosque to include installation of dome and external alterations. Change of use of 1 Coventry Road from residential dwelling to mixed use storage, office and residential unit associated with Mosque.",75A Ford End Road Bedford MK40 4JT,-0.48385,52.13235,https://www.planit.org.uk/planapplic/Bedford/14/01196/FUL/
Redbridge/0848/14/02,E09000026,Redbridge,Redbridge,use_to,refused,Conditions,2015-05-13,2015-07-20,medium,Travel Plan (Condition 7): Change of use of Police Station to Islamic Cultural and Education Centre (D1).,"Police Station, 14, Wangey Road, Chadwell Heath, Romford, RM6 4AJ",0.12918,51.56992,https://www.planit.org.uk/planapplic/Redbridge/0848/14/02/
Camden/2015/0916/P,E09000033,Westminster,Camden,new_build,approved,Full,2015-05-05,2015-06-03,high,Erection of a single storey rear extension at fifth floor level in association with existing warden's flat of Mosque (Class D1).,46 Goodge Street London W1T 4LU,-0.13609,51.51945,https://www.planit.org.uk/planapplic/Camden/2015/0916/P/
Bradford/15/00872/FUL,E08000032,Bradford,Bradford,new_build,approved,Full,2015-04-13,2015-04-16,high,Modification and relocation of minarets approved under planning permission 08/00508/FUL dated 23.07.2008: Construction of mosque,Jamia Masjid Naqshbandia Aslamia Mosque 63 Tile Street Bradford West Yorkshire BD8 8NX,-1.77652,53.80237,https://www.planit.org.uk/planapplic/Bradford/15/00872/FUL/
Rochdale/15/00086/FUL,E08000005,Rochdale,Rochdale,extension,approved,Full,2015-04-06,2015-04-17,high,Two storey rear extension to existing mosque.,Medina Masjid Mosque 20 Church Road Rochdale OL16 5TQ,-2.14275,53.61194,https://www.planit.org.uk/planapplic/Rochdale/15/00086/FUL/
Bradford/15/00438/FUL,E08000032,Bradford,Bradford,use_away,approved,Full,2015-03-13,2015-04-24,high,Retrospective change of use from B1: Light Industrial to D1: Non-Residential Institutions (madrassa and mosque) at No. 62 and to C3: Dwellinghouse at No. 60,60 And 62 Toller Lane Bradford West Yorkshire BD8 9DA,-1.78317,53.806,https://www.planit.org.uk/planapplic/Bradford/15/00438/FUL/
Rochdale/14/00720/FUL,E08000005,Rochdale,Rochdale,extension,approved,Full,2015-03-13,2015-03-17,high,Four storey extension to existing mosque,Neeli Mosque And Islamic Centre Durham Street Rochdale OL11 1JJ,-2.15247,53.60865,https://www.planit.org.uk/planapplic/Rochdale/14/00720/FUL/
Redbridge/2217/10/05,E09000026,Redbridge,Redbridge,new_build,approved,Conditions,2015-03-09,2015-02-26,high,"CFA Piling Details (Condition 9):Demolish existing building. Erection of new, two storey (excluding basement) Islamic Centre.","2A, Ashgrove Road, Goodmayes, Ilford, IG3 9XE",0.10877,51.56485,https://www.planit.org.uk/planapplic/Redbridge/2217/10/05/
Watford/15/00068/FUL,E07000103,Watford,Watford,new_build,approved,Full,2015-02-27,2015-03-03,high,Erection of a double storey rear extension to existing mosque building.,Mosque Cambridge Road Watford WD18 0GJ,-0.39516,51.65246,https://www.planit.org.uk/planapplic/Watford/15/00068/FUL/
Redbridge/4134/14,E09000026,Redbridge,Redbridge,use_to,approved,Full,2015-02-19,2015-03-13,medium,Change of use from office (B1) to Islamic Teaching Centre (D1) (summary).,"2-4, Connaught Mews, Connaught Road, Ilford, Essex, IG1 1RN",0.08498,51.55929,https://www.planit.org.uk/planapplic/Redbridge/4134/14/
Redbridge/2217/10/04,E09000026,Redbridge,Redbridge,new_build,approved,Conditions,2015-02-09,2015-02-26,high,"Transport Improvement Plan (Condition 8); Secure by Design (Condition 11); Energy Strategy (Condition 12): Demolish existing building. Erection of new, two storey (excluding basement) Islamic Centre.","2A, Ashgrove Road, Goodmayes, Ilford, IG3 9XE",0.10877,51.56485,https://www.planit.org.uk/planapplic/Redbridge/2217/10/04/
Bolton/93398/15,E08000001,Bolton,Bolton,new_build,approved,Full,2015-02-05,2015-02-12,high,DEMOLITION OF EXISTING AND ERECTION OF NEW MOSQUE (CLASS D1),"ASHRAFYA MOSQUE, CANNON STREET NORTH, BOLTON, BL3 5ED",-2.44397,53.57369,https://www.planit.org.uk/planapplic/Bolton/93398/15/
Brent/14/4932,E09000005,Brent,Brent,other,approved,Full,2015-02-04,2015-03-09,high,Increase of entrance width and creation of a new vehicular crossover with insertion of new gates to eastside entrance of Mosque,"MOSQUE, Station Parade, London, NW2 4NU",-0.2223,51.5495,https://www.planit.org.uk/planapplic/Brent/14/4932/
Moray/14/02325/APP,S12000020,Moray,Moray,use_to,approved,Full,2015-01-19,2015-03-13,high,Change of use from former council offices to mosque at,78 South Street Elgin Moray IV30 1JG,-3.31792,57.64691,https://www.planit.org.uk/planapplic/Moray/14/02325/APP/
Redcar/R/2014/0538/FF,E06000003,Redcar and Cleveland,Redcar and Cleveland,use_to,approved,Full,2015-01-14,2015-02-10,high,CHANGE OF USE AND CONVERSION OF VACANT FORMER RETAIL/OFFICE BUILDING (CLASS A1/B1) TO BE USED AS PLACE OF WORSHIP AS EXTENSION OF ADJOINING MOSQUE (CLASS D1) INCLUDING EXTERNAL ALTERATIONS,44 & 46 MIDDLESBROUGH ROAD SOUTH BANK TS6 6LZ,-1.17928,54.5795,https://www.planit.org.uk/planapplic/Redcar/R/2014/0538/FF/
Redbridge/2217/10/03,E09000026,Redbridge,Redbridge,new_build,approved,Conditions,2015-01-13,2015-02-26,high,"Construction and demolition management plan; (Condition 7); Piling method statement;(Condition 9); Sustainability; (Condition 10): Demolish existing building. Erection of new, two storey (excluding basement) Islamic Centre.","2A, Ashgrove Road, Goodmayes, Ilford, IG3 9XE",0.10877,51.56485,https://www.planit.org.uk/planapplic/Redbridge/2217/10/03/
Merton/14/P4433,E09000024,Merton,Merton,new_build,approved,Full,2015-01-09,2015-01-19,high,ERECTION OF A TEMPORARY BUILDING FOR THE DURATION OF CONSTRUCTION OF NEW MOSQUE,"54 MERTON HIGH STREET, LONDON, SW19",-0.18345,51.41636,https://www.planit.org.uk/planapplic/Merton/14/P4433/
Havering/P1678.14,E09000016,Havering,Havering,extension,approved,Full,2015-01-08,2015-02-10,high,Retention of air conditioning units on roof of Islamic Centre and rear fascade,91 Waterloo Road Romford RM7 0AA,0.18009,51.57244,https://www.planit.org.uk/planapplic/Havering/P1678.14/
Birmingham/2014/08720/PA,E08000025,Birmingham,Birmingham,use_away,withdrawn,Full,2015-01-01,,high,Change of use from mosque & shops (D1/A1) to day nursery (D1) use,117 Soho Hill Hockley Birmingham B19 1AY,-1.92009,52.49898,https://www.planit.org.uk/planapplic/Birmingham/2014/08720/PA/
Redbridge/3874/14,E09000026,Redbridge,Redbridge,new_build,refused,Full,2014-12-30,2015-01-16,high,"Remove external staircase and WC. Erection of new three storey rear extension to provide extensions to existing mosque prayer halls and classrooms. Installation of lift. Increase number of attendees to the mosque to 145. Convert the one maisonette at first and second floors of no 649 High Road to 2,","Development Site At 645 To 649, High Road, Seven Kings, Ilford",0.09831,51.56458,https://www.planit.org.uk/planapplic/Redbridge/3874/14/
Birmingham/2014/06165/PA,E08000025,Birmingham,Birmingham,new_build,approved,Full,2014-12-26,2015-01-28,high,Demolition of existing building and erection of three storey building to provide 4 no. Retail Shops (A1) and Restaurant (A3) at ground floor and Mosque and Islamic Community Centre above,438 Stratford Road Sparkhill Birmingham B11 4AD,-1.86814,52.45628,https://www.planit.org.uk/planapplic/Birmingham/2014/06165/PA/
Manchester/107337/FO/2014/S2,E08000003,Manchester,Manchester,use_to,withdrawn,Full,2014-12-18,2015-02-19,high,Erection of a two-storey side extension and change of use of retail unit (A1) at 181 Mauldeth Road to place of worship (D1) in association with existing mosque.,Khankah Naqashbandia 181A Mauldeth Road Burnage Manchester M19 1BA,-2.20859,53.43316,https://www.planit.org.uk/planapplic/Manchester/107337/FO/2014/S2/
Sandwell/DC/14/57646,E08000028,Sandwell,Sandwell,new_build,approved,Full,2014-12-03,2014-12-18,high,Proposed demolition of existing Masjid (Mosque) and Bangladeshi Islamic centre and construction of 3 storey purpose built Masjid (Mosque) and Bangladeshi Islamic centre (Use Class D1) and associated car parking - (revised application DC/13/56513).,Islamic Centre Unit 10-11 Lewisham Industrial Estate Lewisham Road Smethwick B66 2BP,-1.96591,52.50054,https://www.planit.org.uk/planapplic/Sandwell/DC/14/57646/
Kirklees/2014/93055,E08000034,Kirklees,Kirklees,other,refused,Full,2014-11-21,2015-02-10,high,Alterations to convert first floor to non-residential institution mosque and madrassa (D1) and external alterations,"2, Thornton Road, Thornhill Lees, Dewsbury, WF12 9HR",-1.63715,53.67527,https://www.planit.org.uk/planapplic/Kirklees/2014/93055/
Craven/CRA63/2014/15124,E06000065,North Yorkshire,Craven,extension,approved,Full,2014-11-14,2014-12-04,high,"Extension of time to the siting of a marquee for use as a mosque for prayer purposes for temporary period until 6th February 2015 on the green area behind Greenfield Street while construction works are being done to existing mosque premises at 21-25 Midland Street, Skipton",Back Of Greenfield Street Green Area Skipton North Yorkshire BD23 1SE,-2.03236,53.95903,https://www.planit.org.uk/planapplic/Craven/CRA63/2014/15124/
Burnley/APP/2014/0440,E07000117,Burnley,Burnley,extension,approved,Full,2014-11-12,2014-12-05,high,"Proposed car park to serve Ghausia Mosque, Hussainia Mosque and Ghausia Centre",Land At Grey Steet/Ardwick Street Burnley Lancashire,-2.24051,53.80011,https://www.planit.org.uk/planapplic/Burnley/APP/2014/0440/
TowerHamlets/PA/14/02618,E09000030,Tower Hamlets,Tower Hamlets,demolition,approved,Full,2014-10-30,2015-03-31,high,"Demolition of Linton House, Printon House, the Burdett Community Centre building and Mosque to facilitate the redevelopment of the site to create a two-form entry primary school and nursery (Use Class D1), a two-storey Mosque (Use Class D1) and 3 residential blocks between 4 and 8 storeys to provide","Land Between St Pauls Way and Masjid Lane, including Linton House, Printon house and the Burdett Estate Community Centre, St Pauls Way, E3",-0.02711,51.51737,https://www.planit.org.uk/planapplic/TowerHamlets/PA/14/02618/
TowerHamlets/PA/14/02618/A1,E09000030,Tower Hamlets,Tower Hamlets,demolition,approved,Full,2014-10-30,2015-03-31,high,"Demolition of Linton House, Printon House, the Burdett Community Centre building and Mosque to facilitate the redevelopment of the site to create a two-form entry primary school and nursery (Use Class D1), a two-storey Mosque (Use Class D1) and 3 residential blocks between 4 and 8 storeys to provide","Land Between St Pauls Way and Masjid Lane, including Linton House, Printon house and the Burdett Estate Community Centre, St Pauls Way, E3",-0.02711,51.51737,https://www.planit.org.uk/planapplic/TowerHamlets/PA/14/02618/A1/
Bradford/14/03738/FUL,E08000032,Bradford,Bradford,use_away,withdrawn,Full,2014-10-29,2015-01-09,high,Retrospective application for change of use from B1: Light Industrial to D1: Non-Residential Institutions (madrassa and mosque),62 Toller Lane Bradford West Yorkshire BD8 9BY,-1.7834,53.80604,https://www.planit.org.uk/planapplic/Bradford/14/03738/FUL/
Manchester/105607/FO/2014/S1,E08000003,Manchester,Manchester,new_build,withdrawn,Full,2014-10-28,2014-12-15,high,"Erection of a new educational academy (Madrasa) as part of Manchester Central Mosque consisting of basement car park, 3 storey educational facility and 4 storey accommodation block for visiting students, construction of new boundary wall and new landscape scheme",Site Of The Former Gartness Upper Park Road Rusholme Manchester M14 5RU,-2.21936,53.4561,https://www.planit.org.uk/planapplic/Manchester/105607/FO/2014/S1/
Birmingham/2014/06751/PA,E08000025,Birmingham,Birmingham,extension,withdrawn,Outline,2014-10-23,,high,Outline Application for a new two storey mosque and madrassah with access and layout to be considered,1200 Coventry Road Yardley Birmingham B25 8DA,-1.83018,52.46328,https://www.planit.org.uk/planapplic/Birmingham/2014/06751/PA/
Bradford/14/04054/FUL,E08000032,Bradford,Bradford,extension,refused,Full,2014-10-21,2015-03-23,high,Extension to mosque to provide lower ground floor parking with ground and first floor extension to provide improved facilities,Jamiyat Tabligh Ul Islam Mosque 133 Toller Lane Bradford West Yorkshire BD8 9HL,-1.7844,53.80546,https://www.planit.org.uk/planapplic/Bradford/14/04054/FUL/
Oldham/PA/335116/14,E08000004,Oldham,Oldham,extension,approved,Full,2014-10-21,2014-11-05,high,3 storey extension to mosque,Jamiyat Tabligh Ul Islam Mosque Greengate Street Oldham OL4 1DH,-2.10195,53.53913,https://www.planit.org.uk/planapplic/Oldham/PA/335116/14/
Calderdale/14/00810/FUL,E08000033,Calderdale,Calderdale,other,approved,Full,2014-10-03,2014-10-07,high,"Change of Use for place of worship (mosque) (D1), cultural centre and continuation of existing use for education centre (part retrospective)",29 Gibraltar Road Halifax Calderdale HX1 4HG,-1.89028,53.72105,https://www.planit.org.uk/planapplic/Calderdale/14/00810/FUL/
Luton/14/00861/DOC,E06000032,Luton,Luton,admin,approved,Conditions,2014-09-22,2015-10-26,high,"Change of Use from retail to Mosque and community use, minor external alteration and extensions to front of building - Resubmission.Discharge of condition 10 (transportation measures) of planning permission 13/00916/FUL dated 18th October 2013.",2 - 32 Beechwood Road Luton Bedfordshire LU4 8RP,-0.4489,51.89323,https://www.planit.org.uk/planapplic/Luton/14/00861/DOC/
Luton/14/00862/DOC,E06000032,Luton,Luton,admin,approved,Conditions,2014-09-22,2014-10-20,high,"Change of Use from retail to Mosque and community use, minor external alteration and extensions to front of building - Resubmission - Discharge of condition 13 (external lighting) of planning permission 13/00916/FUL dated 18th October 2013.",2 - 32 Beechwood Road Luton Bedfordshire LU4 8RP,-0.4489,51.89323,https://www.planit.org.uk/planapplic/Luton/14/00862/DOC/
Bradford/14/03351/CLE,E08000032,Bradford,Bradford,other,approved,Outline,2014-09-02,2014-09-08,high,Use of existing building as mosque (place of worship),13 Jesmond Avenue Bradford West Yorkshire BD9 5DP,-1.78884,53.80742,https://www.planit.org.uk/planapplic/Bradford/14/03351/CLE/
Luton/14/00859/DOC,E06000032,Luton,Luton,admin,approved,Conditions,2014-08-25,2014-10-23,high,"Change of Use from retail to Mosque and community use, minor external alteration and extensions to front of building - Resubmission.Discharge of condition 4 (onsite parking) of planning permission 13/00916/FUL dated 18th October 2013.",2 - 32 Beechwood Road Luton Bedfordshire LU4 8RP,-0.4489,51.89323,https://www.planit.org.uk/planapplic/Luton/14/00859/DOC/
Luton/14/00863/DOC,E06000032,Luton,Luton,admin,approved,Conditions,2014-08-25,2014-09-05,high,"Change of Use from retail to Mosque and community use, minor external alteration and extensions to front of building - Resubmission.Discharge of condition 17 (noise insulation) of planning permission 13/00916/FUL dated 18th October 2013.",2 - 32 Beechwood Road Luton Bedfordshire LU4 8RP,-0.4489,51.89323,https://www.planit.org.uk/planapplic/Luton/14/00863/DOC/
Fife/14/02613/FULL,S12000047,Fife,Fife,new_build,approved,Full,2014-08-24,2014-10-07,high,Replacement roof and raise roof ridge height of islamic centre,125 Woodmill Road Dunfermline Fife KY11 4AE,-3.43556,56.06992,https://www.planit.org.uk/planapplic/Fife/14/02613/FULL/
Birmingham/2014/05377/PA,E08000025,Birmingham,Birmingham,other,approved,Full,2014-08-22,2014-10-16,medium,Continued use of the ground floor as Islamic prayer hall in addition to existing permitted use as a ground floor education centre,22 - 24 Station Road Erdington Birmingham B23 6UB,-1.83836,52.52763,https://www.planit.org.uk/planapplic/Birmingham/2014/05377/PA/
Barking/14/00831/FUL,E09000002,Barking and Dagenham,Barking and Dagenham,new_build,approved,Full,2014-08-20,2014-10-07,high,"Alterations to mosque involving erection of single storey rear extension, construction of basement to rear and pitched roof to existing side extension.","Masjid E Umar Essex Islamic Academy, 343 Ripple Road, Barking, IG11 7RJ",0.09327,51.53572,https://www.planit.org.uk/planapplic/Barking/14/00831/FUL/
Rochdale/14/00787/FUL,E08000005,Rochdale,Rochdale,new_build,approved,Full,2014-08-13,2014-08-19,high,"Alterations to existing mosque to include erection of new gable, construction of glass, pitched roof entranceway with two supporting minarets on Nile Street elevation and installation/replacement double door to north facing elevation.",Jalalia Mosque 66 Trafalgar Street Rochdale OL16 2EB,-2.14768,53.6203,https://www.planit.org.uk/planapplic/Rochdale/14/00787/FUL/
Manchester/106223/FO/2014/S1,E08000003,Manchester,Manchester,extension,approved,Full,2014-08-12,2014-10-23,high,Use of land as car park in association with Manchester Central Mosque,Land At 385 Opposite Victoria Park Mosque Upper Park Road Rusholme Manchester M14 5RU,-2.2205,53.45646,https://www.planit.org.uk/planapplic/Manchester/106223/FO/2014/S1/
Luton/14/00853/DOC,E06000032,Luton,Luton,admin,pending,Conditions,2014-08-06,,high,"Change of Use from retail to Mosque and community use, minor external alteration and extensions to front of building - Resubmission.Discharge of conditions 3 (landscaping) of planning permission 13/00916/FUL dated 18th October 2013.",2 - 32 Beechwood Road Luton Bedfordshire LU4 8RP,-0.45091,51.89379,https://www.planit.org.uk/planapplic/Luton/14/00853/DOC/
Rochdale/14/00621/FUL,E08000005,Rochdale,Rochdale,new_build,approved,Full,2014-08-05,2014-09-23,high,Use of land as an extension to the grounds of the existing Sparth Islamic Centre including the erection of a 2m high boundary wall,Sparth Islamic Centre Albion Road Rochdale OL11 4HQ,-2.1699,53.6128,https://www.planit.org.uk/planapplic/Rochdale/14/00621/FUL/
Redbridge/0848/14/01,E09000026,Redbridge,Redbridge,use_to,withdrawn,Conditions,2014-08-04,2014-09-26,medium,Travel Plan (Condition 7): Change of use of Police Station to Islamic Cultural and Education Centre (D1).,"Police Station, 14, Wangey Road, Chadwell Heath, Romford, RM6 4AJ",0.1292,51.56992,https://www.planit.org.uk/planapplic/Redbridge/0848/14/01/
Glasgow/14/01638/DC,S12000049,Glasgow City,Glasgow,other,approved,Full,2014-08-01,2014-09-15,high,Use of mosque as dental practice (Class 2).,490 Paisley Road West Glasgow G51 1PY,-4.30075,55.85129,https://www.planit.org.uk/planapplic/Glasgow/14/01638/DC/
Blackpool/14/0275,E06000009,Blackpool,Blackpool,demolition,refused,Full,2014-07-22,2014-08-11,high,"External alterations including removal of shop frontage, re-instatement of bay windows to front elevation and use of premises as altered as a place of worship (Mosque) and community/education centre, with two ancillary self-contained flats at first floor level and associated parking to the rear, fol","187-197 WATERLOO ROAD, BLACKPOOL, FY4 2AE",-3.04442,53.79916,https://www.planit.org.uk/planapplic/Blackpool/14/0275/
Stockport/DC/055162,E08000007,Stockport,Stockport,new_build,withdrawn,Full,2014-07-15,2014-07-17,high,"Demolition of rear wing and erection of part two storey with basement and part single storey extension to existing Community Centre and Mosque, to include partial re-alignment of the car park, repositioning of multi-use sports field and landscaping",377 Wilmslow Road Heald Green Stockport SK8 3NP,-2.21959,53.35946,https://www.planit.org.uk/planapplic/Stockport/DC/055162/
Kirklees/2014/91750,E08000034,Kirklees,Kirklees,use_to,refused,Full,2014-07-02,2014-07-15,high,Change of use of warehouse to mosque and cultural centre,"William Street, Staincliffe, Batley, WF13 4AY",-1.65528,53.7066,https://www.planit.org.uk/planapplic/Kirklees/2014/91750/
Sheffield/11/00642/NMA,E08000019,Sheffield,Sheffield,admin,approved,Amendment,2014-07-02,2014-06-19,high,Non-material amendment to change the facing materials and window profiles of the Mosque and Islamic centre development,"Land At Petre Street Botham Street And Grimesthorpe Road Botham Street Sheffield S4 8NB (Sheffield Grand Mosque, Grimesthorpe Road, S4 8DE)",-1.43957,53.40518,https://www.planit.org.uk/planapplic/Sheffield/11/00642/NMA/
Birmingham/2014/02931/PA,E08000025,Birmingham,Birmingham,new_build,approved,Full,2014-06-19,2014-07-03,high,"Erection of first floor rear extension for use as an associated day centre for OAP's in conjunction with existing use as a mosque and madrassa, and associated alterations to existing single storey rear extension to create new flat roof section.",75 Stafford Road Handsworth Birmingham B21 9DU,-1.93135,52.50446,https://www.planit.org.uk/planapplic/Birmingham/2014/02931/PA/
Nottingham/14/00932/PFUL3,E06000018,Nottingham,Nottingham,extension,approved,Full,2014-06-13,2014-07-02,high,Two glass domes to roof of Islamic Centre. Extension to roof area of third floor conference facility.,The Islamic Centre 3 Curzon Street Nottingham NG3 1DG,-1.1426,52.95754,https://www.planit.org.uk/planapplic/Nottingham/14/00932/PFUL3/
Birmingham/2014/03245/PA,E08000025,Birmingham,Birmingham,other,refused,Full,2014-06-06,2014-10-21,high,Continued use of premises as a Mosque in conjunction with use of Madrassah,68 Nansen Road Sparkhill Birmingham B11 4DT,-1.86264,52.44647,https://www.planit.org.uk/planapplic/Birmingham/2014/03245/PA/
Redbridge/0848/14,E09000026,Redbridge,Redbridge,use_to,approved,Full,2014-05-22,2014-07-03,medium,Change of use of Police Station to Islamic Cultural and Education Centre (D1) (summary).,"Police Station, 14, Wangey Road, Chadwell Heath, Romford, RM6 4AJ",0.1292,51.56992,https://www.planit.org.uk/planapplic/Redbridge/0848/14/
Kirklees/2014/91172,E08000034,Kirklees,Kirklees,use_to,withdrawn,Full,2014-05-18,2014-05-07,high,Change of use of warehouse to mosque and cultural centre,"William Street, Batley, WF13 4AY",-1.65528,53.7066,https://www.planit.org.uk/planapplic/Kirklees/2014/91172/
TowerHamlets/PA/14/00726/A1,E09000030,Tower Hamlets,Tower Hamlets,new_build,approved,Full,2014-05-06,2014-06-02,high,Demolition of existing portable building and construction of a 2 storey mosque.,"Shahjalal Community Centre, 25 Hale Street, London, E14 0BF",-0.01744,51.50946,https://www.planit.org.uk/planapplic/TowerHamlets/PA/14/00726/A1/
TowerHamlets/PA/14/00726,E09000030,Tower Hamlets,Tower Hamlets,new_build,approved,Full,2014-05-06,2014-06-02,high,Demolition of existing portable building and construction of a 2 storey mosque.,"Shahjalal Community Centre, 25 Hale Street, London, E14 0BF",-0.01744,51.50946,https://www.planit.org.uk/planapplic/TowerHamlets/PA/14/00726/
Rochdale/14/00305/FUL,E08000005,Rochdale,Rochdale,new_build,approved,Full,2014-05-01,2014-05-15,high,"Alterations to existing mosque to include erection of gable, construction of arched glass entranceway to Nile Street elevation and installation/replacement double door to north facing elevation",Jalalia Mosque 66 Trafalgar Street Rochdale OL16 2EB,-2.14768,53.6203,https://www.planit.org.uk/planapplic/Rochdale/14/00305/FUL/
Westminster/14/00919/FULL,E09000033,Westminster,Westminster,new_build,approved,Full,2014-04-11,2014-04-23,high,Erection of first floor infill extension between office building and mosque building. Installation of four air conditioning condensor units on roof of mosque building.,Regents Lodge 146 Park Road London NW8 7RG,-0.16511,51.52882,https://www.planit.org.uk/planapplic/Westminster/14/00919/FULL/
Manchester/105133/FO/2014/N2,E08000003,Manchester,Manchester,new_build,approved,Full,2014-04-02,2014-05-06,high,"Siting of two storey temporary building for use as a mosque for temporary period of 3 years, during construction of permanent mosque building",125-129 Beresford Road Longsight Manchester M13 0TA,-2.20175,53.45057,https://www.planit.org.uk/planapplic/Manchester/105133/FO/2014/N2/
Cardiff/14/00067/DCI,W06000015,Cardiff,Cardiff,use_away,approved,Full,2014-03-03,2014-05-21,medium,CHANGE OF USE FROM RETAIL UNIT TO ISLAMIC COMMUNITY CENTRE AND SCHOOL,"171-173 PENARTH ROAD, GRANGETOWN, CARDIFF, CF11 6JW",-3.18557,51.47026,https://www.planit.org.uk/planapplic/Cardiff/14/00067/DCI/
Birmingham/2014/00456/PA,E08000029,Solihull,Birmingham,admin,approved,Conditions,2014-02-18,2014-03-20,high,"Variation of condition 1, 3, 4 attached to planning approval 2012/05571/PA for increase in hours, increasing in people attending and to allow the use as a mosque facility and education centre",2051 Coventry Road Sheldon Birmingham B26 3DY,-1.79142,52.45379,https://www.planit.org.uk/planapplic/Birmingham/2014/00456/PA/
Bolton/91314/14,E08000001,Bolton,Bolton,new_build,approved,Full,2014-02-11,2014-06-09,high,PROPOSED DEMOLITION OF EXISTING MOSQUE AND REPLACEMENT OF NEW MOSQUE INCLUDING PARKING AND GROUNDWORKS,"SUGHRA MOSQUE, GRANVILLE STREET, FARNWORTH, BOLTON, BL4 7LD",-2.40113,53.55487,https://www.planit.org.uk/planapplic/Bolton/91314/14/
Redbridge/2217/10/01,E09000026,Redbridge,Redbridge,new_build,approved,Conditions,2014-02-07,2014-03-20,high,"Materials; (Condition 4); Construction and demolition management plan; (Condition 7): Demolish existing building. Erection of new, two storey (excluding basement) Islamic Centre.","2A, Ashgrove Road, Goodmayes, Ilford, IG3 9XE",0.10877,51.56485,https://www.planit.org.uk/planapplic/Redbridge/2217/10/01/
Bradford/13/05232/VOC,E08000032,Bradford,Bradford,admin,approved,Conditions,2014-02-07,2014-03-28,medium,Variation of conditions 3 and 5 of planning permission 11/02354/FUL dated 09.09.2011: Change of use from workshop to Islamic educational centre,6 - 7 Low Green Bradford West Yorkshire,-1.78211,53.77892,https://www.planit.org.uk/planapplic/Bradford/13/05232/VOC/
