area_code,area_name,area_type,period,faith_category,count
E06000001,Hartlepool,TYPE424,2021,Buddhist,180
E06000001,Hartlepool,TYPE424,2021,Christian,48495
E06000001,Hartlepool,TYPE424,2021,Hindu,222
E06000001,Hartlepool,TYPE424,2021,Jewish,27
E06000001,Hartlepool,TYPE424,2021,Muslim,1213
E06000001,Hartlepool,TYPE424,2021,No religion,36995
E06000001,Hartlepool,TYPE424,2021,Not answered,4755
E06000001,Hartlepool,TYPE424,2021,Other religion,285
E06000001,Hartlepool,TYPE424,2021,Sikh,166
E06000001,Hartlepool,TYPE424,2021,Total: All usual residents,92338
E06000002,Middlesbrough,TYPE424,2021,Buddhist,437
E06000002,Middlesbrough,TYPE424,2021,Christian,66143
E06000002,Middlesbrough,TYPE424,2021,Hindu,1436
E06000002,Middlesbrough,TYPE424,2021,Jewish,41
E06000002,Middlesbrough,TYPE424,2021,Muslim,14703
E06000002,Middlesbrough,TYPE424,2021,No religion,52415
E06000002,Middlesbrough,TYPE424,2021,Not answered,7683
E06000002,Middlesbrough,TYPE424,2021,Other religion,460
E06000002,Middlesbrough,TYPE424,2021,Sikh,606
E06000002,Middlesbrough,TYPE424,2021,Total: All usual residents,143924
E06000003,Redcar and Cleveland,TYPE424,2021,Buddhist,280
E06000003,Redcar and Cleveland,TYPE424,2021,Christian,72359
E06000003,Redcar and Cleveland,TYPE424,2021,Hindu,139
E06000003,Redcar and Cleveland,TYPE424,2021,Jewish,37
E06000003,Redcar and Cleveland,TYPE424,2021,Muslim,984
E06000003,Redcar and Cleveland,TYPE424,2021,No religion,54921
E06000003,Redcar and Cleveland,TYPE424,2021,Not answered,7248
E06000003,Redcar and Cleveland,TYPE424,2021,Other religion,491
E06000003,Redcar and Cleveland,TYPE424,2021,Sikh,70
E06000003,Redcar and Cleveland,TYPE424,2021,Total: All usual residents,136529
E06000004,Stockton-on-Tees,TYPE424,2021,Buddhist,532
E06000004,Stockton-on-Tees,TYPE424,2021,Christian,100420
E06000004,Stockton-on-Tees,TYPE424,2021,Hindu,811
E06000004,Stockton-on-Tees,TYPE424,2021,Jewish,61
E06000004,Stockton-on-Tees,TYPE424,2021,Muslim,6675
E06000004,Stockton-on-Tees,TYPE424,2021,No religion,76840
E06000004,Stockton-on-Tees,TYPE424,2021,Not answered,9924
E06000004,Stockton-on-Tees,TYPE424,2021,Other religion,550
E06000004,Stockton-on-Tees,TYPE424,2021,Sikh,782
E06000004,Stockton-on-Tees,TYPE424,2021,Total: All usual residents,196595
E06000005,Darlington,TYPE424,2021,Buddhist,344
E06000005,Darlington,TYPE424,2021,Christian,56194
E06000005,Darlington,TYPE424,2021,Hindu,453
E06000005,Darlington,TYPE424,2021,Jewish,36
E06000005,Darlington,TYPE424,2021,Muslim,1849
E06000005,Darlington,TYPE424,2021,No religion,42780
E06000005,Darlington,TYPE424,2021,Not answered,5296
E06000005,Darlington,TYPE424,2021,Other religion,404
E06000005,Darlington,TYPE424,2021,Sikh,443
E06000005,Darlington,TYPE424,2021,Total: All usual residents,107799
E06000006,Halton,TYPE424,2021,Buddhist,291
E06000006,Halton,TYPE424,2021,Christian,75269
E06000006,Halton,TYPE424,2021,Hindu,327
E06000006,Halton,TYPE424,2021,Jewish,46
E06000006,Halton,TYPE424,2021,Muslim,805
E06000006,Halton,TYPE424,2021,No religion,45261
E06000006,Halton,TYPE424,2021,Not answered,5946
E06000006,Halton,TYPE424,2021,Other religion,453
E06000006,Halton,TYPE424,2021,Sikh,80
E06000006,Halton,TYPE424,2021,Total: All usual residents,128478
E06000007,Warrington,TYPE424,2021,Buddhist,605
E06000007,Warrington,TYPE424,2021,Christian,119650
E06000007,Warrington,TYPE424,2021,Hindu,1495
E06000007,Warrington,TYPE424,2021,Jewish,190
E06000007,Warrington,TYPE424,2021,Muslim,3686
E06000007,Warrington,TYPE424,2021,No religion,73042
E06000007,Warrington,TYPE424,2021,Not answered,11034
E06000007,Warrington,TYPE424,2021,Other religion,794
E06000007,Warrington,TYPE424,2021,Sikh,478
E06000007,Warrington,TYPE424,2021,Total: All usual residents,210974
E06000008,Blackburn with Darwen,TYPE424,2021,Buddhist,262
E06000008,Blackburn with Darwen,TYPE424,2021,Christian,58793
E06000008,Blackburn with Darwen,TYPE424,2021,Hindu,483
E06000008,Blackburn with Darwen,TYPE424,2021,Jewish,49
E06000008,Blackburn with Darwen,TYPE424,2021,Muslim,54146
E06000008,Blackburn with Darwen,TYPE424,2021,No religion,32717
E06000008,Blackburn with Darwen,TYPE424,2021,Not answered,7711
E06000008,Blackburn with Darwen,TYPE424,2021,Other religion,439
E06000008,Blackburn with Darwen,TYPE424,2021,Sikh,139
E06000008,Blackburn with Darwen,TYPE424,2021,Total: All usual residents,154739
E06000009,Blackpool,TYPE424,2021,Buddhist,500
E06000009,Blackpool,TYPE424,2021,Christian,71698
E06000009,Blackpool,TYPE424,2021,Hindu,511
E06000009,Blackpool,TYPE424,2021,Jewish,227
E06000009,Blackpool,TYPE424,2021,Muslim,2004
E06000009,Blackpool,TYPE424,2021,No religion,57812
E06000009,Blackpool,TYPE424,2021,Not answered,7468
E06000009,Blackpool,TYPE424,2021,Other religion,707
E06000009,Blackpool,TYPE424,2021,Sikh,109
E06000009,Blackpool,TYPE424,2021,Total: All usual residents,141036
E06000010,"Kingston upon Hull, City of",TYPE424,2021,Buddhist,746
E06000010,"Kingston upon Hull, City of",TYPE424,2021,Christian,106411
E06000010,"Kingston upon Hull, City of",TYPE424,2021,Hindu,646
E06000010,"Kingston upon Hull, City of",TYPE424,2021,Jewish,146
E06000010,"Kingston upon Hull, City of",TYPE424,2021,Muslim,9285
E06000010,"Kingston upon Hull, City of",TYPE424,2021,No religion,131424
E06000010,"Kingston upon Hull, City of",TYPE424,2021,Not answered,16957
E06000010,"Kingston upon Hull, City of",TYPE424,2021,Other religion,1124
E06000010,"Kingston upon Hull, City of",TYPE424,2021,Sikh,277
E06000010,"Kingston upon Hull, City of",TYPE424,2021,Total: All usual residents,267016
E06000011,East Riding of Yorkshire,TYPE424,2021,Buddhist,885
E06000011,East Riding of Yorkshire,TYPE424,2021,Christian,182396
E06000011,East Riding of Yorkshire,TYPE424,2021,Hindu,758
E06000011,East Riding of Yorkshire,TYPE424,2021,Jewish,284
E06000011,East Riding of Yorkshire,TYPE424,2021,Muslim,1966
E06000011,East Riding of Yorkshire,TYPE424,2021,No religion,133916
E06000011,East Riding of Yorkshire,TYPE424,2021,Not answered,20560
E06000011,East Riding of Yorkshire,TYPE424,2021,Other religion,1224
E06000011,East Riding of Yorkshire,TYPE424,2021,Sikh,227
E06000011,East Riding of Yorkshire,TYPE424,2021,Total: All usual residents,342216
E06000012,North East Lincolnshire,TYPE424,2021,Buddhist,417
E06000012,North East Lincolnshire,TYPE424,2021,Christian,71063
E06000012,North East Lincolnshire,TYPE424,2021,Hindu,425
E06000012,North East Lincolnshire,TYPE424,2021,Jewish,79
E06000012,North East Lincolnshire,TYPE424,2021,Muslim,1922
E06000012,North East Lincolnshire,TYPE424,2021,No religion,73008
E06000012,North East Lincolnshire,TYPE424,2021,Not answered,9218
E06000012,North East Lincolnshire,TYPE424,2021,Other religion,653
E06000012,North East Lincolnshire,TYPE424,2021,Sikh,183
E06000012,North East Lincolnshire,TYPE424,2021,Total: All usual residents,156968
E06000013,North Lincolnshire,TYPE424,2021,Buddhist,406
E06000013,North Lincolnshire,TYPE424,2021,Christian,88455
E06000013,North Lincolnshire,TYPE424,2021,Hindu,418
E06000013,North Lincolnshire,TYPE424,2021,Jewish,49
E06000013,North Lincolnshire,TYPE424,2021,Muslim,4201
E06000013,North Lincolnshire,TYPE424,2021,No religion,65581
E06000013,North Lincolnshire,TYPE424,2021,Not answered,9390
E06000013,North Lincolnshire,TYPE424,2021,Other religion,614
E06000013,North Lincolnshire,TYPE424,2021,Sikh,566
E06000013,North Lincolnshire,TYPE424,2021,Total: All usual residents,169680
E06000014,York,TYPE424,2021,Buddhist,1045
E06000014,York,TYPE424,2021,Christian,89019
E06000014,York,TYPE424,2021,Hindu,1043
E06000014,York,TYPE424,2021,Jewish,273
E06000014,York,TYPE424,2021,Muslim,2488
E06000014,York,TYPE424,2021,No religion,93577
E06000014,York,TYPE424,2021,Not answered,13930
E06000014,York,TYPE424,2021,Other religion,1266
E06000014,York,TYPE424,2021,Sikh,179
E06000014,York,TYPE424,2021,Total: All usual residents,202820
E06000015,Derby,TYPE424,2021,Buddhist,828
E06000015,Derby,TYPE424,2021,Christian,104969
E06000015,Derby,TYPE424,2021,Hindu,3065
E06000015,Derby,TYPE424,2021,Jewish,150
E06000015,Derby,TYPE424,2021,Muslim,29137
E06000015,Derby,TYPE424,2021,No religion,95639
E06000015,Derby,TYPE424,2021,Not answered,16517
E06000015,Derby,TYPE424,2021,Other religion,1297
E06000015,Derby,TYPE424,2021,Sikh,9762
E06000015,Derby,TYPE424,2021,Total: All usual residents,261364
E06000016,Leicester,TYPE424,2021,Buddhist,1181
E06000016,Leicester,TYPE424,2021,Christian,91161
E06000016,Leicester,TYPE424,2021,Hindu,65821
E06000016,Leicester,TYPE424,2021,Jewish,326
E06000016,Leicester,TYPE424,2021,Muslim,86443
E06000016,Leicester,TYPE424,2021,No religion,84607
E06000016,Leicester,TYPE424,2021,Not answered,20509
E06000016,Leicester,TYPE424,2021,Other religion,2075
E06000016,Leicester,TYPE424,2021,Sikh,16451
E06000016,Leicester,TYPE424,2021,Total: All usual residents,368574
E06000017,Rutland,TYPE424,2021,Buddhist,150
E06000017,Rutland,TYPE424,2021,Christian,22728
E06000017,Rutland,TYPE424,2021,Hindu,125
E06000017,Rutland,TYPE424,2021,Jewish,53
E06000017,Rutland,TYPE424,2021,Muslim,258
E06000017,Rutland,TYPE424,2021,No religion,15239
E06000017,Rutland,TYPE424,2021,Not answered,2231
E06000017,Rutland,TYPE424,2021,Other religion,201
E06000017,Rutland,TYPE424,2021,Sikh,67
E06000017,Rutland,TYPE424,2021,Total: All usual residents,41052
E06000018,Nottingham,TYPE424,2021,Buddhist,1671
E06000018,Nottingham,TYPE424,2021,Christian,112200
E06000018,Nottingham,TYPE424,2021,Hindu,5403
E06000018,Nottingham,TYPE424,2021,Jewish,941
E06000018,Nottingham,TYPE424,2021,Muslim,39540
E06000018,Nottingham,TYPE424,2021,No religion,133403
E06000018,Nottingham,TYPE424,2021,Not answered,24099
E06000018,Nottingham,TYPE424,2021,Other religion,2263
E06000018,Nottingham,TYPE424,2021,Sikh,4110
E06000018,Nottingham,TYPE424,2021,Total: All usual residents,323630
E06000019,"Herefordshire, County of",TYPE424,2021,Buddhist,646
E06000019,"Herefordshire, County of",TYPE424,2021,Christian,102614
E06000019,"Herefordshire, County of",TYPE424,2021,Hindu,384
E06000019,"Herefordshire, County of",TYPE424,2021,Jewish,142
E06000019,"Herefordshire, County of",TYPE424,2021,Muslim,790
E06000019,"Herefordshire, County of",TYPE424,2021,No religion,68475
E06000019,"Herefordshire, County of",TYPE424,2021,Not answered,12962
E06000019,"Herefordshire, County of",TYPE424,2021,Other religion,904
E06000019,"Herefordshire, County of",TYPE424,2021,Sikh,117
E06000019,"Herefordshire, County of",TYPE424,2021,Total: All usual residents,187034
E06000020,Telford and Wrekin,TYPE424,2021,Buddhist,597
E06000020,Telford and Wrekin,TYPE424,2021,Christian,88275
E06000020,Telford and Wrekin,TYPE424,2021,Hindu,1352
E06000020,Telford and Wrekin,TYPE424,2021,Jewish,78
E06000020,Telford and Wrekin,TYPE424,2021,Muslim,5043
E06000020,Telford and Wrekin,TYPE424,2021,No religion,75965
E06000020,Telford and Wrekin,TYPE424,2021,Not answered,10448
E06000020,Telford and Wrekin,TYPE424,2021,Other religion,933
E06000020,Telford and Wrekin,TYPE424,2021,Sikh,2851
E06000020,Telford and Wrekin,TYPE424,2021,Total: All usual residents,185542
E06000021,Stoke-on-Trent,TYPE424,2021,Buddhist,811
E06000021,Stoke-on-Trent,TYPE424,2021,Christian,118434
E06000021,Stoke-on-Trent,TYPE424,2021,Hindu,1356
E06000021,Stoke-on-Trent,TYPE424,2021,Jewish,83
E06000021,Stoke-on-Trent,TYPE424,2021,Muslim,23790
E06000021,Stoke-on-Trent,TYPE424,2021,No religion,97433
E06000021,Stoke-on-Trent,TYPE424,2021,Not answered,14710
E06000021,Stoke-on-Trent,TYPE424,2021,Other religion,1150
E06000021,Stoke-on-Trent,TYPE424,2021,Sikh,602
E06000021,Stoke-on-Trent,TYPE424,2021,Total: All usual residents,258369
E06000022,Bath and North East Somerset,TYPE424,2021,Buddhist,996
E06000022,Bath and North East Somerset,TYPE424,2021,Christian,81553
E06000022,Bath and North East Somerset,TYPE424,2021,Hindu,875
E06000022,Bath and North East Somerset,TYPE424,2021,Jewish,325
E06000022,Bath and North East Somerset,TYPE424,2021,Muslim,1909
E06000022,Bath and North East Somerset,TYPE424,2021,No religion,92567
E06000022,Bath and North East Somerset,TYPE424,2021,Not answered,13930
E06000022,Bath and North East Somerset,TYPE424,2021,Other religion,1097
E06000022,Bath and North East Somerset,TYPE424,2021,Sikh,162
E06000022,Bath and North East Somerset,TYPE424,2021,Total: All usual residents,193414
E06000023,"Bristol, City of",TYPE424,2021,Buddhist,2710
E06000023,"Bristol, City of",TYPE424,2021,Christian,152126
E06000023,"Bristol, City of",TYPE424,2021,Hindu,3545
E06000023,"Bristol, City of",TYPE424,2021,Jewish,1228
E06000023,"Bristol, City of",TYPE424,2021,Muslim,31776
E06000023,"Bristol, City of",TYPE424,2021,No religion,242864
E06000023,"Bristol, City of",TYPE424,2021,Not answered,32423
E06000023,"Bristol, City of",TYPE424,2021,Other religion,3546
E06000023,"Bristol, City of",TYPE424,2021,Sikh,2247
E06000023,"Bristol, City of",TYPE424,2021,Total: All usual residents,472465
E06000024,North Somerset,TYPE424,2021,Buddhist,695
E06000024,North Somerset,TYPE424,2021,Christian,100990
E06000024,North Somerset,TYPE424,2021,Hindu,468
E06000024,North Somerset,TYPE424,2021,Jewish,166
E06000024,North Somerset,TYPE424,2021,Muslim,1346
E06000024,North Somerset,TYPE424,2021,No religion,98085
E06000024,North Somerset,TYPE424,2021,Not answered,13696
E06000024,North Somerset,TYPE424,2021,Other religion,1166
E06000024,North Somerset,TYPE424,2021,Sikh,117
E06000024,North Somerset,TYPE424,2021,Total: All usual residents,216729
E06000025,South Gloucestershire,TYPE424,2021,Buddhist,1056
E06000025,South Gloucestershire,TYPE424,2021,Christian,128014
E06000025,South Gloucestershire,TYPE424,2021,Hindu,2896
E06000025,South Gloucestershire,TYPE424,2021,Jewish,173
E06000025,South Gloucestershire,TYPE424,2021,Muslim,4720
E06000025,South Gloucestershire,TYPE424,2021,No religion,133749
E06000025,South Gloucestershire,TYPE424,2021,Not answered,17492
E06000025,South Gloucestershire,TYPE424,2021,Other religion,1319
E06000025,South Gloucestershire,TYPE424,2021,Sikh,1006
E06000025,South Gloucestershire,TYPE424,2021,Total: All usual residents,290425
E06000026,Plymouth,TYPE424,2021,Buddhist,1018
E06000026,Plymouth,TYPE424,2021,Christian,112526
E06000026,Plymouth,TYPE424,2021,Hindu,814
E06000026,Plymouth,TYPE424,2021,Jewish,207
E06000026,Plymouth,TYPE424,2021,Muslim,3474
E06000026,Plymouth,TYPE424,2021,No religion,129338
E06000026,Plymouth,TYPE424,2021,Not answered,15695
E06000026,Plymouth,TYPE424,2021,Other religion,1527
E06000026,Plymouth,TYPE424,2021,Sikh,96
E06000026,Plymouth,TYPE424,2021,Total: All usual residents,264695
E06000027,Torbay,TYPE424,2021,Buddhist,553
E06000027,Torbay,TYPE424,2021,Christian,67634
E06000027,Torbay,TYPE424,2021,Hindu,223
E06000027,Torbay,TYPE424,2021,Jewish,141
E06000027,Torbay,TYPE424,2021,Muslim,788
E06000027,Torbay,TYPE424,2021,No religion,60178
E06000027,Torbay,TYPE424,2021,Not answered,8771
E06000027,Torbay,TYPE424,2021,Other religion,976
E06000027,Torbay,TYPE424,2021,Sikh,60
E06000027,Torbay,TYPE424,2021,Total: All usual residents,139324
E06000030,Swindon,TYPE424,2021,Buddhist,1700
E06000030,Swindon,TYPE424,2021,Christian,108778
E06000030,Swindon,TYPE424,2021,Hindu,5865
E06000030,Swindon,TYPE424,2021,Jewish,131
E06000030,Swindon,TYPE424,2021,Muslim,6310
E06000030,Swindon,TYPE424,2021,No religion,94559
E06000030,Swindon,TYPE424,2021,Not answered,13105
E06000030,Swindon,TYPE424,2021,Other religion,1514
E06000030,Swindon,TYPE424,2021,Sikh,1448
E06000030,Swindon,TYPE424,2021,Total: All usual residents,233410
E06000031,Peterborough,TYPE424,2021,Buddhist,617
E06000031,Peterborough,TYPE424,2021,Christian,99802
E06000031,Peterborough,TYPE424,2021,Hindu,3813
E06000031,Peterborough,TYPE424,2021,Jewish,185
E06000031,Peterborough,TYPE424,2021,Muslim,26239
E06000031,Peterborough,TYPE424,2021,No religion,70066
E06000031,Peterborough,TYPE424,2021,Not answered,12604
E06000031,Peterborough,TYPE424,2021,Other religion,999
E06000031,Peterborough,TYPE424,2021,Sikh,1348
E06000031,Peterborough,TYPE424,2021,Total: All usual residents,215673
E06000032,Luton,TYPE424,2021,Buddhist,664
E06000032,Luton,TYPE424,2021,Christian,85297
E06000032,Luton,TYPE424,2021,Hindu,7438
E06000032,Luton,TYPE424,2021,Jewish,246
E06000032,Luton,TYPE424,2021,Muslim,74191
E06000032,Luton,TYPE424,2021,No religion,39580
E06000032,Luton,TYPE424,2021,Not answered,13697
E06000032,Luton,TYPE424,2021,Other religion,1115
E06000032,Luton,TYPE424,2021,Sikh,3032
E06000032,Luton,TYPE424,2021,Total: All usual residents,225260
E06000033,Southend-on-Sea,TYPE424,2021,Buddhist,953
E06000033,Southend-on-Sea,TYPE424,2021,Christian,76884
E06000033,Southend-on-Sea,TYPE424,2021,Hindu,2057
E06000033,Southend-on-Sea,TYPE424,2021,Jewish,2057
E06000033,Southend-on-Sea,TYPE424,2021,Muslim,5461
E06000033,Southend-on-Sea,TYPE424,2021,No religion,81187
E06000033,Southend-on-Sea,TYPE424,2021,Not answered,10756
E06000033,Southend-on-Sea,TYPE424,2021,Other religion,1128
E06000033,Southend-on-Sea,TYPE424,2021,Sikh,203
E06000033,Southend-on-Sea,TYPE424,2021,Total: All usual residents,180686
E06000034,Thurrock,TYPE424,2021,Buddhist,703
E06000034,Thurrock,TYPE424,2021,Christian,90940
E06000034,Thurrock,TYPE424,2021,Hindu,2376
E06000034,Thurrock,TYPE424,2021,Jewish,225
E06000034,Thurrock,TYPE424,2021,Muslim,8586
E06000034,Thurrock,TYPE424,2021,No religion,61043
E06000034,Thurrock,TYPE424,2021,Not answered,9196
E06000034,Thurrock,TYPE424,2021,Other religion,901
E06000034,Thurrock,TYPE424,2021,Sikh,2030
E06000034,Thurrock,TYPE424,2021,Total: All usual residents,176000
E06000035,Medway,TYPE424,2021,Buddhist,999
E06000035,Medway,TYPE424,2021,Christian,126097
E06000035,Medway,TYPE424,2021,Hindu,3172
E06000035,Medway,TYPE424,2021,Jewish,217
E06000035,Medway,TYPE424,2021,Muslim,7636
E06000035,Medway,TYPE424,2021,No religion,120309
E06000035,Medway,TYPE424,2021,Not answered,15273
E06000035,Medway,TYPE424,2021,Other religion,1705
E06000035,Medway,TYPE424,2021,Sikh,4363
E06000035,Medway,TYPE424,2021,Total: All usual residents,279771
E06000036,Bracknell Forest,TYPE424,2021,Buddhist,1039
E06000036,Bracknell Forest,TYPE424,2021,Christian,59141
E06000036,Bracknell Forest,TYPE424,2021,Hindu,2942
E06000036,Bracknell Forest,TYPE424,2021,Jewish,190
E06000036,Bracknell Forest,TYPE424,2021,Muslim,2216
E06000036,Bracknell Forest,TYPE424,2021,No religion,50300
E06000036,Bracknell Forest,TYPE424,2021,Not answered,6981
E06000036,Bracknell Forest,TYPE424,2021,Other religion,743
E06000036,Bracknell Forest,TYPE424,2021,Sikh,1055
E06000036,Bracknell Forest,TYPE424,2021,Total: All usual residents,124607
E06000037,West Berkshire,TYPE424,2021,Buddhist,552
E06000037,West Berkshire,TYPE424,2021,Christian,79217
E06000037,West Berkshire,TYPE424,2021,Hindu,2083
E06000037,West Berkshire,TYPE424,2021,Jewish,236
E06000037,West Berkshire,TYPE424,2021,Muslim,2107
E06000037,West Berkshire,TYPE424,2021,No religion,66290
E06000037,West Berkshire,TYPE424,2021,Not answered,9891
E06000037,West Berkshire,TYPE424,2021,Other religion,705
E06000037,West Berkshire,TYPE424,2021,Sikh,367
E06000037,West Berkshire,TYPE424,2021,Total: All usual residents,161448
E06000038,Reading,TYPE424,2021,Buddhist,2887
E06000038,Reading,TYPE424,2021,Christian,68988
E06000038,Reading,TYPE424,2021,Hindu,8757
E06000038,Reading,TYPE424,2021,Jewish,329
E06000038,Reading,TYPE424,2021,Muslim,15481
E06000038,Reading,TYPE424,2021,No religion,63287
E06000038,Reading,TYPE424,2021,Not answered,12062
E06000038,Reading,TYPE424,2021,Other religion,1241
E06000038,Reading,TYPE424,2021,Sikh,1194
E06000038,Reading,TYPE424,2021,Total: All usual residents,174226
E06000039,Slough,TYPE424,2021,Buddhist,776
E06000039,Slough,TYPE424,2021,Christian,50664
E06000039,Slough,TYPE424,2021,Hindu,12343
E06000039,Slough,TYPE424,2021,Jewish,85
E06000039,Slough,TYPE424,2021,Muslim,46661
E06000039,Slough,TYPE424,2021,No religion,20726
E06000039,Slough,TYPE424,2021,Not answered,8544
E06000039,Slough,TYPE424,2021,Other religion,716
E06000039,Slough,TYPE424,2021,Sikh,17985
E06000039,Slough,TYPE424,2021,Total: All usual residents,158500
E06000040,Windsor and Maidenhead,TYPE424,2021,Buddhist,870
E06000040,Windsor and Maidenhead,TYPE424,2021,Christian,76514
E06000040,Windsor and Maidenhead,TYPE424,2021,Hindu,4706
E06000040,Windsor and Maidenhead,TYPE424,2021,Jewish,521
E06000040,Windsor and Maidenhead,TYPE424,2021,Muslim,8607
E06000040,Windsor and Maidenhead,TYPE424,2021,No religion,47641
E06000040,Windsor and Maidenhead,TYPE424,2021,Not answered,9426
E06000040,Windsor and Maidenhead,TYPE424,2021,Other religion,694
E06000040,Windsor and Maidenhead,TYPE424,2021,Sikh,4517
E06000040,Windsor and Maidenhead,TYPE424,2021,Total: All usual residents,153496
E06000041,Wokingham,TYPE424,2021,Buddhist,881
E06000041,Wokingham,TYPE424,2021,Christian,79389
E06000041,Wokingham,TYPE424,2021,Hindu,8464
E06000041,Wokingham,TYPE424,2021,Jewish,435
E06000041,Wokingham,TYPE424,2021,Muslim,8597
E06000041,Wokingham,TYPE424,2021,No religion,65428
E06000041,Wokingham,TYPE424,2021,Not answered,10544
E06000041,Wokingham,TYPE424,2021,Other religion,775
E06000041,Wokingham,TYPE424,2021,Sikh,2992
E06000041,Wokingham,TYPE424,2021,Total: All usual residents,177505
E06000042,Milton Keynes,TYPE424,2021,Buddhist,1404
E06000042,Milton Keynes,TYPE424,2021,Christian,122935
E06000042,Milton Keynes,TYPE424,2021,Hindu,12911
E06000042,Milton Keynes,TYPE424,2021,Jewish,383
E06000042,Milton Keynes,TYPE424,2021,Muslim,20484
E06000042,Milton Keynes,TYPE424,2021,No religion,108953
E06000042,Milton Keynes,TYPE424,2021,Not answered,16473
E06000042,Milton Keynes,TYPE424,2021,Other religion,1558
E06000042,Milton Keynes,TYPE424,2021,Sikh,1959
E06000042,Milton Keynes,TYPE424,2021,Total: All usual residents,287060
E06000043,Brighton and Hove,TYPE424,2021,Buddhist,2455
E06000043,Brighton and Hove,TYPE424,2021,Christian,85629
E06000043,Brighton and Hove,TYPE424,2021,Hindu,2100
E06000043,Brighton and Hove,TYPE424,2021,Jewish,2455
E06000043,Brighton and Hove,TYPE424,2021,Muslim,8500
E06000043,Brighton and Hove,TYPE424,2021,No religion,152966
E06000043,Brighton and Hove,TYPE424,2021,Not answered,19760
E06000043,Brighton and Hove,TYPE424,2021,Other religion,2860
E06000043,Brighton and Hove,TYPE424,2021,Sikh,378
E06000043,Brighton and Hove,TYPE424,2021,Total: All usual residents,277103
E06000044,Portsmouth,TYPE424,2021,Buddhist,1077
E06000044,Portsmouth,TYPE424,2021,Christian,81939
E06000044,Portsmouth,TYPE424,2021,Hindu,1596
E06000044,Portsmouth,TYPE424,2021,Jewish,200
E06000044,Portsmouth,TYPE424,2021,Muslim,10174
E06000044,Portsmouth,TYPE424,2021,No religion,97887
E06000044,Portsmouth,TYPE424,2021,Not answered,13413
E06000044,Portsmouth,TYPE424,2021,Other religion,1259
E06000044,Portsmouth,TYPE424,2021,Sikh,459
E06000044,Portsmouth,TYPE424,2021,Total: All usual residents,208004
E06000045,Southampton,TYPE424,2021,Buddhist,1333
E06000045,Southampton,TYPE424,2021,Christian,99910
E06000045,Southampton,TYPE424,2021,Hindu,3265
E06000045,Southampton,TYPE424,2021,Jewish,254
E06000045,Southampton,TYPE424,2021,Muslim,13893
E06000045,Southampton,TYPE424,2021,No religion,108000
E06000045,Southampton,TYPE424,2021,Not answered,16412
E06000045,Southampton,TYPE424,2021,Other religion,1663
E06000045,Southampton,TYPE424,2021,Sikh,4192
E06000045,Southampton,TYPE424,2021,Total: All usual residents,248922
E06000046,Isle of Wight,TYPE424,2021,Buddhist,499
E06000046,Isle of Wight,TYPE424,2021,Christian,67005
E06000046,Isle of Wight,TYPE424,2021,Hindu,257
E06000046,Isle of Wight,TYPE424,2021,Jewish,136
E06000046,Isle of Wight,TYPE424,2021,Muslim,593
E06000046,Isle of Wight,TYPE424,2021,No religion,61721
E06000046,Isle of Wight,TYPE424,2021,Not answered,9099
E06000046,Isle of Wight,TYPE424,2021,Other religion,1111
E06000046,Isle of Wight,TYPE424,2021,Sikh,39
E06000046,Isle of Wight,TYPE424,2021,Total: All usual residents,140460
E06000047,County Durham,TYPE424,2021,Buddhist,1290
E06000047,County Durham,TYPE424,2021,Christian,285167
E06000047,County Durham,TYPE424,2021,Hindu,990
E06000047,County Durham,TYPE424,2021,Jewish,286
E06000047,County Durham,TYPE424,2021,Muslim,2922
E06000047,County Durham,TYPE424,2021,No religion,201688
E06000047,County Durham,TYPE424,2021,Not answered,26687
E06000047,County Durham,TYPE424,2021,Other religion,2198
E06000047,County Durham,TYPE424,2021,Sikh,839
E06000047,County Durham,TYPE424,2021,Total: All usual residents,522067
E06000049,Cheshire East,TYPE424,2021,Buddhist,1314
E06000049,Cheshire East,TYPE424,2021,Christian,216629
E06000049,Cheshire East,TYPE424,2021,Hindu,2046
E06000049,Cheshire East,TYPE424,2021,Jewish,640
E06000049,Cheshire East,TYPE424,2021,Muslim,4140
E06000049,Cheshire East,TYPE424,2021,No religion,150257
E06000049,Cheshire East,TYPE424,2021,Not answered,21815
E06000049,Cheshire East,TYPE424,2021,Other religion,1558
E06000049,Cheshire East,TYPE424,2021,Sikh,371
E06000049,Cheshire East,TYPE424,2021,Total: All usual residents,398770
E06000050,Cheshire West and Chester,TYPE424,2021,Buddhist,1074
E06000050,Cheshire West and Chester,TYPE424,2021,Christian,194705
E06000050,Cheshire West and Chester,TYPE424,2021,Hindu,1551
E06000050,Cheshire West and Chester,TYPE424,2021,Jewish,288
E06000050,Cheshire West and Chester,TYPE424,2021,Muslim,3506
E06000050,Cheshire West and Chester,TYPE424,2021,No religion,135025
E06000050,Cheshire West and Chester,TYPE424,2021,Not answered,19512
E06000050,Cheshire West and Chester,TYPE424,2021,Other religion,1238
E06000050,Cheshire West and Chester,TYPE424,2021,Sikh,251
E06000050,Cheshire West and Chester,TYPE424,2021,Total: All usual residents,357150
E06000051,Shropshire,TYPE424,2021,Buddhist,895
E06000051,Shropshire,TYPE424,2021,Christian,179516
E06000051,Shropshire,TYPE424,2021,Hindu,557
E06000051,Shropshire,TYPE424,2021,Jewish,182
E06000051,Shropshire,TYPE424,2021,Muslim,1708
E06000051,Shropshire,TYPE424,2021,No religion,119573
E06000051,Shropshire,TYPE424,2021,Not answered,18931
E06000051,Shropshire,TYPE424,2021,Other religion,1482
E06000051,Shropshire,TYPE424,2021,Sikh,760
E06000051,Shropshire,TYPE424,2021,Total: All usual residents,323604
E06000052,Cornwall,TYPE424,2021,Buddhist,2079
E06000052,Cornwall,TYPE424,2021,Christian,259145
E06000052,Cornwall,TYPE424,2021,Hindu,547
E06000052,Cornwall,TYPE424,2021,Jewish,507
E06000052,Cornwall,TYPE424,2021,Muslim,1333
E06000052,Cornwall,TYPE424,2021,No religion,264037
E06000052,Cornwall,TYPE424,2021,Not answered,38134
E06000052,Cornwall,TYPE424,2021,Other religion,4393
E06000052,Cornwall,TYPE424,2021,Sikh,130
E06000052,Cornwall,TYPE424,2021,Total: All usual residents,570305
E06000053,Isles of Scilly,TYPE424,2021,Buddhist,3
E06000053,Isles of Scilly,TYPE424,2021,Christian,967
E06000053,Isles of Scilly,TYPE424,2021,Hindu,1
E06000053,Isles of Scilly,TYPE424,2021,Jewish,1
E06000053,Isles of Scilly,TYPE424,2021,Muslim,0
E06000053,Isles of Scilly,TYPE424,2021,No religion,950
E06000053,Isles of Scilly,TYPE424,2021,Not answered,125
E06000053,Isles of Scilly,TYPE424,2021,Other religion,7
E06000053,Isles of Scilly,TYPE424,2021,Sikh,0
E06000053,Isles of Scilly,TYPE424,2021,Total: All usual residents,2054
E06000054,Wiltshire,TYPE424,2021,Buddhist,2521
E06000054,Wiltshire,TYPE424,2021,Christian,256160
E06000054,Wiltshire,TYPE424,2021,Hindu,2670
E06000054,Wiltshire,TYPE424,2021,Jewish,458
E06000054,Wiltshire,TYPE424,2021,Muslim,3508
E06000054,Wiltshire,TYPE424,2021,No religion,210601
E06000054,Wiltshire,TYPE424,2021,Not answered,30709
E06000054,Wiltshire,TYPE424,2021,Other religion,3224
E06000054,Wiltshire,TYPE424,2021,Sikh,483
E06000054,Wiltshire,TYPE424,2021,Total: All usual residents,510334
E06000055,Bedford,TYPE424,2021,Buddhist,629
E06000055,Bedford,TYPE424,2021,Christian,88178
E06000055,Bedford,TYPE424,2021,Hindu,3045
E06000055,Bedford,TYPE424,2021,Jewish,232
E06000055,Bedford,TYPE424,2021,Muslim,13059
E06000055,Bedford,TYPE424,2021,No religion,63243
E06000055,Bedford,TYPE424,2021,Not answered,10711
E06000055,Bedford,TYPE424,2021,Other religion,2014
E06000055,Bedford,TYPE424,2021,Sikh,4114
E06000055,Bedford,TYPE424,2021,Total: All usual residents,185225
E06000056,Central Bedfordshire,TYPE424,2021,Buddhist,996
E06000056,Central Bedfordshire,TYPE424,2021,Christian,140903
E06000056,Central Bedfordshire,TYPE424,2021,Hindu,3035
E06000056,Central Bedfordshire,TYPE424,2021,Jewish,620
E06000056,Central Bedfordshire,TYPE424,2021,Muslim,3965
E06000056,Central Bedfordshire,TYPE424,2021,No religion,126001
E06000056,Central Bedfordshire,TYPE424,2021,Not answered,15971
E06000056,Central Bedfordshire,TYPE424,2021,Other religion,1362
E06000056,Central Bedfordshire,TYPE424,2021,Sikh,1399
E06000056,Central Bedfordshire,TYPE424,2021,Total: All usual residents,294252
E06000057,Northumberland,TYPE424,2021,Buddhist,752
E06000057,Northumberland,TYPE424,2021,Christian,170668
E06000057,Northumberland,TYPE424,2021,Hindu,446
E06000057,Northumberland,TYPE424,2021,Jewish,172
E06000057,Northumberland,TYPE424,2021,Muslim,1635
E06000057,Northumberland,TYPE424,2021,No religion,128703
E06000057,Northumberland,TYPE424,2021,Not answered,16181
E06000057,Northumberland,TYPE424,2021,Other religion,1353
E06000057,Northumberland,TYPE424,2021,Sikh,654
E06000057,Northumberland,TYPE424,2021,Total: All usual residents,320564
E06000058,"Bournemouth, Christchurch and Poole",TYPE424,2021,Buddhist,2022
E06000058,"Bournemouth, Christchurch and Poole",TYPE424,2021,Christian,187448
E06000058,"Bournemouth, Christchurch and Poole",TYPE424,2021,Hindu,2841
E06000058,"Bournemouth, Christchurch and Poole",TYPE424,2021,Jewish,1601
E06000058,"Bournemouth, Christchurch and Poole",TYPE424,2021,Muslim,6645
E06000058,"Bournemouth, Christchurch and Poole",TYPE424,2021,No religion,168852
E06000058,"Bournemouth, Christchurch and Poole",TYPE424,2021,Not answered,27572
E06000058,"Bournemouth, Christchurch and Poole",TYPE424,2021,Other religion,2944
E06000058,"Bournemouth, Christchurch and Poole",TYPE424,2021,Sikh,267
E06000058,"Bournemouth, Christchurch and Poole",TYPE424,2021,Total: All usual residents,400192
E06000059,Dorset,TYPE424,2021,Buddhist,1613
E06000059,Dorset,TYPE424,2021,Christian,195676
E06000059,Dorset,TYPE424,2021,Hindu,714
E06000059,Dorset,TYPE424,2021,Jewish,453
E06000059,Dorset,TYPE424,2021,Muslim,1562
E06000059,Dorset,TYPE424,2021,No religion,152267
E06000059,Dorset,TYPE424,2021,Not answered,24816
E06000059,Dorset,TYPE424,2021,Other religion,2361
E06000059,Dorset,TYPE424,2021,Sikh,117
E06000059,Dorset,TYPE424,2021,Total: All usual residents,379579
E06000060,Buckinghamshire,TYPE424,2021,Buddhist,2914
E06000060,Buckinghamshire,TYPE424,2021,Christian,260961
E06000060,Buckinghamshire,TYPE424,2021,Hindu,14896
E06000060,Buckinghamshire,TYPE424,2021,Jewish,1688
E06000060,Buckinghamshire,TYPE424,2021,Muslim,38740
E06000060,Buckinghamshire,TYPE424,2021,No religion,189204
E06000060,Buckinghamshire,TYPE424,2021,Not answered,33275
E06000060,Buckinghamshire,TYPE424,2021,Other religion,2587
E06000060,Buckinghamshire,TYPE424,2021,Sikh,8811
E06000060,Buckinghamshire,TYPE424,2021,Total: All usual residents,553076
E06000061,North Northamptonshire,TYPE424,2021,Buddhist,1095
E06000061,North Northamptonshire,TYPE424,2021,Christian,172329
E06000061,North Northamptonshire,TYPE424,2021,Hindu,4540
E06000061,North Northamptonshire,TYPE424,2021,Jewish,291
E06000061,North Northamptonshire,TYPE424,2021,Muslim,4373
E06000061,North Northamptonshire,TYPE424,2021,No religion,152998
E06000061,North Northamptonshire,TYPE424,2021,Not answered,20212
E06000061,North Northamptonshire,TYPE424,2021,Other religion,1900
E06000061,North Northamptonshire,TYPE424,2021,Sikh,1787
E06000061,North Northamptonshire,TYPE424,2021,Total: All usual residents,359525
E06000062,West Northamptonshire,TYPE424,2021,Buddhist,1515
E06000062,West Northamptonshire,TYPE424,2021,Christian,210553
E06000062,West Northamptonshire,TYPE424,2021,Hindu,5431
E06000062,West Northamptonshire,TYPE424,2021,Jewish,430
E06000062,West Northamptonshire,TYPE424,2021,Muslim,14694
E06000062,West Northamptonshire,TYPE424,2021,No religion,162751
E06000062,West Northamptonshire,TYPE424,2021,Not answered,26154
E06000062,West Northamptonshire,TYPE424,2021,Other religion,2406
E06000062,West Northamptonshire,TYPE424,2021,Sikh,1791
E06000062,West Northamptonshire,TYPE424,2021,Total: All usual residents,425725
E06000063,Cumberland,TYPE424,2021,Buddhist,704
E06000063,Cumberland,TYPE424,2021,Christian,159883
E06000063,Cumberland,TYPE424,2021,Hindu,475
E06000063,Cumberland,TYPE424,2021,Jewish,97
E06000063,Cumberland,TYPE424,2021,Muslim,1384
E06000063,Cumberland,TYPE424,2021,No religion,94309
E06000063,Cumberland,TYPE424,2021,Not answered,15384
E06000063,Cumberland,TYPE424,2021,Other religion,950
E06000063,Cumberland,TYPE424,2021,Sikh,65
E06000063,Cumberland,TYPE424,2021,Total: All usual residents,273251
E06000064,Westmorland and Furness,TYPE424,2021,Buddhist,860
E06000064,Westmorland and Furness,TYPE424,2021,Christian,125104
E06000064,Westmorland and Furness,TYPE424,2021,Hindu,228
E06000064,Westmorland and Furness,TYPE424,2021,Jewish,140
E06000064,Westmorland and Furness,TYPE424,2021,Muslim,799
E06000064,Westmorland and Furness,TYPE424,2021,No religion,84698
E06000064,Westmorland and Furness,TYPE424,2021,Not answered,13765
E06000064,Westmorland and Furness,TYPE424,2021,Other religion,954
E06000064,Westmorland and Furness,TYPE424,2021,Sikh,43
E06000064,Westmorland and Furness,TYPE424,2021,Total: All usual residents,226591
E06000065,North Yorkshire,TYPE424,2021,Buddhist,2035
E06000065,North Yorkshire,TYPE424,2021,Christian,342441
E06000065,North Yorkshire,TYPE424,2021,Hindu,1679
E06000065,North Yorkshire,TYPE424,2021,Jewish,631
E06000065,North Yorkshire,TYPE424,2021,Muslim,2984
E06000065,North Yorkshire,TYPE424,2021,No religion,226879
E06000065,North Yorkshire,TYPE424,2021,Not answered,35758
E06000065,North Yorkshire,TYPE424,2021,Other religion,2761
E06000065,North Yorkshire,TYPE424,2021,Sikh,325
E06000065,North Yorkshire,TYPE424,2021,Total: All usual residents,615493
E06000066,Somerset,TYPE424,2021,Buddhist,1930
E06000066,Somerset,TYPE424,2021,Christian,286672
E06000066,Somerset,TYPE424,2021,Hindu,1103
E06000066,Somerset,TYPE424,2021,Jewish,451
E06000066,Somerset,TYPE424,2021,Muslim,2600
E06000066,Somerset,TYPE424,2021,No religion,237262
E06000066,Somerset,TYPE424,2021,Not answered,37379
E06000066,Somerset,TYPE424,2021,Other religion,3962
E06000066,Somerset,TYPE424,2021,Sikh,189
E06000066,Somerset,TYPE424,2021,Total: All usual residents,571548
E07000008,Cambridge,TYPE424,2021,Buddhist,1668
E07000008,Cambridge,TYPE424,2021,Christian,51335
E07000008,Cambridge,TYPE424,2021,Hindu,3301
E07000008,Cambridge,TYPE424,2021,Jewish,1057
E07000008,Cambridge,TYPE424,2021,Muslim,7392
E07000008,Cambridge,TYPE424,2021,No religion,65160
E07000008,Cambridge,TYPE424,2021,Not answered,14315
E07000008,Cambridge,TYPE424,2021,Other religion,1122
E07000008,Cambridge,TYPE424,2021,Sikh,322
E07000008,Cambridge,TYPE424,2021,Total: All usual residents,145672
E07000009,East Cambridgeshire,TYPE424,2021,Buddhist,325
E07000009,East Cambridgeshire,TYPE424,2021,Christian,42573
E07000009,East Cambridgeshire,TYPE424,2021,Hindu,326
E07000009,East Cambridgeshire,TYPE424,2021,Jewish,123
E07000009,East Cambridgeshire,TYPE424,2021,Muslim,552
E07000009,East Cambridgeshire,TYPE424,2021,No religion,37682
E07000009,East Cambridgeshire,TYPE424,2021,Not answered,5560
E07000009,East Cambridgeshire,TYPE424,2021,Other religion,497
E07000009,East Cambridgeshire,TYPE424,2021,Sikh,125
E07000009,East Cambridgeshire,TYPE424,2021,Total: All usual residents,87763
E07000010,Fenland,TYPE424,2021,Buddhist,239
E07000010,Fenland,TYPE424,2021,Christian,53354
E07000010,Fenland,TYPE424,2021,Hindu,213
E07000010,Fenland,TYPE424,2021,Jewish,110
E07000010,Fenland,TYPE424,2021,Muslim,682
E07000010,Fenland,TYPE424,2021,No religion,40897
E07000010,Fenland,TYPE424,2021,Not answered,6340
E07000010,Fenland,TYPE424,2021,Other religion,513
E07000010,Fenland,TYPE424,2021,Sikh,111
E07000010,Fenland,TYPE424,2021,Total: All usual residents,102459
E07000011,Huntingdonshire,TYPE424,2021,Buddhist,670
E07000011,Huntingdonshire,TYPE424,2021,Christian,85568
E07000011,Huntingdonshire,TYPE424,2021,Hindu,972
E07000011,Huntingdonshire,TYPE424,2021,Jewish,222
E07000011,Huntingdonshire,TYPE424,2021,Muslim,2583
E07000011,Huntingdonshire,TYPE424,2021,No religion,79126
E07000011,Huntingdonshire,TYPE424,2021,Not answered,10466
E07000011,Huntingdonshire,TYPE424,2021,Other religion,900
E07000011,Huntingdonshire,TYPE424,2021,Sikh,325
E07000011,Huntingdonshire,TYPE424,2021,Total: All usual residents,180832
E07000012,South Cambridgeshire,TYPE424,2021,Buddhist,796
E07000012,South Cambridgeshire,TYPE424,2021,Christian,73469
E07000012,South Cambridgeshire,TYPE424,2021,Hindu,2433
E07000012,South Cambridgeshire,TYPE424,2021,Jewish,466
E07000012,South Cambridgeshire,TYPE424,2021,Muslim,2744
E07000012,South Cambridgeshire,TYPE424,2021,No religion,70269
E07000012,South Cambridgeshire,TYPE424,2021,Not answered,10840
E07000012,South Cambridgeshire,TYPE424,2021,Other religion,818
E07000012,South Cambridgeshire,TYPE424,2021,Sikh,281
E07000012,South Cambridgeshire,TYPE424,2021,Total: All usual residents,162116
E07000032,Amber Valley,TYPE424,2021,Buddhist,280
E07000032,Amber Valley,TYPE424,2021,Christian,57333
E07000032,Amber Valley,TYPE424,2021,Hindu,223
E07000032,Amber Valley,TYPE424,2021,Jewish,60
E07000032,Amber Valley,TYPE424,2021,Muslim,350
E07000032,Amber Valley,TYPE424,2021,No religion,59722
E07000032,Amber Valley,TYPE424,2021,Not answered,7264
E07000032,Amber Valley,TYPE424,2021,Other religion,717
E07000032,Amber Valley,TYPE424,2021,Sikh,254
E07000032,Amber Valley,TYPE424,2021,Total: All usual residents,126203
E07000033,Bolsover,TYPE424,2021,Buddhist,150
E07000033,Bolsover,TYPE424,2021,Christian,38653
E07000033,Bolsover,TYPE424,2021,Hindu,132
E07000033,Bolsover,TYPE424,2021,Jewish,39
E07000033,Bolsover,TYPE424,2021,Muslim,252
E07000033,Bolsover,TYPE424,2021,No religion,36067
E07000033,Bolsover,TYPE424,2021,Not answered,4517
E07000033,Bolsover,TYPE424,2021,Other religion,337
E07000033,Bolsover,TYPE424,2021,Sikh,125
E07000033,Bolsover,TYPE424,2021,Total: All usual residents,80272
E07000034,Chesterfield,TYPE424,2021,Buddhist,265
E07000034,Chesterfield,TYPE424,2021,Christian,49420
E07000034,Chesterfield,TYPE424,2021,Hindu,357
E07000034,Chesterfield,TYPE424,2021,Jewish,35
E07000034,Chesterfield,TYPE424,2021,Muslim,980
E07000034,Chesterfield,TYPE424,2021,No religion,46066
E07000034,Chesterfield,TYPE424,2021,Not answered,5775
E07000034,Chesterfield,TYPE424,2021,Other religion,499
E07000034,Chesterfield,TYPE424,2021,Sikh,173
E07000034,Chesterfield,TYPE424,2021,Total: All usual residents,103570
E07000035,Derbyshire Dales,TYPE424,2021,Buddhist,207
E07000035,Derbyshire Dales,TYPE424,2021,Christian,39728
E07000035,Derbyshire Dales,TYPE424,2021,Hindu,67
E07000035,Derbyshire Dales,TYPE424,2021,Jewish,54
E07000035,Derbyshire Dales,TYPE424,2021,Muslim,259
E07000035,Derbyshire Dales,TYPE424,2021,No religion,26688
E07000035,Derbyshire Dales,TYPE424,2021,Not answered,4156
E07000035,Derbyshire Dales,TYPE424,2021,Other religion,328
E07000035,Derbyshire Dales,TYPE424,2021,Sikh,51
E07000035,Derbyshire Dales,TYPE424,2021,Total: All usual residents,71538
E07000036,Erewash,TYPE424,2021,Buddhist,261
E07000036,Erewash,TYPE424,2021,Christian,48084
E07000036,Erewash,TYPE424,2021,Hindu,518
E07000036,Erewash,TYPE424,2021,Jewish,40
E07000036,Erewash,TYPE424,2021,Muslim,500
E07000036,Erewash,TYPE424,2021,No religion,56350
E07000036,Erewash,TYPE424,2021,Not answered,6201
E07000036,Erewash,TYPE424,2021,Other religion,600
E07000036,Erewash,TYPE424,2021,Sikh,351
E07000036,Erewash,TYPE424,2021,Total: All usual residents,112905
E07000037,High Peak,TYPE424,2021,Buddhist,332
E07000037,High Peak,TYPE424,2021,Christian,44125
E07000037,High Peak,TYPE424,2021,Hindu,86
E07000037,High Peak,TYPE424,2021,Jewish,55
E07000037,High Peak,TYPE424,2021,Muslim,239
E07000037,High Peak,TYPE424,2021,No religion,40381
E07000037,High Peak,TYPE424,2021,Not answered,5210
E07000037,High Peak,TYPE424,2021,Other religion,489
E07000037,High Peak,TYPE424,2021,Sikh,18
E07000037,High Peak,TYPE424,2021,Total: All usual residents,90935
E07000038,North East Derbyshire,TYPE424,2021,Buddhist,199
E07000038,North East Derbyshire,TYPE424,2021,Christian,51954
E07000038,North East Derbyshire,TYPE424,2021,Hindu,123
E07000038,North East Derbyshire,TYPE424,2021,Jewish,62
E07000038,North East Derbyshire,TYPE424,2021,Muslim,302
E07000038,North East Derbyshire,TYPE424,2021,No religion,43173
E07000038,North East Derbyshire,TYPE424,2021,Not answered,5650
E07000038,North East Derbyshire,TYPE424,2021,Other religion,399
E07000038,North East Derbyshire,TYPE424,2021,Sikh,138
E07000038,North East Derbyshire,TYPE424,2021,Total: All usual residents,102000
E07000039,South Derbyshire,TYPE424,2021,Buddhist,245
E07000039,South Derbyshire,TYPE424,2021,Christian,50805
E07000039,South Derbyshire,TYPE424,2021,Hindu,565
E07000039,South Derbyshire,TYPE424,2021,Jewish,40
E07000039,South Derbyshire,TYPE424,2021,Muslim,775
E07000039,South Derbyshire,TYPE424,2021,No religion,46148
E07000039,South Derbyshire,TYPE424,2021,Not answered,5874
E07000039,South Derbyshire,TYPE424,2021,Other religion,493
E07000039,South Derbyshire,TYPE424,2021,Sikh,2263
E07000039,South Derbyshire,TYPE424,2021,Total: All usual residents,107208
E07000040,East Devon,TYPE424,2021,Buddhist,499
E07000040,East Devon,TYPE424,2021,Christian,75621
E07000040,East Devon,TYPE424,2021,Hindu,163
E07000040,East Devon,TYPE424,2021,Jewish,154
E07000040,East Devon,TYPE424,2021,Muslim,515
E07000040,East Devon,TYPE424,2021,No religion,63176
E07000040,East Devon,TYPE424,2021,Not answered,9857
E07000040,East Devon,TYPE424,2021,Other religion,810
E07000040,East Devon,TYPE424,2021,Sikh,33
E07000040,East Devon,TYPE424,2021,Total: All usual residents,150828
E07000041,Exeter,TYPE424,2021,Buddhist,715
E07000041,Exeter,TYPE424,2021,Christian,52221
E07000041,Exeter,TYPE424,2021,Hindu,698
E07000041,Exeter,TYPE424,2021,Jewish,201
E07000041,Exeter,TYPE424,2021,Muslim,2815
E07000041,Exeter,TYPE424,2021,No religion,63385
E07000041,Exeter,TYPE424,2021,Not answered,9627
E07000041,Exeter,TYPE424,2021,Other religion,868
E07000041,Exeter,TYPE424,2021,Sikh,179
E07000041,Exeter,TYPE424,2021,Total: All usual residents,130709
E07000042,Mid Devon,TYPE424,2021,Buddhist,258
E07000042,Mid Devon,TYPE424,2021,Christian,39197
E07000042,Mid Devon,TYPE424,2021,Hindu,110
E07000042,Mid Devon,TYPE424,2021,Jewish,63
E07000042,Mid Devon,TYPE424,2021,Muslim,137
E07000042,Mid Devon,TYPE424,2021,No religion,37304
E07000042,Mid Devon,TYPE424,2021,Not answered,5249
E07000042,Mid Devon,TYPE424,2021,Other religion,506
E07000042,Mid Devon,TYPE424,2021,Sikh,29
E07000042,Mid Devon,TYPE424,2021,Total: All usual residents,82853
E07000043,North Devon,TYPE424,2021,Buddhist,326
E07000043,North Devon,TYPE424,2021,Christian,46030
E07000043,North Devon,TYPE424,2021,Hindu,175
E07000043,North Devon,TYPE424,2021,Jewish,90
E07000043,North Devon,TYPE424,2021,Muslim,431
E07000043,North Devon,TYPE424,2021,No religion,44490
E07000043,North Devon,TYPE424,2021,Not answered,6450
E07000043,North Devon,TYPE424,2021,Other religion,568
E07000043,North Devon,TYPE424,2021,Sikh,51
E07000043,North Devon,TYPE424,2021,Total: All usual residents,98611
E07000044,South Hams,TYPE424,2021,Buddhist,540
E07000044,South Hams,TYPE424,2021,Christian,42008
E07000044,South Hams,TYPE424,2021,Hindu,92
E07000044,South Hams,TYPE424,2021,Jewish,126
E07000044,South Hams,TYPE424,2021,Muslim,295
E07000044,South Hams,TYPE424,2021,No religion,39029
E07000044,South Hams,TYPE424,2021,Not answered,5774
E07000044,South Hams,TYPE424,2021,Other religion,740
E07000044,South Hams,TYPE424,2021,Sikh,22
E07000044,South Hams,TYPE424,2021,Total: All usual residents,88626
E07000045,Teignbridge,TYPE424,2021,Buddhist,541
E07000045,Teignbridge,TYPE424,2021,Christian,63599
E07000045,Teignbridge,TYPE424,2021,Hindu,109
E07000045,Teignbridge,TYPE424,2021,Jewish,117
E07000045,Teignbridge,TYPE424,2021,Muslim,390
E07000045,Teignbridge,TYPE424,2021,No religion,60421
E07000045,Teignbridge,TYPE424,2021,Not answered,8629
E07000045,Teignbridge,TYPE424,2021,Other religion,955
E07000045,Teignbridge,TYPE424,2021,Sikh,42
E07000045,Teignbridge,TYPE424,2021,Total: All usual residents,134803
E07000046,Torridge,TYPE424,2021,Buddhist,212
E07000046,Torridge,TYPE424,2021,Christian,33184
E07000046,Torridge,TYPE424,2021,Hindu,34
E07000046,Torridge,TYPE424,2021,Jewish,45
E07000046,Torridge,TYPE424,2021,Muslim,108
E07000046,Torridge,TYPE424,2021,No religion,29542
E07000046,Torridge,TYPE424,2021,Not answered,4539
E07000046,Torridge,TYPE424,2021,Other religion,432
E07000046,Torridge,TYPE424,2021,Sikh,19
E07000046,Torridge,TYPE424,2021,Total: All usual residents,68115
E07000047,West Devon,TYPE424,2021,Buddhist,209
E07000047,West Devon,TYPE424,2021,Christian,28713
E07000047,West Devon,TYPE424,2021,Hindu,32
E07000047,West Devon,TYPE424,2021,Jewish,63
E07000047,West Devon,TYPE424,2021,Muslim,142
E07000047,West Devon,TYPE424,2021,No religion,23754
E07000047,West Devon,TYPE424,2021,Not answered,3717
E07000047,West Devon,TYPE424,2021,Other religion,457
E07000047,West Devon,TYPE424,2021,Sikh,9
E07000047,West Devon,TYPE424,2021,Total: All usual residents,57096
E07000061,Eastbourne,TYPE424,2021,Buddhist,568
E07000061,Eastbourne,TYPE424,2021,Christian,46674
E07000061,Eastbourne,TYPE424,2021,Hindu,513
E07000061,Eastbourne,TYPE424,2021,Jewish,187
E07000061,Eastbourne,TYPE424,2021,Muslim,2265
E07000061,Eastbourne,TYPE424,2021,No religion,43919
E07000061,Eastbourne,TYPE424,2021,Not answered,6768
E07000061,Eastbourne,TYPE424,2021,Other religion,750
E07000061,Eastbourne,TYPE424,2021,Sikh,42
E07000061,Eastbourne,TYPE424,2021,Total: All usual residents,101686
E07000062,Hastings,TYPE424,2021,Buddhist,568
E07000062,Hastings,TYPE424,2021,Christian,34425
E07000062,Hastings,TYPE424,2021,Hindu,468
E07000062,Hastings,TYPE424,2021,Jewish,172
E07000062,Hastings,TYPE424,2021,Muslim,1767
E07000062,Hastings,TYPE424,2021,No religion,46750
E07000062,Hastings,TYPE424,2021,Not answered,5996
E07000062,Hastings,TYPE424,2021,Other religion,812
E07000062,Hastings,TYPE424,2021,Sikh,37
E07000062,Hastings,TYPE424,2021,Total: All usual residents,90995
E07000063,Lewes,TYPE424,2021,Buddhist,560
E07000063,Lewes,TYPE424,2021,Christian,42623
E07000063,Lewes,TYPE424,2021,Hindu,317
E07000063,Lewes,TYPE424,2021,Jewish,305
E07000063,Lewes,TYPE424,2021,Muslim,841
E07000063,Lewes,TYPE424,2021,No religion,48136
E07000063,Lewes,TYPE424,2021,Not answered,6302
E07000063,Lewes,TYPE424,2021,Other religion,755
E07000063,Lewes,TYPE424,2021,Sikh,63
E07000063,Lewes,TYPE424,2021,Total: All usual residents,99902
E07000064,Rother,TYPE424,2021,Buddhist,327
E07000064,Rother,TYPE424,2021,Christian,47373
E07000064,Rother,TYPE424,2021,Hindu,211
E07000064,Rother,TYPE424,2021,Jewish,169
E07000064,Rother,TYPE424,2021,Muslim,517
E07000064,Rother,TYPE424,2021,No religion,37859
E07000064,Rother,TYPE424,2021,Not answered,6123
E07000064,Rother,TYPE424,2021,Other religion,514
E07000064,Rother,TYPE424,2021,Sikh,16
E07000064,Rother,TYPE424,2021,Total: All usual residents,93109
E07000065,Wealden,TYPE424,2021,Buddhist,530
E07000065,Wealden,TYPE424,2021,Christian,79239
E07000065,Wealden,TYPE424,2021,Hindu,381
E07000065,Wealden,TYPE424,2021,Jewish,312
E07000065,Wealden,TYPE424,2021,Muslim,804
E07000065,Wealden,TYPE424,2021,No religion,67386
E07000065,Wealden,TYPE424,2021,Not answered,10149
E07000065,Wealden,TYPE424,2021,Other religion,1298
E07000065,Wealden,TYPE424,2021,Sikh,52
E07000065,Wealden,TYPE424,2021,Total: All usual residents,160151
E07000066,Basildon,TYPE424,2021,Buddhist,556
E07000066,Basildon,TYPE424,2021,Christian,87239
E07000066,Basildon,TYPE424,2021,Hindu,2326
E07000066,Basildon,TYPE424,2021,Jewish,403
E07000066,Basildon,TYPE424,2021,Muslim,3381
E07000066,Basildon,TYPE424,2021,No religion,82780
E07000066,Basildon,TYPE424,2021,Not answered,9798
E07000066,Basildon,TYPE424,2021,Other religion,733
E07000066,Basildon,TYPE424,2021,Sikh,355
E07000066,Basildon,TYPE424,2021,Total: All usual residents,187571
E07000067,Braintree,TYPE424,2021,Buddhist,417
E07000067,Braintree,TYPE424,2021,Christian,73056
E07000067,Braintree,TYPE424,2021,Hindu,591
E07000067,Braintree,TYPE424,2021,Jewish,281
E07000067,Braintree,TYPE424,2021,Muslim,1019
E07000067,Braintree,TYPE424,2021,No religion,69930
E07000067,Braintree,TYPE424,2021,Not answered,9190
E07000067,Braintree,TYPE424,2021,Other religion,672
E07000067,Braintree,TYPE424,2021,Sikh,112
E07000067,Braintree,TYPE424,2021,Total: All usual residents,155268
E07000068,Brentwood,TYPE424,2021,Buddhist,302
E07000068,Brentwood,TYPE424,2021,Christian,43179
E07000068,Brentwood,TYPE424,2021,Hindu,1371
E07000068,Brentwood,TYPE424,2021,Jewish,330
E07000068,Brentwood,TYPE424,2021,Muslim,1221
E07000068,Brentwood,TYPE424,2021,No religion,25655
E07000068,Brentwood,TYPE424,2021,Not answered,4334
E07000068,Brentwood,TYPE424,2021,Other religion,260
E07000068,Brentwood,TYPE424,2021,Sikh,395
E07000068,Brentwood,TYPE424,2021,Total: All usual residents,77047
E07000069,Castle Point,TYPE424,2021,Buddhist,238
E07000069,Castle Point,TYPE424,2021,Christian,43545
E07000069,Castle Point,TYPE424,2021,Hindu,435
E07000069,Castle Point,TYPE424,2021,Jewish,661
E07000069,Castle Point,TYPE424,2021,Muslim,712
E07000069,Castle Point,TYPE424,2021,No religion,38985
E07000069,Castle Point,TYPE424,2021,Not answered,4592
E07000069,Castle Point,TYPE424,2021,Other religion,340
E07000069,Castle Point,TYPE424,2021,Sikh,78
E07000069,Castle Point,TYPE424,2021,Total: All usual residents,89586
E07000070,Chelmsford,TYPE424,2021,Buddhist,878
E07000070,Chelmsford,TYPE424,2021,Christian,87181
E07000070,Chelmsford,TYPE424,2021,Hindu,3084
E07000070,Chelmsford,TYPE424,2021,Jewish,387
E07000070,Chelmsford,TYPE424,2021,Muslim,3666
E07000070,Chelmsford,TYPE424,2021,No religion,74741
E07000070,Chelmsford,TYPE424,2021,Not answered,10545
E07000070,Chelmsford,TYPE424,2021,Other religion,757
E07000070,Chelmsford,TYPE424,2021,Sikh,284
E07000070,Chelmsford,TYPE424,2021,Total: All usual residents,181523
E07000071,Colchester,TYPE424,2021,Buddhist,1321
E07000071,Colchester,TYPE424,2021,Christian,85605
E07000071,Colchester,TYPE424,2021,Hindu,2546
E07000071,Colchester,TYPE424,2021,Jewish,325
E07000071,Colchester,TYPE424,2021,Muslim,4021
E07000071,Colchester,TYPE424,2021,No religion,85484
E07000071,Colchester,TYPE424,2021,Not answered,12037
E07000071,Colchester,TYPE424,2021,Other religion,1144
E07000071,Colchester,TYPE424,2021,Sikh,233
E07000071,Colchester,TYPE424,2021,Total: All usual residents,192716
E07000072,Epping Forest,TYPE424,2021,Buddhist,512
E07000072,Epping Forest,TYPE424,2021,Christian,66733
E07000072,Epping Forest,TYPE424,2021,Hindu,2848
E07000072,Epping Forest,TYPE424,2021,Jewish,4376
E07000072,Epping Forest,TYPE424,2021,Muslim,4699
E07000072,Epping Forest,TYPE424,2021,No religion,44976
E07000072,Epping Forest,TYPE424,2021,Not answered,8120
E07000072,Epping Forest,TYPE424,2021,Other religion,868
E07000072,Epping Forest,TYPE424,2021,Sikh,1847
E07000072,Epping Forest,TYPE424,2021,Total: All usual residents,134979
E07000073,Harlow,TYPE424,2021,Buddhist,370
E07000073,Harlow,TYPE424,2021,Christian,41730
E07000073,Harlow,TYPE424,2021,Hindu,891
E07000073,Harlow,TYPE424,2021,Jewish,319
E07000073,Harlow,TYPE424,2021,Muslim,3737
E07000073,Harlow,TYPE424,2021,No religion,40506
E07000073,Harlow,TYPE424,2021,Not answered,5081
E07000073,Harlow,TYPE424,2021,Other religion,608
E07000073,Harlow,TYPE424,2021,Sikh,85
E07000073,Harlow,TYPE424,2021,Total: All usual residents,93327
E07000074,Maldon,TYPE424,2021,Buddhist,197
E07000074,Maldon,TYPE424,2021,Christian,32796
E07000074,Maldon,TYPE424,2021,Hindu,128
E07000074,Maldon,TYPE424,2021,Jewish,128
E07000074,Maldon,TYPE424,2021,Muslim,298
E07000074,Maldon,TYPE424,2021,No religion,28754
E07000074,Maldon,TYPE424,2021,Not answered,3586
E07000074,Maldon,TYPE424,2021,Other religion,276
E07000074,Maldon,TYPE424,2021,Sikh,47
E07000074,Maldon,TYPE424,2021,Total: All usual residents,66210
E07000075,Rochford,TYPE424,2021,Buddhist,206
E07000075,Rochford,TYPE424,2021,Christian,40777
E07000075,Rochford,TYPE424,2021,Hindu,367
E07000075,Rochford,TYPE424,2021,Jewish,293
E07000075,Rochford,TYPE424,2021,Muslim,415
E07000075,Rochford,TYPE424,2021,No religion,38497
E07000075,Rochford,TYPE424,2021,Not answered,4730
E07000075,Rochford,TYPE424,2021,Other religion,332
E07000075,Rochford,TYPE424,2021,Sikh,44
E07000075,Rochford,TYPE424,2021,Total: All usual residents,85661
E07000076,Tendring,TYPE424,2021,Buddhist,420
E07000076,Tendring,TYPE424,2021,Christian,73061
E07000076,Tendring,TYPE424,2021,Hindu,350
E07000076,Tendring,TYPE424,2021,Jewish,224
E07000076,Tendring,TYPE424,2021,Muslim,647
E07000076,Tendring,TYPE424,2021,No religion,64075
E07000076,Tendring,TYPE424,2021,Not answered,8758
E07000076,Tendring,TYPE424,2021,Other religion,696
E07000076,Tendring,TYPE424,2021,Sikh,63
E07000076,Tendring,TYPE424,2021,Total: All usual residents,148294
E07000077,Uttlesford,TYPE424,2021,Buddhist,369
E07000077,Uttlesford,TYPE424,2021,Christian,45850
E07000077,Uttlesford,TYPE424,2021,Hindu,419
E07000077,Uttlesford,TYPE424,2021,Jewish,351
E07000077,Uttlesford,TYPE424,2021,Muslim,669
E07000077,Uttlesford,TYPE424,2021,No religion,37916
E07000077,Uttlesford,TYPE424,2021,Not answered,5288
E07000077,Uttlesford,TYPE424,2021,Other religion,379
E07000077,Uttlesford,TYPE424,2021,Sikh,100
E07000077,Uttlesford,TYPE424,2021,Total: All usual residents,91341
E07000078,Cheltenham,TYPE424,2021,Buddhist,559
E07000078,Cheltenham,TYPE424,2021,Christian,54073
E07000078,Cheltenham,TYPE424,2021,Hindu,1192
E07000078,Cheltenham,TYPE424,2021,Jewish,198
E07000078,Cheltenham,TYPE424,2021,Muslim,1744
E07000078,Cheltenham,TYPE424,2021,No religion,52733
E07000078,Cheltenham,TYPE424,2021,Not answered,7536
E07000078,Cheltenham,TYPE424,2021,Other religion,619
E07000078,Cheltenham,TYPE424,2021,Sikh,181
E07000078,Cheltenham,TYPE424,2021,Total: All usual residents,118835
E07000079,Cotswold,TYPE424,2021,Buddhist,333
E07000079,Cotswold,TYPE424,2021,Christian,50597
E07000079,Cotswold,TYPE424,2021,Hindu,237
E07000079,Cotswold,TYPE424,2021,Jewish,159
E07000079,Cotswold,TYPE424,2021,Muslim,236
E07000079,Cotswold,TYPE424,2021,No religion,33310
E07000079,Cotswold,TYPE424,2021,Not answered,5476
E07000079,Cotswold,TYPE424,2021,Other religion,422
E07000079,Cotswold,TYPE424,2021,Sikh,65
E07000079,Cotswold,TYPE424,2021,Total: All usual residents,90835
E07000080,Forest of Dean,TYPE424,2021,Buddhist,220
E07000080,Forest of Dean,TYPE424,2021,Christian,43969
E07000080,Forest of Dean,TYPE424,2021,Hindu,103
E07000080,Forest of Dean,TYPE424,2021,Jewish,59
E07000080,Forest of Dean,TYPE424,2021,Muslim,237
E07000080,Forest of Dean,TYPE424,2021,No religion,36238
E07000080,Forest of Dean,TYPE424,2021,Not answered,5593
E07000080,Forest of Dean,TYPE424,2021,Other religion,520
E07000080,Forest of Dean,TYPE424,2021,Sikh,68
E07000080,Forest of Dean,TYPE424,2021,Total: All usual residents,87007
E07000081,Gloucester,TYPE424,2021,Buddhist,401
E07000081,Gloucester,TYPE424,2021,Christian,63145
E07000081,Gloucester,TYPE424,2021,Hindu,1283
E07000081,Gloucester,TYPE424,2021,Jewish,64
E07000081,Gloucester,TYPE424,2021,Muslim,6200
E07000081,Gloucester,TYPE424,2021,No religion,52507
E07000081,Gloucester,TYPE424,2021,Not answered,7908
E07000081,Gloucester,TYPE424,2021,Other religion,652
E07000081,Gloucester,TYPE424,2021,Sikh,255
E07000081,Gloucester,TYPE424,2021,Total: All usual residents,132415
E07000082,Stroud,TYPE424,2021,Buddhist,530
E07000082,Stroud,TYPE424,2021,Christian,57483
E07000082,Stroud,TYPE424,2021,Hindu,278
E07000082,Stroud,TYPE424,2021,Jewish,141
E07000082,Stroud,TYPE424,2021,Muslim,409
E07000082,Stroud,TYPE424,2021,No religion,53424
E07000082,Stroud,TYPE424,2021,Not answered,7863
E07000082,Stroud,TYPE424,2021,Other religion,897
E07000082,Stroud,TYPE424,2021,Sikh,79
E07000082,Stroud,TYPE424,2021,Total: All usual residents,121104
E07000083,Tewkesbury,TYPE424,2021,Buddhist,341
E07000083,Tewkesbury,TYPE424,2021,Christian,48345
E07000083,Tewkesbury,TYPE424,2021,Hindu,684
E07000083,Tewkesbury,TYPE424,2021,Jewish,70
E07000083,Tewkesbury,TYPE424,2021,Muslim,521
E07000083,Tewkesbury,TYPE424,2021,No religion,38746
E07000083,Tewkesbury,TYPE424,2021,Not answered,5666
E07000083,Tewkesbury,TYPE424,2021,Other religion,399
E07000083,Tewkesbury,TYPE424,2021,Sikh,113
E07000083,Tewkesbury,TYPE424,2021,Total: All usual residents,94885
E07000084,Basingstoke and Deane,TYPE424,2021,Buddhist,1583
E07000084,Basingstoke and Deane,TYPE424,2021,Christian,84090
E07000084,Basingstoke and Deane,TYPE424,2021,Hindu,4099
E07000084,Basingstoke and Deane,TYPE424,2021,Jewish,168
E07000084,Basingstoke and Deane,TYPE424,2021,Muslim,2802
E07000084,Basingstoke and Deane,TYPE424,2021,No religion,80443
E07000084,Basingstoke and Deane,TYPE424,2021,Not answered,10323
E07000084,Basingstoke and Deane,TYPE424,2021,Other religion,1139
E07000084,Basingstoke and Deane,TYPE424,2021,Sikh,505
E07000084,Basingstoke and Deane,TYPE424,2021,Total: All usual residents,185152
E07000085,East Hampshire,TYPE424,2021,Buddhist,403
E07000085,East Hampshire,TYPE424,2021,Christian,64194
E07000085,East Hampshire,TYPE424,2021,Hindu,361
E07000085,East Hampshire,TYPE424,2021,Jewish,213
E07000085,East Hampshire,TYPE424,2021,Muslim,749
E07000085,East Hampshire,TYPE424,2021,No religion,51488
E07000085,East Hampshire,TYPE424,2021,Not answered,7660
E07000085,East Hampshire,TYPE424,2021,Other religion,593
E07000085,East Hampshire,TYPE424,2021,Sikh,83
E07000085,East Hampshire,TYPE424,2021,Total: All usual residents,125744
E07000086,Eastleigh,TYPE424,2021,Buddhist,514
E07000086,Eastleigh,TYPE424,2021,Christian,62367
E07000086,Eastleigh,TYPE424,2021,Hindu,1350
E07000086,Eastleigh,TYPE424,2021,Jewish,114
E07000086,Eastleigh,TYPE424,2021,Muslim,1406
E07000086,Eastleigh,TYPE424,2021,No religion,61379
E07000086,Eastleigh,TYPE424,2021,Not answered,7660
E07000086,Eastleigh,TYPE424,2021,Other religion,630
E07000086,Eastleigh,TYPE424,2021,Sikh,1023
E07000086,Eastleigh,TYPE424,2021,Total: All usual residents,136443
E07000087,Fareham,TYPE424,2021,Buddhist,341
E07000087,Fareham,TYPE424,2021,Christian,56248
E07000087,Fareham,TYPE424,2021,Hindu,401
E07000087,Fareham,TYPE424,2021,Jewish,66
E07000087,Fareham,TYPE424,2021,Muslim,714
E07000087,Fareham,TYPE424,2021,No religion,49987
E07000087,Fareham,TYPE424,2021,Not answered,6176
E07000087,Fareham,TYPE424,2021,Other religion,491
E07000087,Fareham,TYPE424,2021,Sikh,88
E07000087,Fareham,TYPE424,2021,Total: All usual residents,114512
E07000088,Gosport,TYPE424,2021,Buddhist,272
E07000088,Gosport,TYPE424,2021,Christian,36558
E07000088,Gosport,TYPE424,2021,Hindu,226
E07000088,Gosport,TYPE424,2021,Jewish,37
E07000088,Gosport,TYPE424,2021,Muslim,454
E07000088,Gosport,TYPE424,2021,No religion,39662
E07000088,Gosport,TYPE424,2021,Not answered,4194
E07000088,Gosport,TYPE424,2021,Other religion,520
E07000088,Gosport,TYPE424,2021,Sikh,29
E07000088,Gosport,TYPE424,2021,Total: All usual residents,81952
E07000089,Hart,TYPE424,2021,Buddhist,630
E07000089,Hart,TYPE424,2021,Christian,49461
E07000089,Hart,TYPE424,2021,Hindu,1187
E07000089,Hart,TYPE424,2021,Jewish,117
E07000089,Hart,TYPE424,2021,Muslim,807
E07000089,Hart,TYPE424,2021,No religion,40898
E07000089,Hart,TYPE424,2021,Not answered,5579
E07000089,Hart,TYPE424,2021,Other religion,404
E07000089,Hart,TYPE424,2021,Sikh,325
E07000089,Hart,TYPE424,2021,Total: All usual residents,99408
E07000090,Havant,TYPE424,2021,Buddhist,357
E07000090,Havant,TYPE424,2021,Christian,56317
E07000090,Havant,TYPE424,2021,Hindu,339
E07000090,Havant,TYPE424,2021,Jewish,97
E07000090,Havant,TYPE424,2021,Muslim,657
E07000090,Havant,TYPE424,2021,No religion,58869
E07000090,Havant,TYPE424,2021,Not answered,6854
E07000090,Havant,TYPE424,2021,Other religion,620
E07000090,Havant,TYPE424,2021,Sikh,98
E07000090,Havant,TYPE424,2021,Total: All usual residents,124208
E07000091,New Forest,TYPE424,2021,Buddhist,536
E07000091,New Forest,TYPE424,2021,Christian,90768
E07000091,New Forest,TYPE424,2021,Hindu,284
E07000091,New Forest,TYPE424,2021,Jewish,234
E07000091,New Forest,TYPE424,2021,Muslim,590
E07000091,New Forest,TYPE424,2021,No religion,71539
E07000091,New Forest,TYPE424,2021,Not answered,10741
E07000091,New Forest,TYPE424,2021,Other religion,1006
E07000091,New Forest,TYPE424,2021,Sikh,87
E07000091,New Forest,TYPE424,2021,Total: All usual residents,175785
E07000092,Rushmoor,TYPE424,2021,Buddhist,4732
E07000092,Rushmoor,TYPE424,2021,Christian,42173
E07000092,Rushmoor,TYPE424,2021,Hindu,5708
E07000092,Rushmoor,TYPE424,2021,Jewish,60
E07000092,Rushmoor,TYPE424,2021,Muslim,2462
E07000092,Rushmoor,TYPE424,2021,No religion,37854
E07000092,Rushmoor,TYPE424,2021,Not answered,5324
E07000092,Rushmoor,TYPE424,2021,Other religion,1245
E07000092,Rushmoor,TYPE424,2021,Sikh,198
E07000092,Rushmoor,TYPE424,2021,Total: All usual residents,99756
E07000093,Test Valley,TYPE424,2021,Buddhist,619
E07000093,Test Valley,TYPE424,2021,Christian,65873
E07000093,Test Valley,TYPE424,2021,Hindu,1015
E07000093,Test Valley,TYPE424,2021,Jewish,114
E07000093,Test Valley,TYPE424,2021,Muslim,1180
E07000093,Test Valley,TYPE424,2021,No religion,53030
E07000093,Test Valley,TYPE424,2021,Not answered,7483
E07000093,Test Valley,TYPE424,2021,Other religion,597
E07000093,Test Valley,TYPE424,2021,Sikh,581
E07000093,Test Valley,TYPE424,2021,Total: All usual residents,130492
E07000094,Winchester,TYPE424,2021,Buddhist,789
E07000094,Winchester,TYPE424,2021,Christian,61948
E07000094,Winchester,TYPE424,2021,Hindu,948
E07000094,Winchester,TYPE424,2021,Jewish,219
E07000094,Winchester,TYPE424,2021,Muslim,904
E07000094,Winchester,TYPE424,2021,No religion,53752
E07000094,Winchester,TYPE424,2021,Not answered,8023
E07000094,Winchester,TYPE424,2021,Other religion,673
E07000094,Winchester,TYPE424,2021,Sikh,188
E07000094,Winchester,TYPE424,2021,Total: All usual residents,127444
E07000095,Broxbourne,TYPE424,2021,Buddhist,479
E07000095,Broxbourne,TYPE424,2021,Christian,52492
E07000095,Broxbourne,TYPE424,2021,Hindu,1150
E07000095,Broxbourne,TYPE424,2021,Jewish,365
E07000095,Broxbourne,TYPE424,2021,Muslim,4249
E07000095,Broxbourne,TYPE424,2021,No religion,32714
E07000095,Broxbourne,TYPE424,2021,Not answered,5803
E07000095,Broxbourne,TYPE424,2021,Other religion,1601
E07000095,Broxbourne,TYPE424,2021,Sikh,156
E07000095,Broxbourne,TYPE424,2021,Total: All usual residents,99009
E07000096,Dacorum,TYPE424,2021,Buddhist,726
E07000096,Dacorum,TYPE424,2021,Christian,71955
E07000096,Dacorum,TYPE424,2021,Hindu,2547
E07000096,Dacorum,TYPE424,2021,Jewish,896
E07000096,Dacorum,TYPE424,2021,Muslim,4869
E07000096,Dacorum,TYPE424,2021,No religion,63681
E07000096,Dacorum,TYPE424,2021,Not answered,9350
E07000096,Dacorum,TYPE424,2021,Other religion,747
E07000096,Dacorum,TYPE424,2021,Sikh,311
E07000096,Dacorum,TYPE424,2021,Total: All usual residents,155082
E07000098,Hertsmere,TYPE424,2021,Buddhist,623
E07000098,Hertsmere,TYPE424,2021,Christian,45022
E07000098,Hertsmere,TYPE424,2021,Hindu,5337
E07000098,Hertsmere,TYPE424,2021,Jewish,18346
E07000098,Hertsmere,TYPE424,2021,Muslim,4062
E07000098,Hertsmere,TYPE424,2021,No religion,26092
E07000098,Hertsmere,TYPE424,2021,Not answered,6982
E07000098,Hertsmere,TYPE424,2021,Other religion,1117
E07000098,Hertsmere,TYPE424,2021,Sikh,245
E07000098,Hertsmere,TYPE424,2021,Total: All usual residents,107826
E07000099,North Hertfordshire,TYPE424,2021,Buddhist,658
E07000099,North Hertfordshire,TYPE424,2021,Christian,58320
E07000099,North Hertfordshire,TYPE424,2021,Hindu,1455
E07000099,North Hertfordshire,TYPE424,2021,Jewish,369
E07000099,North Hertfordshire,TYPE424,2021,Muslim,2064
E07000099,North Hertfordshire,TYPE424,2021,No religion,59315
E07000099,North Hertfordshire,TYPE424,2021,Not answered,8016
E07000099,North Hertfordshire,TYPE424,2021,Other religion,733
E07000099,North Hertfordshire,TYPE424,2021,Sikh,2280
E07000099,North Hertfordshire,TYPE424,2021,Total: All usual residents,133210
E07000102,Three Rivers,TYPE424,2021,Buddhist,486
E07000102,Three Rivers,TYPE424,2021,Christian,44655
E07000102,Three Rivers,TYPE424,2021,Hindu,7791
E07000102,Three Rivers,TYPE424,2021,Jewish,1463
E07000102,Three Rivers,TYPE424,2021,Muslim,3458
E07000102,Three Rivers,TYPE424,2021,No religion,28922
E07000102,Three Rivers,TYPE424,2021,Not answered,5282
E07000102,Three Rivers,TYPE424,2021,Other religion,870
E07000102,Three Rivers,TYPE424,2021,Sikh,844
E07000102,Three Rivers,TYPE424,2021,Total: All usual residents,93771
E07000103,Watford,TYPE424,2021,Buddhist,1021
E07000103,Watford,TYPE424,2021,Christian,45447
E07000103,Watford,TYPE424,2021,Hindu,8398
E07000103,Watford,TYPE424,2021,Jewish,944
E07000103,Watford,TYPE424,2021,Muslim,13262
E07000103,Watford,TYPE424,2021,No religion,25340
E07000103,Watford,TYPE424,2021,Not answered,6311
E07000103,Watford,TYPE424,2021,Other religion,859
E07000103,Watford,TYPE424,2021,Sikh,664
E07000103,Watford,TYPE424,2021,Total: All usual residents,102246
E07000105,Ashford,TYPE424,2021,Buddhist,1341
E07000105,Ashford,TYPE424,2021,Christian,63197
E07000105,Ashford,TYPE424,2021,Hindu,2717
E07000105,Ashford,TYPE424,2021,Jewish,142
E07000105,Ashford,TYPE424,2021,Muslim,2110
E07000105,Ashford,TYPE424,2021,No religion,54002
E07000105,Ashford,TYPE424,2021,Not answered,7558
E07000105,Ashford,TYPE424,2021,Other religion,1533
E07000105,Ashford,TYPE424,2021,Sikh,147
E07000105,Ashford,TYPE424,2021,Total: All usual residents,132747
E07000106,Canterbury,TYPE424,2021,Buddhist,961
E07000106,Canterbury,TYPE424,2021,Christian,73413
E07000106,Canterbury,TYPE424,2021,Hindu,1297
E07000106,Canterbury,TYPE424,2021,Jewish,310
E07000106,Canterbury,TYPE424,2021,Muslim,2875
E07000106,Canterbury,TYPE424,2021,No religion,66087
E07000106,Canterbury,TYPE424,2021,Not answered,11062
E07000106,Canterbury,TYPE424,2021,Other religion,1145
E07000106,Canterbury,TYPE424,2021,Sikh,279
E07000106,Canterbury,TYPE424,2021,Total: All usual residents,157429
E07000107,Dartford,TYPE424,2021,Buddhist,691
E07000107,Dartford,TYPE424,2021,Christian,56172
E07000107,Dartford,TYPE424,2021,Hindu,4433
E07000107,Dartford,TYPE424,2021,Jewish,91
E07000107,Dartford,TYPE424,2021,Muslim,4100
E07000107,Dartford,TYPE424,2021,No religion,42581
E07000107,Dartford,TYPE424,2021,Not answered,6205
E07000107,Dartford,TYPE424,2021,Other religion,465
E07000107,Dartford,TYPE424,2021,Sikh,2014
E07000107,Dartford,TYPE424,2021,Total: All usual residents,116752
E07000108,Dover,TYPE424,2021,Buddhist,591
E07000108,Dover,TYPE424,2021,Christian,57768
E07000108,Dover,TYPE424,2021,Hindu,723
E07000108,Dover,TYPE424,2021,Jewish,113
E07000108,Dover,TYPE424,2021,Muslim,734
E07000108,Dover,TYPE424,2021,No religion,49302
E07000108,Dover,TYPE424,2021,Not answered,6457
E07000108,Dover,TYPE424,2021,Other religion,649
E07000108,Dover,TYPE424,2021,Sikh,73
E07000108,Dover,TYPE424,2021,Total: All usual residents,116410
E07000109,Gravesham,TYPE424,2021,Buddhist,347
E07000109,Gravesham,TYPE424,2021,Christian,52565
E07000109,Gravesham,TYPE424,2021,Hindu,1491
E07000109,Gravesham,TYPE424,2021,Jewish,76
E07000109,Gravesham,TYPE424,2021,Muslim,3326
E07000109,Gravesham,TYPE424,2021,No religion,34353
E07000109,Gravesham,TYPE424,2021,Not answered,5517
E07000109,Gravesham,TYPE424,2021,Other religion,664
E07000109,Gravesham,TYPE424,2021,Sikh,8560
E07000109,Gravesham,TYPE424,2021,Total: All usual residents,106899
E07000110,Maidstone,TYPE424,2021,Buddhist,1341
E07000110,Maidstone,TYPE424,2021,Christian,86589
E07000110,Maidstone,TYPE424,2021,Hindu,2477
E07000110,Maidstone,TYPE424,2021,Jewish,164
E07000110,Maidstone,TYPE424,2021,Muslim,3332
E07000110,Maidstone,TYPE424,2021,No religion,70501
E07000110,Maidstone,TYPE424,2021,Not answered,9984
E07000110,Maidstone,TYPE424,2021,Other religion,1123
E07000110,Maidstone,TYPE424,2021,Sikh,270
E07000110,Maidstone,TYPE424,2021,Total: All usual residents,175781
E07000111,Sevenoaks,TYPE424,2021,Buddhist,464
E07000111,Sevenoaks,TYPE424,2021,Christian,62479
E07000111,Sevenoaks,TYPE424,2021,Hindu,805
E07000111,Sevenoaks,TYPE424,2021,Jewish,234
E07000111,Sevenoaks,TYPE424,2021,Muslim,1088
E07000111,Sevenoaks,TYPE424,2021,No religion,47639
E07000111,Sevenoaks,TYPE424,2021,Not answered,7102
E07000111,Sevenoaks,TYPE424,2021,Other religion,416
E07000111,Sevenoaks,TYPE424,2021,Sikh,288
E07000111,Sevenoaks,TYPE424,2021,Total: All usual residents,120515
E07000112,Folkestone and Hythe,TYPE424,2021,Buddhist,1074
E07000112,Folkestone and Hythe,TYPE424,2021,Christian,52653
E07000112,Folkestone and Hythe,TYPE424,2021,Hindu,1625
E07000112,Folkestone and Hythe,TYPE424,2021,Jewish,146
E07000112,Folkestone and Hythe,TYPE424,2021,Muslim,1107
E07000112,Folkestone and Hythe,TYPE424,2021,No religion,45890
E07000112,Folkestone and Hythe,TYPE424,2021,Not answered,6242
E07000112,Folkestone and Hythe,TYPE424,2021,Other religion,973
E07000112,Folkestone and Hythe,TYPE424,2021,Sikh,46
E07000112,Folkestone and Hythe,TYPE424,2021,Total: All usual residents,109756
E07000113,Swale,TYPE424,2021,Buddhist,406
E07000113,Swale,TYPE424,2021,Christian,71562
E07000113,Swale,TYPE424,2021,Hindu,587
E07000113,Swale,TYPE424,2021,Jewish,118
E07000113,Swale,TYPE424,2021,Muslim,1529
E07000113,Swale,TYPE424,2021,No religion,68784
E07000113,Swale,TYPE424,2021,Not answered,7811
E07000113,Swale,TYPE424,2021,Other religion,672
E07000113,Swale,TYPE424,2021,Sikh,208
E07000113,Swale,TYPE424,2021,Total: All usual residents,151677
E07000114,Thanet,TYPE424,2021,Buddhist,598
E07000114,Thanet,TYPE424,2021,Christian,65654
E07000114,Thanet,TYPE424,2021,Hindu,803
E07000114,Thanet,TYPE424,2021,Jewish,268
E07000114,Thanet,TYPE424,2021,Muslim,2129
E07000114,Thanet,TYPE424,2021,No religion,62054
E07000114,Thanet,TYPE424,2021,Not answered,8115
E07000114,Thanet,TYPE424,2021,Other religion,866
E07000114,Thanet,TYPE424,2021,Sikh,103
E07000114,Thanet,TYPE424,2021,Total: All usual residents,140590
E07000115,Tonbridge and Malling,TYPE424,2021,Buddhist,451
E07000115,Tonbridge and Malling,TYPE424,2021,Christian,64406
E07000115,Tonbridge and Malling,TYPE424,2021,Hindu,1167
E07000115,Tonbridge and Malling,TYPE424,2021,Jewish,163
E07000115,Tonbridge and Malling,TYPE424,2021,Muslim,1381
E07000115,Tonbridge and Malling,TYPE424,2021,No religion,56516
E07000115,Tonbridge and Malling,TYPE424,2021,Not answered,7369
E07000115,Tonbridge and Malling,TYPE424,2021,Other religion,508
E07000115,Tonbridge and Malling,TYPE424,2021,Sikh,240
E07000115,Tonbridge and Malling,TYPE424,2021,Total: All usual residents,132201
E07000116,Tunbridge Wells,TYPE424,2021,Buddhist,484
E07000116,Tunbridge Wells,TYPE424,2021,Christian,57258
E07000116,Tunbridge Wells,TYPE424,2021,Hindu,1115
E07000116,Tunbridge Wells,TYPE424,2021,Jewish,224
E07000116,Tunbridge Wells,TYPE424,2021,Muslim,1904
E07000116,Tunbridge Wells,TYPE424,2021,No religion,46480
E07000116,Tunbridge Wells,TYPE424,2021,Not answered,7207
E07000116,Tunbridge Wells,TYPE424,2021,Other religion,558
E07000116,Tunbridge Wells,TYPE424,2021,Sikh,81
E07000116,Tunbridge Wells,TYPE424,2021,Total: All usual residents,115311
E07000117,Burnley,TYPE424,2021,Buddhist,227
E07000117,Burnley,TYPE424,2021,Christian,45608
E07000117,Burnley,TYPE424,2021,Hindu,174
E07000117,Burnley,TYPE424,2021,Jewish,33
E07000117,Burnley,TYPE424,2021,Muslim,13255
E07000117,Burnley,TYPE424,2021,No religion,29822
E07000117,Burnley,TYPE424,2021,Not answered,5119
E07000117,Burnley,TYPE424,2021,Other religion,355
E07000117,Burnley,TYPE424,2021,Sikh,53
E07000117,Burnley,TYPE424,2021,Total: All usual residents,94646
E07000118,Chorley,TYPE424,2021,Buddhist,286
E07000118,Chorley,TYPE424,2021,Christian,72438
E07000118,Chorley,TYPE424,2021,Hindu,335
E07000118,Chorley,TYPE424,2021,Jewish,59
E07000118,Chorley,TYPE424,2021,Muslim,1648
E07000118,Chorley,TYPE424,2021,No religion,36383
E07000118,Chorley,TYPE424,2021,Not answered,5990
E07000118,Chorley,TYPE424,2021,Other religion,534
E07000118,Chorley,TYPE424,2021,Sikh,59
E07000118,Chorley,TYPE424,2021,Total: All usual residents,117732
E07000119,Fylde,TYPE424,2021,Buddhist,275
E07000119,Fylde,TYPE424,2021,Christian,50138
E07000119,Fylde,TYPE424,2021,Hindu,234
E07000119,Fylde,TYPE424,2021,Jewish,288
E07000119,Fylde,TYPE424,2021,Muslim,576
E07000119,Fylde,TYPE424,2021,No religion,25389
E07000119,Fylde,TYPE424,2021,Not answered,4082
E07000119,Fylde,TYPE424,2021,Other religion,327
E07000119,Fylde,TYPE424,2021,Sikh,64
E07000119,Fylde,TYPE424,2021,Total: All usual residents,81373
E07000120,Hyndburn,TYPE424,2021,Buddhist,152
E07000120,Hyndburn,TYPE424,2021,Christian,41949
E07000120,Hyndburn,TYPE424,2021,Hindu,84
E07000120,Hyndburn,TYPE424,2021,Jewish,28
E07000120,Hyndburn,TYPE424,2021,Muslim,12049
E07000120,Hyndburn,TYPE424,2021,No religion,23360
E07000120,Hyndburn,TYPE424,2021,Not answered,4242
E07000120,Hyndburn,TYPE424,2021,Other religion,342
E07000120,Hyndburn,TYPE424,2021,Sikh,30
E07000120,Hyndburn,TYPE424,2021,Total: All usual residents,82236
E07000121,Lancaster,TYPE424,2021,Buddhist,604
E07000121,Lancaster,TYPE424,2021,Christian,74108
E07000121,Lancaster,TYPE424,2021,Hindu,604
E07000121,Lancaster,TYPE424,2021,Jewish,144
E07000121,Lancaster,TYPE424,2021,Muslim,2663
E07000121,Lancaster,TYPE424,2021,No religion,54433
E07000121,Lancaster,TYPE424,2021,Not answered,9422
E07000121,Lancaster,TYPE424,2021,Other religion,809
E07000121,Lancaster,TYPE424,2021,Sikh,147
E07000121,Lancaster,TYPE424,2021,Total: All usual residents,142934
E07000122,Pendle,TYPE424,2021,Buddhist,223
E07000122,Pendle,TYPE424,2021,Christian,37526
E07000122,Pendle,TYPE424,2021,Hindu,70
E07000122,Pendle,TYPE424,2021,Jewish,32
E07000122,Pendle,TYPE424,2021,Muslim,24900
E07000122,Pendle,TYPE424,2021,No religion,27526
E07000122,Pendle,TYPE424,2021,Not answered,5090
E07000122,Pendle,TYPE424,2021,Other religion,357
E07000122,Pendle,TYPE424,2021,Sikh,35
E07000122,Pendle,TYPE424,2021,Total: All usual residents,95759
E07000123,Preston,TYPE424,2021,Buddhist,435
E07000123,Preston,TYPE424,2021,Christian,70424
E07000123,Preston,TYPE424,2021,Hindu,4398
E07000123,Preston,TYPE424,2021,Jewish,76
E07000123,Preston,TYPE424,2021,Muslim,23825
E07000123,Preston,TYPE424,2021,No religion,38931
E07000123,Preston,TYPE424,2021,Not answered,8045
E07000123,Preston,TYPE424,2021,Other religion,610
E07000123,Preston,TYPE424,2021,Sikh,1091
E07000123,Preston,TYPE424,2021,Total: All usual residents,147835
E07000124,Ribble Valley,TYPE424,2021,Buddhist,132
E07000124,Ribble Valley,TYPE424,2021,Christian,40855
E07000124,Ribble Valley,TYPE424,2021,Hindu,178
E07000124,Ribble Valley,TYPE424,2021,Jewish,22
E07000124,Ribble Valley,TYPE424,2021,Muslim,796
E07000124,Ribble Valley,TYPE424,2021,No religion,16144
E07000124,Ribble Valley,TYPE424,2021,Not answered,3248
E07000124,Ribble Valley,TYPE424,2021,Other religion,162
E07000124,Ribble Valley,TYPE424,2021,Sikh,24
E07000124,Ribble Valley,TYPE424,2021,Total: All usual residents,61561
E07000125,Rossendale,TYPE424,2021,Buddhist,184
E07000125,Rossendale,TYPE424,2021,Christian,34611
E07000125,Rossendale,TYPE424,2021,Hindu,103
E07000125,Rossendale,TYPE424,2021,Jewish,64
E07000125,Rossendale,TYPE424,2021,Muslim,3476
E07000125,Rossendale,TYPE424,2021,No religion,28412
E07000125,Rossendale,TYPE424,2021,Not answered,3655
E07000125,Rossendale,TYPE424,2021,Other religion,333
E07000125,Rossendale,TYPE424,2021,Sikh,32
E07000125,Rossendale,TYPE424,2021,Total: All usual residents,70870
E07000126,South Ribble,TYPE424,2021,Buddhist,232
E07000126,South Ribble,TYPE424,2021,Christian,68622
E07000126,South Ribble,TYPE424,2021,Hindu,776
E07000126,South Ribble,TYPE424,2021,Jewish,58
E07000126,South Ribble,TYPE424,2021,Muslim,1027
E07000126,South Ribble,TYPE424,2021,No religion,34239
E07000126,South Ribble,TYPE424,2021,Not answered,5585
E07000126,South Ribble,TYPE424,2021,Other religion,379
E07000126,South Ribble,TYPE424,2021,Sikh,117
E07000126,South Ribble,TYPE424,2021,Total: All usual residents,111035
E07000127,West Lancashire,TYPE424,2021,Buddhist,262
E07000127,West Lancashire,TYPE424,2021,Christian,72269
E07000127,West Lancashire,TYPE424,2021,Hindu,241
E07000127,West Lancashire,TYPE424,2021,Jewish,70
E07000127,West Lancashire,TYPE424,2021,Muslim,507
E07000127,West Lancashire,TYPE424,2021,No religion,37018
E07000127,West Lancashire,TYPE424,2021,Not answered,6609
E07000127,West Lancashire,TYPE424,2021,Other religion,357
E07000127,West Lancashire,TYPE424,2021,Sikh,94
E07000127,West Lancashire,TYPE424,2021,Total: All usual residents,117427
E07000128,Wyre,TYPE424,2021,Buddhist,294
E07000128,Wyre,TYPE424,2021,Christian,66973
E07000128,Wyre,TYPE424,2021,Hindu,183
E07000128,Wyre,TYPE424,2021,Jewish,85
E07000128,Wyre,TYPE424,2021,Muslim,452
E07000128,Wyre,TYPE424,2021,No religion,37720
E07000128,Wyre,TYPE424,2021,Not answered,5732
E07000128,Wyre,TYPE424,2021,Other religion,477
E07000128,Wyre,TYPE424,2021,Sikh,26
E07000128,Wyre,TYPE424,2021,Total: All usual residents,111942
E07000129,Blaby,TYPE424,2021,Buddhist,263
E07000129,Blaby,TYPE424,2021,Christian,44684
E07000129,Blaby,TYPE424,2021,Hindu,3825
E07000129,Blaby,TYPE424,2021,Jewish,57
E07000129,Blaby,TYPE424,2021,Muslim,1421
E07000129,Blaby,TYPE424,2021,No religion,43851
E07000129,Blaby,TYPE424,2021,Not answered,5488
E07000129,Blaby,TYPE424,2021,Other religion,410
E07000129,Blaby,TYPE424,2021,Sikh,2927
E07000129,Blaby,TYPE424,2021,Total: All usual residents,102926
E07000130,Charnwood,TYPE424,2021,Buddhist,643
E07000130,Charnwood,TYPE424,2021,Christian,76327
E07000130,Charnwood,TYPE424,2021,Hindu,12278
E07000130,Charnwood,TYPE424,2021,Jewish,149
E07000130,Charnwood,TYPE424,2021,Muslim,5703
E07000130,Charnwood,TYPE424,2021,No religion,74902
E07000130,Charnwood,TYPE424,2021,Not answered,10971
E07000130,Charnwood,TYPE424,2021,Other religion,953
E07000130,Charnwood,TYPE424,2021,Sikh,2042
E07000130,Charnwood,TYPE424,2021,Total: All usual residents,183968
E07000131,Harborough,TYPE424,2021,Buddhist,256
E07000131,Harborough,TYPE424,2021,Christian,49046
E07000131,Harborough,TYPE424,2021,Hindu,2477
E07000131,Harborough,TYPE424,2021,Jewish,118
E07000131,Harborough,TYPE424,2021,Muslim,1120
E07000131,Harborough,TYPE424,2021,No religion,37480
E07000131,Harborough,TYPE424,2021,Not answered,5281
E07000131,Harborough,TYPE424,2021,Other religion,379
E07000131,Harborough,TYPE424,2021,Sikh,1467
E07000131,Harborough,TYPE424,2021,Total: All usual residents,97624
E07000132,Hinckley and Bosworth,TYPE424,2021,Buddhist,265
E07000132,Hinckley and Bosworth,TYPE424,2021,Christian,56637
E07000132,Hinckley and Bosworth,TYPE424,2021,Hindu,1251
E07000132,Hinckley and Bosworth,TYPE424,2021,Jewish,39
E07000132,Hinckley and Bosworth,TYPE424,2021,Muslim,796
E07000132,Hinckley and Bosworth,TYPE424,2021,No religion,47368
E07000132,Hinckley and Bosworth,TYPE424,2021,Not answered,5987
E07000132,Hinckley and Bosworth,TYPE424,2021,Other religion,556
E07000132,Hinckley and Bosworth,TYPE424,2021,Sikh,740
E07000132,Hinckley and Bosworth,TYPE424,2021,Total: All usual residents,113639
E07000133,Melton,TYPE424,2021,Buddhist,148
E07000133,Melton,TYPE424,2021,Christian,27771
E07000133,Melton,TYPE424,2021,Hindu,200
E07000133,Melton,TYPE424,2021,Jewish,28
E07000133,Melton,TYPE424,2021,Muslim,130
E07000133,Melton,TYPE424,2021,No religion,20365
E07000133,Melton,TYPE424,2021,Not answered,2861
E07000133,Melton,TYPE424,2021,Other religion,181
E07000133,Melton,TYPE424,2021,Sikh,70
E07000133,Melton,TYPE424,2021,Total: All usual residents,51754
E07000134,North West Leicestershire,TYPE424,2021,Buddhist,221
E07000134,North West Leicestershire,TYPE424,2021,Christian,51429
E07000134,North West Leicestershire,TYPE424,2021,Hindu,478
E07000134,North West Leicestershire,TYPE424,2021,Jewish,45
E07000134,North West Leicestershire,TYPE424,2021,Muslim,419
E07000134,North West Leicestershire,TYPE424,2021,No religion,45987
E07000134,North West Leicestershire,TYPE424,2021,Not answered,5362
E07000134,North West Leicestershire,TYPE424,2021,Other religion,461
E07000134,North West Leicestershire,TYPE424,2021,Sikh,304
E07000134,North West Leicestershire,TYPE424,2021,Total: All usual residents,104706
E07000135,Oadby and Wigston,TYPE424,2021,Buddhist,185
E07000135,Oadby and Wigston,TYPE424,2021,Christian,19996
E07000135,Oadby and Wigston,TYPE424,2021,Hindu,5747
E07000135,Oadby and Wigston,TYPE424,2021,Jewish,95
E07000135,Oadby and Wigston,TYPE424,2021,Muslim,6480
E07000135,Oadby and Wigston,TYPE424,2021,No religion,17441
E07000135,Oadby and Wigston,TYPE424,2021,Not answered,3128
E07000135,Oadby and Wigston,TYPE424,2021,Other religion,333
E07000135,Oadby and Wigston,TYPE424,2021,Sikh,4342
E07000135,Oadby and Wigston,TYPE424,2021,Total: All usual residents,57747
E07000136,Boston,TYPE424,2021,Buddhist,164
E07000136,Boston,TYPE424,2021,Christian,42171
E07000136,Boston,TYPE424,2021,Hindu,237
E07000136,Boston,TYPE424,2021,Jewish,41
E07000136,Boston,TYPE424,2021,Muslim,967
E07000136,Boston,TYPE424,2021,No religion,22034
E07000136,Boston,TYPE424,2021,Not answered,4573
E07000136,Boston,TYPE424,2021,Other religion,283
E07000136,Boston,TYPE424,2021,Sikh,32
E07000136,Boston,TYPE424,2021,Total: All usual residents,70502
E07000137,East Lindsey,TYPE424,2021,Buddhist,324
E07000137,East Lindsey,TYPE424,2021,Christian,76661
E07000137,East Lindsey,TYPE424,2021,Hindu,195
E07000137,East Lindsey,TYPE424,2021,Jewish,84
E07000137,East Lindsey,TYPE424,2021,Muslim,457
E07000137,East Lindsey,TYPE424,2021,No religion,55197
E07000137,East Lindsey,TYPE424,2021,Not answered,8602
E07000137,East Lindsey,TYPE424,2021,Other religion,690
E07000137,East Lindsey,TYPE424,2021,Sikh,89
E07000137,East Lindsey,TYPE424,2021,Total: All usual residents,142299
E07000138,Lincoln,TYPE424,2021,Buddhist,355
E07000138,Lincoln,TYPE424,2021,Christian,43898
E07000138,Lincoln,TYPE424,2021,Hindu,456
E07000138,Lincoln,TYPE424,2021,Jewish,70
E07000138,Lincoln,TYPE424,2021,Muslim,1896
E07000138,Lincoln,TYPE424,2021,No religion,48940
E07000138,Lincoln,TYPE424,2021,Not answered,7302
E07000138,Lincoln,TYPE424,2021,Other religion,793
E07000138,Lincoln,TYPE424,2021,Sikh,103
E07000138,Lincoln,TYPE424,2021,Total: All usual residents,103813
E07000139,North Kesteven,TYPE424,2021,Buddhist,215
E07000139,North Kesteven,TYPE424,2021,Christian,63147
E07000139,North Kesteven,TYPE424,2021,Hindu,244
E07000139,North Kesteven,TYPE424,2021,Jewish,67
E07000139,North Kesteven,TYPE424,2021,Muslim,529
E07000139,North Kesteven,TYPE424,2021,No religion,46641
E07000139,North Kesteven,TYPE424,2021,Not answered,6594
E07000139,North Kesteven,TYPE424,2021,Other religion,546
E07000139,North Kesteven,TYPE424,2021,Sikh,91
E07000139,North Kesteven,TYPE424,2021,Total: All usual residents,118074
E07000140,South Holland,TYPE424,2021,Buddhist,171
E07000140,South Holland,TYPE424,2021,Christian,56024
E07000140,South Holland,TYPE424,2021,Hindu,219
E07000140,South Holland,TYPE424,2021,Jewish,62
E07000140,South Holland,TYPE424,2021,Muslim,448
E07000140,South Holland,TYPE424,2021,No religion,31438
E07000140,South Holland,TYPE424,2021,Not answered,6228
E07000140,South Holland,TYPE424,2021,Other religion,416
E07000140,South Holland,TYPE424,2021,Sikh,117
E07000140,South Holland,TYPE424,2021,Total: All usual residents,95123
E07000141,South Kesteven,TYPE424,2021,Buddhist,374
E07000141,South Kesteven,TYPE424,2021,Christian,78626
E07000141,South Kesteven,TYPE424,2021,Hindu,853
E07000141,South Kesteven,TYPE424,2021,Jewish,126
E07000141,South Kesteven,TYPE424,2021,Muslim,731
E07000141,South Kesteven,TYPE424,2021,No religion,53837
E07000141,South Kesteven,TYPE424,2021,Not answered,8165
E07000141,South Kesteven,TYPE424,2021,Other religion,574
E07000141,South Kesteven,TYPE424,2021,Sikh,119
E07000141,South Kesteven,TYPE424,2021,Total: All usual residents,143405
E07000142,West Lindsey,TYPE424,2021,Buddhist,221
E07000142,West Lindsey,TYPE424,2021,Christian,52061
E07000142,West Lindsey,TYPE424,2021,Hindu,290
E07000142,West Lindsey,TYPE424,2021,Jewish,45
E07000142,West Lindsey,TYPE424,2021,Muslim,383
E07000142,West Lindsey,TYPE424,2021,No religion,36111
E07000142,West Lindsey,TYPE424,2021,Not answered,5430
E07000142,West Lindsey,TYPE424,2021,Other religion,481
E07000142,West Lindsey,TYPE424,2021,Sikh,130
E07000142,West Lindsey,TYPE424,2021,Total: All usual residents,95152
E07000143,Breckland,TYPE424,2021,Buddhist,400
E07000143,Breckland,TYPE424,2021,Christian,70710
E07000143,Breckland,TYPE424,2021,Hindu,209
E07000143,Breckland,TYPE424,2021,Jewish,145
E07000143,Breckland,TYPE424,2021,Muslim,650
E07000143,Breckland,TYPE424,2021,No religion,59622
E07000143,Breckland,TYPE424,2021,Not answered,8877
E07000143,Breckland,TYPE424,2021,Other religion,801
E07000143,Breckland,TYPE424,2021,Sikh,62
E07000143,Breckland,TYPE424,2021,Total: All usual residents,141476
E07000144,Broadland,TYPE424,2021,Buddhist,391
E07000144,Broadland,TYPE424,2021,Christian,62767
E07000144,Broadland,TYPE424,2021,Hindu,372
E07000144,Broadland,TYPE424,2021,Jewish,157
E07000144,Broadland,TYPE424,2021,Muslim,648
E07000144,Broadland,TYPE424,2021,No religion,58584
E07000144,Broadland,TYPE424,2021,Not answered,8139
E07000144,Broadland,TYPE424,2021,Other religion,574
E07000144,Broadland,TYPE424,2021,Sikh,89
E07000144,Broadland,TYPE424,2021,Total: All usual residents,131721
E07000145,Great Yarmouth,TYPE424,2021,Buddhist,267
E07000145,Great Yarmouth,TYPE424,2021,Christian,46564
E07000145,Great Yarmouth,TYPE424,2021,Hindu,351
E07000145,Great Yarmouth,TYPE424,2021,Jewish,63
E07000145,Great Yarmouth,TYPE424,2021,Muslim,723
E07000145,Great Yarmouth,TYPE424,2021,No religion,45084
E07000145,Great Yarmouth,TYPE424,2021,Not answered,6120
E07000145,Great Yarmouth,TYPE424,2021,Other religion,537
E07000145,Great Yarmouth,TYPE424,2021,Sikh,37
E07000145,Great Yarmouth,TYPE424,2021,Total: All usual residents,99746
E07000146,King's Lynn and West Norfolk,TYPE424,2021,Buddhist,476
E07000146,King's Lynn and West Norfolk,TYPE424,2021,Christian,80869
E07000146,King's Lynn and West Norfolk,TYPE424,2021,Hindu,428
E07000146,King's Lynn and West Norfolk,TYPE424,2021,Jewish,157
E07000146,King's Lynn and West Norfolk,TYPE424,2021,Muslim,804
E07000146,King's Lynn and West Norfolk,TYPE424,2021,No religion,60898
E07000146,King's Lynn and West Norfolk,TYPE424,2021,Not answered,9782
E07000146,King's Lynn and West Norfolk,TYPE424,2021,Other religion,795
E07000146,King's Lynn and West Norfolk,TYPE424,2021,Sikh,119
E07000146,King's Lynn and West Norfolk,TYPE424,2021,Total: All usual residents,154328
E07000147,North Norfolk,TYPE424,2021,Buddhist,373
E07000147,North Norfolk,TYPE424,2021,Christian,53825
E07000147,North Norfolk,TYPE424,2021,Hindu,75
E07000147,North Norfolk,TYPE424,2021,Jewish,130
E07000147,North Norfolk,TYPE424,2021,Muslim,173
E07000147,North Norfolk,TYPE424,2021,No religion,40804
E07000147,North Norfolk,TYPE424,2021,Not answered,6941
E07000147,North Norfolk,TYPE424,2021,Other religion,641
E07000147,North Norfolk,TYPE424,2021,Sikh,17
E07000147,North Norfolk,TYPE424,2021,Total: All usual residents,102979
E07000148,Norwich,TYPE424,2021,Buddhist,983
E07000148,Norwich,TYPE424,2021,Christian,48399
E07000148,Norwich,TYPE424,2021,Hindu,1719
E07000148,Norwich,TYPE424,2021,Jewish,331
E07000148,Norwich,TYPE424,2021,Muslim,4289
E07000148,Norwich,TYPE424,2021,No religion,76973
E07000148,Norwich,TYPE424,2021,Not answered,9760
E07000148,Norwich,TYPE424,2021,Other religion,1283
E07000148,Norwich,TYPE424,2021,Sikh,185
E07000148,Norwich,TYPE424,2021,Total: All usual residents,143922
E07000149,South Norfolk,TYPE424,2021,Buddhist,524
E07000149,South Norfolk,TYPE424,2021,Christian,67308
E07000149,South Norfolk,TYPE424,2021,Hindu,542
E07000149,South Norfolk,TYPE424,2021,Jewish,197
E07000149,South Norfolk,TYPE424,2021,Muslim,859
E07000149,South Norfolk,TYPE424,2021,No religion,62982
E07000149,South Norfolk,TYPE424,2021,Not answered,8817
E07000149,South Norfolk,TYPE424,2021,Other religion,664
E07000149,South Norfolk,TYPE424,2021,Sikh,57
E07000149,South Norfolk,TYPE424,2021,Total: All usual residents,141950
E07000170,Ashfield,TYPE424,2021,Buddhist,250
E07000170,Ashfield,TYPE424,2021,Christian,53095
E07000170,Ashfield,TYPE424,2021,Hindu,418
E07000170,Ashfield,TYPE424,2021,Jewish,40
E07000170,Ashfield,TYPE424,2021,Muslim,762
E07000170,Ashfield,TYPE424,2021,No religion,63479
E07000170,Ashfield,TYPE424,2021,Not answered,7367
E07000170,Ashfield,TYPE424,2021,Other religion,596
E07000170,Ashfield,TYPE424,2021,Sikh,294
E07000170,Ashfield,TYPE424,2021,Total: All usual residents,126301
E07000171,Bassetlaw,TYPE424,2021,Buddhist,253
E07000171,Bassetlaw,TYPE424,2021,Christian,65122
E07000171,Bassetlaw,TYPE424,2021,Hindu,271
E07000171,Bassetlaw,TYPE424,2021,Jewish,45
E07000171,Bassetlaw,TYPE424,2021,Muslim,734
E07000171,Bassetlaw,TYPE424,2021,No religion,44234
E07000171,Bassetlaw,TYPE424,2021,Not answered,6491
E07000171,Bassetlaw,TYPE424,2021,Other religion,472
E07000171,Bassetlaw,TYPE424,2021,Sikh,182
E07000171,Bassetlaw,TYPE424,2021,Total: All usual residents,117804
E07000172,Broxtowe,TYPE424,2021,Buddhist,475
E07000172,Broxtowe,TYPE424,2021,Christian,46644
E07000172,Broxtowe,TYPE424,2021,Hindu,1215
E07000172,Broxtowe,TYPE424,2021,Jewish,122
E07000172,Broxtowe,TYPE424,2021,Muslim,2545
E07000172,Broxtowe,TYPE424,2021,No religion,51966
E07000172,Broxtowe,TYPE424,2021,Not answered,6396
E07000172,Broxtowe,TYPE424,2021,Other religion,540
E07000172,Broxtowe,TYPE424,2021,Sikh,1037
E07000172,Broxtowe,TYPE424,2021,Total: All usual residents,110940
E07000173,Gedling,TYPE424,2021,Buddhist,364
E07000173,Gedling,TYPE424,2021,Christian,49698
E07000173,Gedling,TYPE424,2021,Hindu,774
E07000173,Gedling,TYPE424,2021,Jewish,98
E07000173,Gedling,TYPE424,2021,Muslim,2478
E07000173,Gedling,TYPE424,2021,No religion,55880
E07000173,Gedling,TYPE424,2021,Not answered,6471
E07000173,Gedling,TYPE424,2021,Other religion,550
E07000173,Gedling,TYPE424,2021,Sikh,952
E07000173,Gedling,TYPE424,2021,Total: All usual residents,117265
E07000174,Mansfield,TYPE424,2021,Buddhist,305
E07000174,Mansfield,TYPE424,2021,Christian,51385
E07000174,Mansfield,TYPE424,2021,Hindu,376
E07000174,Mansfield,TYPE424,2021,Jewish,37
E07000174,Mansfield,TYPE424,2021,Muslim,1240
E07000174,Mansfield,TYPE424,2021,No religion,50400
E07000174,Mansfield,TYPE424,2021,Not answered,6012
E07000174,Mansfield,TYPE424,2021,Other religion,489
E07000174,Mansfield,TYPE424,2021,Sikh,239
E07000174,Mansfield,TYPE424,2021,Total: All usual residents,110483
E07000175,Newark and Sherwood,TYPE424,2021,Buddhist,289
E07000175,Newark and Sherwood,TYPE424,2021,Christian,63222
E07000175,Newark and Sherwood,TYPE424,2021,Hindu,229
E07000175,Newark and Sherwood,TYPE424,2021,Jewish,90
E07000175,Newark and Sherwood,TYPE424,2021,Muslim,749
E07000175,Newark and Sherwood,TYPE424,2021,No religion,50655
E07000175,Newark and Sherwood,TYPE424,2021,Not answered,7042
E07000175,Newark and Sherwood,TYPE424,2021,Other religion,514
E07000175,Newark and Sherwood,TYPE424,2021,Sikh,166
E07000175,Newark and Sherwood,TYPE424,2021,Total: All usual residents,122956
E07000176,Rushcliffe,TYPE424,2021,Buddhist,402
E07000176,Rushcliffe,TYPE424,2021,Christian,52467
E07000176,Rushcliffe,TYPE424,2021,Hindu,1856
E07000176,Rushcliffe,TYPE424,2021,Jewish,280
E07000176,Rushcliffe,TYPE424,2021,Muslim,2677
E07000176,Rushcliffe,TYPE424,2021,No religion,52917
E07000176,Rushcliffe,TYPE424,2021,Not answered,6724
E07000176,Rushcliffe,TYPE424,2021,Other religion,587
E07000176,Rushcliffe,TYPE424,2021,Sikh,1167
E07000176,Rushcliffe,TYPE424,2021,Total: All usual residents,119077
E07000177,Cherwell,TYPE424,2021,Buddhist,900
E07000177,Cherwell,TYPE424,2021,Christian,80987
E07000177,Cherwell,TYPE424,2021,Hindu,1243
E07000177,Cherwell,TYPE424,2021,Jewish,200
E07000177,Cherwell,TYPE424,2021,Muslim,5206
E07000177,Cherwell,TYPE424,2021,No religion,61286
E07000177,Cherwell,TYPE424,2021,Not answered,9753
E07000177,Cherwell,TYPE424,2021,Other religion,821
E07000177,Cherwell,TYPE424,2021,Sikh,622
E07000177,Cherwell,TYPE424,2021,Total: All usual residents,161018
E07000178,Oxford,TYPE424,2021,Buddhist,1195
E07000178,Oxford,TYPE424,2021,Christian,61750
E07000178,Oxford,TYPE424,2021,Hindu,2523
E07000178,Oxford,TYPE424,2021,Jewish,1120
E07000178,Oxford,TYPE424,2021,Muslim,14093
E07000178,Oxford,TYPE424,2021,No religion,63201
E07000178,Oxford,TYPE424,2021,Not answered,16110
E07000178,Oxford,TYPE424,2021,Other religion,1447
E07000178,Oxford,TYPE424,2021,Sikh,599
E07000178,Oxford,TYPE424,2021,Total: All usual residents,162038
E07000179,South Oxfordshire,TYPE424,2021,Buddhist,618
E07000179,South Oxfordshire,TYPE424,2021,Christian,74332
E07000179,South Oxfordshire,TYPE424,2021,Hindu,1095
E07000179,South Oxfordshire,TYPE424,2021,Jewish,342
E07000179,South Oxfordshire,TYPE424,2021,Muslim,1441
E07000179,South Oxfordshire,TYPE424,2021,No religion,61344
E07000179,South Oxfordshire,TYPE424,2021,Not answered,8990
E07000179,South Oxfordshire,TYPE424,2021,Other religion,671
E07000179,South Oxfordshire,TYPE424,2021,Sikh,252
E07000179,South Oxfordshire,TYPE424,2021,Total: All usual residents,149085
E07000180,Vale of White Horse,TYPE424,2021,Buddhist,755
E07000180,Vale of White Horse,TYPE424,2021,Christian,67443
E07000180,Vale of White Horse,TYPE424,2021,Hindu,1193
E07000180,Vale of White Horse,TYPE424,2021,Jewish,268
E07000180,Vale of White Horse,TYPE424,2021,Muslim,1982
E07000180,Vale of White Horse,TYPE424,2021,No religion,57894
E07000180,Vale of White Horse,TYPE424,2021,Not answered,8442
E07000180,Vale of White Horse,TYPE424,2021,Other religion,686
E07000180,Vale of White Horse,TYPE424,2021,Sikh,250
E07000180,Vale of White Horse,TYPE424,2021,Total: All usual residents,138913
E07000181,West Oxfordshire,TYPE424,2021,Buddhist,433
E07000181,West Oxfordshire,TYPE424,2021,Christian,58801
E07000181,West Oxfordshire,TYPE424,2021,Hindu,278
E07000181,West Oxfordshire,TYPE424,2021,Jewish,187
E07000181,West Oxfordshire,TYPE424,2021,Muslim,757
E07000181,West Oxfordshire,TYPE424,2021,No religion,46393
E07000181,West Oxfordshire,TYPE424,2021,Not answered,6721
E07000181,West Oxfordshire,TYPE424,2021,Other religion,604
E07000181,West Oxfordshire,TYPE424,2021,Sikh,62
E07000181,West Oxfordshire,TYPE424,2021,Total: All usual residents,114236
E07000192,Cannock Chase,TYPE424,2021,Buddhist,222
E07000192,Cannock Chase,TYPE424,2021,Christian,52707
E07000192,Cannock Chase,TYPE424,2021,Hindu,162
E07000192,Cannock Chase,TYPE424,2021,Jewish,29
E07000192,Cannock Chase,TYPE424,2021,Muslim,346
E07000192,Cannock Chase,TYPE424,2021,No religion,41294
E07000192,Cannock Chase,TYPE424,2021,Not answered,4935
E07000192,Cannock Chase,TYPE424,2021,Other religion,445
E07000192,Cannock Chase,TYPE424,2021,Sikh,379
E07000192,Cannock Chase,TYPE424,2021,Total: All usual residents,100519
E07000193,East Staffordshire,TYPE424,2021,Buddhist,332
E07000193,East Staffordshire,TYPE424,2021,Christian,62560
E07000193,East Staffordshire,TYPE424,2021,Hindu,361
E07000193,East Staffordshire,TYPE424,2021,Jewish,38
E07000193,East Staffordshire,TYPE424,2021,Muslim,10778
E07000193,East Staffordshire,TYPE424,2021,No religion,42020
E07000193,East Staffordshire,TYPE424,2021,Not answered,6986
E07000193,East Staffordshire,TYPE424,2021,Other religion,542
E07000193,East Staffordshire,TYPE424,2021,Sikh,403
E07000193,East Staffordshire,TYPE424,2021,Total: All usual residents,124020
E07000194,Lichfield,TYPE424,2021,Buddhist,245
E07000194,Lichfield,TYPE424,2021,Christian,57683
E07000194,Lichfield,TYPE424,2021,Hindu,460
E07000194,Lichfield,TYPE424,2021,Jewish,61
E07000194,Lichfield,TYPE424,2021,Muslim,722
E07000194,Lichfield,TYPE424,2021,No religion,40563
E07000194,Lichfield,TYPE424,2021,Not answered,5336
E07000194,Lichfield,TYPE424,2021,Other religion,443
E07000194,Lichfield,TYPE424,2021,Sikh,923
E07000194,Lichfield,TYPE424,2021,Total: All usual residents,106436
E07000195,Newcastle-under-Lyme,TYPE424,2021,Buddhist,474
E07000195,Newcastle-under-Lyme,TYPE424,2021,Christian,63931
E07000195,Newcastle-under-Lyme,TYPE424,2021,Hindu,698
E07000195,Newcastle-under-Lyme,TYPE424,2021,Jewish,66
E07000195,Newcastle-under-Lyme,TYPE424,2021,Muslim,2223
E07000195,Newcastle-under-Lyme,TYPE424,2021,No religion,48009
E07000195,Newcastle-under-Lyme,TYPE424,2021,Not answered,7116
E07000195,Newcastle-under-Lyme,TYPE424,2021,Other religion,533
E07000195,Newcastle-under-Lyme,TYPE424,2021,Sikh,252
E07000195,Newcastle-under-Lyme,TYPE424,2021,Total: All usual residents,123302
E07000196,South Staffordshire,TYPE424,2021,Buddhist,273
E07000196,South Staffordshire,TYPE424,2021,Christian,65385
E07000196,South Staffordshire,TYPE424,2021,Hindu,441
E07000196,South Staffordshire,TYPE424,2021,Jewish,41
E07000196,South Staffordshire,TYPE424,2021,Muslim,863
E07000196,South Staffordshire,TYPE424,2021,No religion,35933
E07000196,South Staffordshire,TYPE424,2021,Not answered,5358
E07000196,South Staffordshire,TYPE424,2021,Other religion,462
E07000196,South Staffordshire,TYPE424,2021,Sikh,1716
E07000196,South Staffordshire,TYPE424,2021,Total: All usual residents,110472
E07000197,Stafford,TYPE424,2021,Buddhist,570
E07000197,Stafford,TYPE424,2021,Christian,74360
E07000197,Stafford,TYPE424,2021,Hindu,1263
E07000197,Stafford,TYPE424,2021,Jewish,61
E07000197,Stafford,TYPE424,2021,Muslim,1488
E07000197,Stafford,TYPE424,2021,No religion,50479
E07000197,Stafford,TYPE424,2021,Not answered,7359
E07000197,Stafford,TYPE424,2021,Other religion,683
E07000197,Stafford,TYPE424,2021,Sikh,605
E07000197,Stafford,TYPE424,2021,Total: All usual residents,136868
E07000198,Staffordshire Moorlands,TYPE424,2021,Buddhist,182
E07000198,Staffordshire Moorlands,TYPE424,2021,Christian,56835
E07000198,Staffordshire Moorlands,TYPE424,2021,Hindu,116
E07000198,Staffordshire Moorlands,TYPE424,2021,Jewish,35
E07000198,Staffordshire Moorlands,TYPE424,2021,Muslim,263
E07000198,Staffordshire Moorlands,TYPE424,2021,No religion,32466
E07000198,Staffordshire Moorlands,TYPE424,2021,Not answered,5491
E07000198,Staffordshire Moorlands,TYPE424,2021,Other religion,395
E07000198,Staffordshire Moorlands,TYPE424,2021,Sikh,62
E07000198,Staffordshire Moorlands,TYPE424,2021,Total: All usual residents,95845
E07000199,Tamworth,TYPE424,2021,Buddhist,194
E07000199,Tamworth,TYPE424,2021,Christian,38593
E07000199,Tamworth,TYPE424,2021,Hindu,217
E07000199,Tamworth,TYPE424,2021,Jewish,15
E07000199,Tamworth,TYPE424,2021,Muslim,354
E07000199,Tamworth,TYPE424,2021,No religion,34850
E07000199,Tamworth,TYPE424,2021,Not answered,3894
E07000199,Tamworth,TYPE424,2021,Other religion,310
E07000199,Tamworth,TYPE424,2021,Sikh,221
E07000199,Tamworth,TYPE424,2021,Total: All usual residents,78648
E07000200,Babergh,TYPE424,2021,Buddhist,242
E07000200,Babergh,TYPE424,2021,Christian,45765
E07000200,Babergh,TYPE424,2021,Hindu,156
E07000200,Babergh,TYPE424,2021,Jewish,127
E07000200,Babergh,TYPE424,2021,Muslim,433
E07000200,Babergh,TYPE424,2021,No religion,39638
E07000200,Babergh,TYPE424,2021,Not answered,5553
E07000200,Babergh,TYPE424,2021,Other religion,401
E07000200,Babergh,TYPE424,2021,Sikh,26
E07000200,Babergh,TYPE424,2021,Total: All usual residents,92341
E07000202,Ipswich,TYPE424,2021,Buddhist,596
E07000202,Ipswich,TYPE424,2021,Christian,58898
E07000202,Ipswich,TYPE424,2021,Hindu,1342
E07000202,Ipswich,TYPE424,2021,Jewish,101
E07000202,Ipswich,TYPE424,2021,Muslim,5433
E07000202,Ipswich,TYPE424,2021,No religion,63256
E07000202,Ipswich,TYPE424,2021,Not answered,8722
E07000202,Ipswich,TYPE424,2021,Other religion,838
E07000202,Ipswich,TYPE424,2021,Sikh,456
E07000202,Ipswich,TYPE424,2021,Total: All usual residents,139642
E07000203,Mid Suffolk,TYPE424,2021,Buddhist,327
E07000203,Mid Suffolk,TYPE424,2021,Christian,50674
E07000203,Mid Suffolk,TYPE424,2021,Hindu,165
E07000203,Mid Suffolk,TYPE424,2021,Jewish,86
E07000203,Mid Suffolk,TYPE424,2021,Muslim,254
E07000203,Mid Suffolk,TYPE424,2021,No religion,44715
E07000203,Mid Suffolk,TYPE424,2021,Not answered,6023
E07000203,Mid Suffolk,TYPE424,2021,Other religion,428
E07000203,Mid Suffolk,TYPE424,2021,Sikh,27
E07000203,Mid Suffolk,TYPE424,2021,Total: All usual residents,102699
E07000207,Elmbridge,TYPE424,2021,Buddhist,750
E07000207,Elmbridge,TYPE424,2021,Christian,72133
E07000207,Elmbridge,TYPE424,2021,Hindu,2218
E07000207,Elmbridge,TYPE424,2021,Jewish,750
E07000207,Elmbridge,TYPE424,2021,Muslim,3531
E07000207,Elmbridge,TYPE424,2021,No religion,49121
E07000207,Elmbridge,TYPE424,2021,Not answered,8899
E07000207,Elmbridge,TYPE424,2021,Other religion,609
E07000207,Elmbridge,TYPE424,2021,Sikh,742
E07000207,Elmbridge,TYPE424,2021,Total: All usual residents,138753
E07000208,Epsom and Ewell,TYPE424,2021,Buddhist,549
E07000208,Epsom and Ewell,TYPE424,2021,Christian,38957
E07000208,Epsom and Ewell,TYPE424,2021,Hindu,2891
E07000208,Epsom and Ewell,TYPE424,2021,Jewish,206
E07000208,Epsom and Ewell,TYPE424,2021,Muslim,3926
E07000208,Epsom and Ewell,TYPE424,2021,No religion,28903
E07000208,Epsom and Ewell,TYPE424,2021,Not answered,4948
E07000208,Epsom and Ewell,TYPE424,2021,Other religion,334
E07000208,Epsom and Ewell,TYPE424,2021,Sikh,224
E07000208,Epsom and Ewell,TYPE424,2021,Total: All usual residents,80938
E07000209,Guildford,TYPE424,2021,Buddhist,991
E07000209,Guildford,TYPE424,2021,Christian,69233
E07000209,Guildford,TYPE424,2021,Hindu,1972
E07000209,Guildford,TYPE424,2021,Jewish,382
E07000209,Guildford,TYPE424,2021,Muslim,3105
E07000209,Guildford,TYPE424,2021,No religion,56969
E07000209,Guildford,TYPE424,2021,Not answered,10004
E07000209,Guildford,TYPE424,2021,Other religion,677
E07000209,Guildford,TYPE424,2021,Sikh,316
E07000209,Guildford,TYPE424,2021,Total: All usual residents,143649
E07000210,Mole Valley,TYPE424,2021,Buddhist,345
E07000210,Mole Valley,TYPE424,2021,Christian,45616
E07000210,Mole Valley,TYPE424,2021,Hindu,646
E07000210,Mole Valley,TYPE424,2021,Jewish,218
E07000210,Mole Valley,TYPE424,2021,Muslim,1046
E07000210,Mole Valley,TYPE424,2021,No religion,33563
E07000210,Mole Valley,TYPE424,2021,Not answered,5475
E07000210,Mole Valley,TYPE424,2021,Other religion,360
E07000210,Mole Valley,TYPE424,2021,Sikh,118
E07000210,Mole Valley,TYPE424,2021,Total: All usual residents,87387
E07000211,Reigate and Banstead,TYPE424,2021,Buddhist,698
E07000211,Reigate and Banstead,TYPE424,2021,Christian,73992
E07000211,Reigate and Banstead,TYPE424,2021,Hindu,3640
E07000211,Reigate and Banstead,TYPE424,2021,Jewish,364
E07000211,Reigate and Banstead,TYPE424,2021,Muslim,4642
E07000211,Reigate and Banstead,TYPE424,2021,No religion,57451
E07000211,Reigate and Banstead,TYPE424,2021,Not answered,9108
E07000211,Reigate and Banstead,TYPE424,2021,Other religion,636
E07000211,Reigate and Banstead,TYPE424,2021,Sikh,315
E07000211,Reigate and Banstead,TYPE424,2021,Total: All usual residents,150846
E07000212,Runnymede,TYPE424,2021,Buddhist,458
E07000212,Runnymede,TYPE424,2021,Christian,44415
E07000212,Runnymede,TYPE424,2021,Hindu,2029
E07000212,Runnymede,TYPE424,2021,Jewish,223
E07000212,Runnymede,TYPE424,2021,Muslim,2519
E07000212,Runnymede,TYPE424,2021,No religion,30654
E07000212,Runnymede,TYPE424,2021,Not answered,6062
E07000212,Runnymede,TYPE424,2021,Other religion,450
E07000212,Runnymede,TYPE424,2021,Sikh,1269
E07000212,Runnymede,TYPE424,2021,Total: All usual residents,88079
E07000213,Spelthorne,TYPE424,2021,Buddhist,703
E07000213,Spelthorne,TYPE424,2021,Christian,52432
E07000213,Spelthorne,TYPE424,2021,Hindu,4372
E07000213,Spelthorne,TYPE424,2021,Jewish,174
E07000213,Spelthorne,TYPE424,2021,Muslim,4146
E07000213,Spelthorne,TYPE424,2021,No religion,32112
E07000213,Spelthorne,TYPE424,2021,Not answered,5884
E07000213,Spelthorne,TYPE424,2021,Other religion,520
E07000213,Spelthorne,TYPE424,2021,Sikh,2612
E07000213,Spelthorne,TYPE424,2021,Total: All usual residents,102955
E07000214,Surrey Heath,TYPE424,2021,Buddhist,951
E07000214,Surrey Heath,TYPE424,2021,Christian,45265
E07000214,Surrey Heath,TYPE424,2021,Hindu,2021
E07000214,Surrey Heath,TYPE424,2021,Jewish,142
E07000214,Surrey Heath,TYPE424,2021,Muslim,2829
E07000214,Surrey Heath,TYPE424,2021,No religion,32546
E07000214,Surrey Heath,TYPE424,2021,Not answered,5153
E07000214,Surrey Heath,TYPE424,2021,Other religion,496
E07000214,Surrey Heath,TYPE424,2021,Sikh,1054
E07000214,Surrey Heath,TYPE424,2021,Total: All usual residents,90457
E07000215,Tandridge,TYPE424,2021,Buddhist,340
E07000215,Tandridge,TYPE424,2021,Christian,44956
E07000215,Tandridge,TYPE424,2021,Hindu,1012
E07000215,Tandridge,TYPE424,2021,Jewish,152
E07000215,Tandridge,TYPE424,2021,Muslim,1159
E07000215,Tandridge,TYPE424,2021,No religion,34192
E07000215,Tandridge,TYPE424,2021,Not answered,5630
E07000215,Tandridge,TYPE424,2021,Other religion,341
E07000215,Tandridge,TYPE424,2021,Sikh,90
E07000215,Tandridge,TYPE424,2021,Total: All usual residents,87872
E07000216,Waverley,TYPE424,2021,Buddhist,564
E07000216,Waverley,TYPE424,2021,Christian,66605
E07000216,Waverley,TYPE424,2021,Hindu,453
E07000216,Waverley,TYPE424,2021,Jewish,265
E07000216,Waverley,TYPE424,2021,Muslim,1505
E07000216,Waverley,TYPE424,2021,No religion,49987
E07000216,Waverley,TYPE424,2021,Not answered,8130
E07000216,Waverley,TYPE424,2021,Other religion,603
E07000216,Waverley,TYPE424,2021,Sikh,117
E07000216,Waverley,TYPE424,2021,Total: All usual residents,128229
E07000217,Woking,TYPE424,2021,Buddhist,642
E07000217,Woking,TYPE424,2021,Christian,49465
E07000217,Woking,TYPE424,2021,Hindu,2488
E07000217,Woking,TYPE424,2021,Jewish,223
E07000217,Woking,TYPE424,2021,Muslim,9730
E07000217,Woking,TYPE424,2021,No religion,34574
E07000217,Woking,TYPE424,2021,Not answered,6034
E07000217,Woking,TYPE424,2021,Other religion,502
E07000217,Woking,TYPE424,2021,Sikh,285
E07000217,Woking,TYPE424,2021,Total: All usual residents,103943
E07000218,North Warwickshire,TYPE424,2021,Buddhist,139
E07000218,North Warwickshire,TYPE424,2021,Christian,35778
E07000218,North Warwickshire,TYPE424,2021,Hindu,190
E07000218,North Warwickshire,TYPE424,2021,Jewish,26
E07000218,North Warwickshire,TYPE424,2021,Muslim,259
E07000218,North Warwickshire,TYPE424,2021,No religion,24802
E07000218,North Warwickshire,TYPE424,2021,Not answered,3269
E07000218,North Warwickshire,TYPE424,2021,Other religion,270
E07000218,North Warwickshire,TYPE424,2021,Sikh,306
E07000218,North Warwickshire,TYPE424,2021,Total: All usual residents,65039
E07000219,Nuneaton and Bedworth,TYPE424,2021,Buddhist,726
E07000219,Nuneaton and Bedworth,TYPE424,2021,Christian,65042
E07000219,Nuneaton and Bedworth,TYPE424,2021,Hindu,2185
E07000219,Nuneaton and Bedworth,TYPE424,2021,Jewish,39
E07000219,Nuneaton and Bedworth,TYPE424,2021,Muslim,3979
E07000219,Nuneaton and Bedworth,TYPE424,2021,No religion,50778
E07000219,Nuneaton and Bedworth,TYPE424,2021,Not answered,7068
E07000219,Nuneaton and Bedworth,TYPE424,2021,Other religion,850
E07000219,Nuneaton and Bedworth,TYPE424,2021,Sikh,3529
E07000219,Nuneaton and Bedworth,TYPE424,2021,Total: All usual residents,134196
E07000220,Rugby,TYPE424,2021,Buddhist,440
E07000220,Rugby,TYPE424,2021,Christian,57728
E07000220,Rugby,TYPE424,2021,Hindu,3758
E07000220,Rugby,TYPE424,2021,Jewish,69
E07000220,Rugby,TYPE424,2021,Muslim,2109
E07000220,Rugby,TYPE424,2021,No religion,41331
E07000220,Rugby,TYPE424,2021,Not answered,6778
E07000220,Rugby,TYPE424,2021,Other religion,598
E07000220,Rugby,TYPE424,2021,Sikh,1552
E07000220,Rugby,TYPE424,2021,Total: All usual residents,114363
E07000221,Stratford-on-Avon,TYPE424,2021,Buddhist,397
E07000221,Stratford-on-Avon,TYPE424,2021,Christian,75936
E07000221,Stratford-on-Avon,TYPE424,2021,Hindu,617
E07000221,Stratford-on-Avon,TYPE424,2021,Jewish,178
E07000221,Stratford-on-Avon,TYPE424,2021,Muslim,646
E07000221,Stratford-on-Avon,TYPE424,2021,No religion,48339
E07000221,Stratford-on-Avon,TYPE424,2021,Not answered,7469
E07000221,Stratford-on-Avon,TYPE424,2021,Other religion,569
E07000221,Stratford-on-Avon,TYPE424,2021,Sikh,573
E07000221,Stratford-on-Avon,TYPE424,2021,Total: All usual residents,134724
E07000222,Warwick,TYPE424,2021,Buddhist,594
E07000222,Warwick,TYPE424,2021,Christian,66224
E07000222,Warwick,TYPE424,2021,Hindu,3743
E07000222,Warwick,TYPE424,2021,Jewish,278
E07000222,Warwick,TYPE424,2021,Muslim,2243
E07000222,Warwick,TYPE424,2021,No religion,59337
E07000222,Warwick,TYPE424,2021,Not answered,8961
E07000222,Warwick,TYPE424,2021,Other religion,774
E07000222,Warwick,TYPE424,2021,Sikh,6299
E07000222,Warwick,TYPE424,2021,Total: All usual residents,148453
E07000223,Adur,TYPE424,2021,Buddhist,274
E07000223,Adur,TYPE424,2021,Christian,27836
E07000223,Adur,TYPE424,2021,Hindu,209
E07000223,Adur,TYPE424,2021,Jewish,249
E07000223,Adur,TYPE424,2021,Muslim,840
E07000223,Adur,TYPE424,2021,No religion,30890
E07000223,Adur,TYPE424,2021,Not answered,3820
E07000223,Adur,TYPE424,2021,Other religion,392
E07000223,Adur,TYPE424,2021,Sikh,31
E07000223,Adur,TYPE424,2021,Total: All usual residents,64541
E07000224,Arun,TYPE424,2021,Buddhist,502
E07000224,Arun,TYPE424,2021,Christian,85922
E07000224,Arun,TYPE424,2021,Hindu,391
E07000224,Arun,TYPE424,2021,Jewish,262
E07000224,Arun,TYPE424,2021,Muslim,1157
E07000224,Arun,TYPE424,2021,No religion,65762
E07000224,Arun,TYPE424,2021,Not answered,9953
E07000224,Arun,TYPE424,2021,Other religion,861
E07000224,Arun,TYPE424,2021,Sikh,79
E07000224,Arun,TYPE424,2021,Total: All usual residents,164889
E07000225,Chichester,TYPE424,2021,Buddhist,611
E07000225,Chichester,TYPE424,2021,Christian,65910
E07000225,Chichester,TYPE424,2021,Hindu,312
E07000225,Chichester,TYPE424,2021,Jewish,226
E07000225,Chichester,TYPE424,2021,Muslim,685
E07000225,Chichester,TYPE424,2021,No religion,47977
E07000225,Chichester,TYPE424,2021,Not answered,7640
E07000225,Chichester,TYPE424,2021,Other religion,664
E07000225,Chichester,TYPE424,2021,Sikh,43
E07000225,Chichester,TYPE424,2021,Total: All usual residents,124068
E07000226,Crawley,TYPE424,2021,Buddhist,529
E07000226,Crawley,TYPE424,2021,Christian,50497
E07000226,Crawley,TYPE424,2021,Hindu,6090
E07000226,Crawley,TYPE424,2021,Jewish,96
E07000226,Crawley,TYPE424,2021,Muslim,11521
E07000226,Crawley,TYPE424,2021,No religion,41555
E07000226,Crawley,TYPE424,2021,Not answered,6720
E07000226,Crawley,TYPE424,2021,Other religion,634
E07000226,Crawley,TYPE424,2021,Sikh,851
E07000226,Crawley,TYPE424,2021,Total: All usual residents,118493
E07000227,Horsham,TYPE424,2021,Buddhist,581
E07000227,Horsham,TYPE424,2021,Christian,72325
E07000227,Horsham,TYPE424,2021,Hindu,814
E07000227,Horsham,TYPE424,2021,Jewish,272
E07000227,Horsham,TYPE424,2021,Muslim,1270
E07000227,Horsham,TYPE424,2021,No religion,61763
E07000227,Horsham,TYPE424,2021,Not answered,8990
E07000227,Horsham,TYPE424,2021,Other religion,658
E07000227,Horsham,TYPE424,2021,Sikh,105
E07000227,Horsham,TYPE424,2021,Total: All usual residents,146778
E07000228,Mid Sussex,TYPE424,2021,Buddhist,577
E07000228,Mid Sussex,TYPE424,2021,Christian,73108
E07000228,Mid Sussex,TYPE424,2021,Hindu,1573
E07000228,Mid Sussex,TYPE424,2021,Jewish,328
E07000228,Mid Sussex,TYPE424,2021,Muslim,1841
E07000228,Mid Sussex,TYPE424,2021,No religion,64207
E07000228,Mid Sussex,TYPE424,2021,Not answered,9666
E07000228,Mid Sussex,TYPE424,2021,Other religion,1121
E07000228,Mid Sussex,TYPE424,2021,Sikh,148
E07000228,Mid Sussex,TYPE424,2021,Total: All usual residents,152569
E07000229,Worthing,TYPE424,2021,Buddhist,704
E07000229,Worthing,TYPE424,2021,Christian,48897
E07000229,Worthing,TYPE424,2021,Hindu,739
E07000229,Worthing,TYPE424,2021,Jewish,274
E07000229,Worthing,TYPE424,2021,Muslim,1912
E07000229,Worthing,TYPE424,2021,No religion,50895
E07000229,Worthing,TYPE424,2021,Not answered,7013
E07000229,Worthing,TYPE424,2021,Other religion,778
E07000229,Worthing,TYPE424,2021,Sikh,124
E07000229,Worthing,TYPE424,2021,Total: All usual residents,111336
E07000234,Bromsgrove,TYPE424,2021,Buddhist,284
E07000234,Bromsgrove,TYPE424,2021,Christian,53075
E07000234,Bromsgrove,TYPE424,2021,Hindu,670
E07000234,Bromsgrove,TYPE424,2021,Jewish,94
E07000234,Bromsgrove,TYPE424,2021,Muslim,859
E07000234,Bromsgrove,TYPE424,2021,No religion,37139
E07000234,Bromsgrove,TYPE424,2021,Not answered,5518
E07000234,Bromsgrove,TYPE424,2021,Other religion,392
E07000234,Bromsgrove,TYPE424,2021,Sikh,1152
E07000234,Bromsgrove,TYPE424,2021,Total: All usual residents,99183
E07000235,Malvern Hills,TYPE424,2021,Buddhist,288
E07000235,Malvern Hills,TYPE424,2021,Christian,42846
E07000235,Malvern Hills,TYPE424,2021,Hindu,143
E07000235,Malvern Hills,TYPE424,2021,Jewish,65
E07000235,Malvern Hills,TYPE424,2021,Muslim,386
E07000235,Malvern Hills,TYPE424,2021,No religion,30310
E07000235,Malvern Hills,TYPE424,2021,Not answered,4955
E07000235,Malvern Hills,TYPE424,2021,Other religion,407
E07000235,Malvern Hills,TYPE424,2021,Sikh,86
E07000235,Malvern Hills,TYPE424,2021,Total: All usual residents,79486
E07000236,Redditch,TYPE424,2021,Buddhist,184
E07000236,Redditch,TYPE424,2021,Christian,42549
E07000236,Redditch,TYPE424,2021,Hindu,307
E07000236,Redditch,TYPE424,2021,Jewish,52
E07000236,Redditch,TYPE424,2021,Muslim,3628
E07000236,Redditch,TYPE424,2021,No religion,34837
E07000236,Redditch,TYPE424,2021,Not answered,4786
E07000236,Redditch,TYPE424,2021,Other religion,384
E07000236,Redditch,TYPE424,2021,Sikh,309
E07000236,Redditch,TYPE424,2021,Total: All usual residents,87036
E07000237,Worcester,TYPE424,2021,Buddhist,367
E07000237,Worcester,TYPE424,2021,Christian,50755
E07000237,Worcester,TYPE424,2021,Hindu,433
E07000237,Worcester,TYPE424,2021,Jewish,51
E07000237,Worcester,TYPE424,2021,Muslim,4227
E07000237,Worcester,TYPE424,2021,No religion,41084
E07000237,Worcester,TYPE424,2021,Not answered,6335
E07000237,Worcester,TYPE424,2021,Other religion,451
E07000237,Worcester,TYPE424,2021,Sikh,168
E07000237,Worcester,TYPE424,2021,Total: All usual residents,103871
E07000238,Wychavon,TYPE424,2021,Buddhist,334
E07000238,Wychavon,TYPE424,2021,Christian,76487
E07000238,Wychavon,TYPE424,2021,Hindu,203
E07000238,Wychavon,TYPE424,2021,Jewish,112
E07000238,Wychavon,TYPE424,2021,Muslim,724
E07000238,Wychavon,TYPE424,2021,No religion,46361
E07000238,Wychavon,TYPE424,2021,Not answered,7378
E07000238,Wychavon,TYPE424,2021,Other religion,553
E07000238,Wychavon,TYPE424,2021,Sikh,339
E07000238,Wychavon,TYPE424,2021,Total: All usual residents,132491
E07000239,Wyre Forest,TYPE424,2021,Buddhist,234
E07000239,Wyre Forest,TYPE424,2021,Christian,54180
E07000239,Wyre Forest,TYPE424,2021,Hindu,126
E07000239,Wyre Forest,TYPE424,2021,Jewish,42
E07000239,Wyre Forest,TYPE424,2021,Muslim,1056
E07000239,Wyre Forest,TYPE424,2021,No religion,39256
E07000239,Wyre Forest,TYPE424,2021,Not answered,5985
E07000239,Wyre Forest,TYPE424,2021,Other religion,472
E07000239,Wyre Forest,TYPE424,2021,Sikh,256
E07000239,Wyre Forest,TYPE424,2021,Total: All usual residents,101607
E07000240,St Albans,TYPE424,2021,Buddhist,735
E07000240,St Albans,TYPE424,2021,Christian,70246
E07000240,St Albans,TYPE424,2021,Hindu,2740
E07000240,St Albans,TYPE424,2021,Jewish,2237
E07000240,St Albans,TYPE424,2021,Muslim,6915
E07000240,St Albans,TYPE424,2021,No religion,55020
E07000240,St Albans,TYPE424,2021,Not answered,9029
E07000240,St Albans,TYPE424,2021,Other religion,709
E07000240,St Albans,TYPE424,2021,Sikh,535
E07000240,St Albans,TYPE424,2021,Total: All usual residents,148166
E07000241,Welwyn Hatfield,TYPE424,2021,Buddhist,890
E07000241,Welwyn Hatfield,TYPE424,2021,Christian,56536
E07000241,Welwyn Hatfield,TYPE424,2021,Hindu,3807
E07000241,Welwyn Hatfield,TYPE424,2021,Jewish,1093
E07000241,Welwyn Hatfield,TYPE424,2021,Muslim,3923
E07000241,Welwyn Hatfield,TYPE424,2021,No religion,44307
E07000241,Welwyn Hatfield,TYPE424,2021,Not answered,8011
E07000241,Welwyn Hatfield,TYPE424,2021,Other religion,819
E07000241,Welwyn Hatfield,TYPE424,2021,Sikh,450
E07000241,Welwyn Hatfield,TYPE424,2021,Total: All usual residents,119836
E07000242,East Hertfordshire,TYPE424,2021,Buddhist,546
E07000242,East Hertfordshire,TYPE424,2021,Christian,73732
E07000242,East Hertfordshire,TYPE424,2021,Hindu,921
E07000242,East Hertfordshire,TYPE424,2021,Jewish,560
E07000242,East Hertfordshire,TYPE424,2021,Muslim,1756
E07000242,East Hertfordshire,TYPE424,2021,No religion,62816
E07000242,East Hertfordshire,TYPE424,2021,Not answered,8951
E07000242,East Hertfordshire,TYPE424,2021,Other religion,652
E07000242,East Hertfordshire,TYPE424,2021,Sikh,224
E07000242,East Hertfordshire,TYPE424,2021,Total: All usual residents,150158
E07000243,Stevenage,TYPE424,2021,Buddhist,398
E07000243,Stevenage,TYPE424,2021,Christian,38712
E07000243,Stevenage,TYPE424,2021,Hindu,1397
E07000243,Stevenage,TYPE424,2021,Jewish,163
E07000243,Stevenage,TYPE424,2021,Muslim,2822
E07000243,Stevenage,TYPE424,2021,No religion,40158
E07000243,Stevenage,TYPE424,2021,Not answered,5015
E07000243,Stevenage,TYPE424,2021,Other religion,523
E07000243,Stevenage,TYPE424,2021,Sikh,307
E07000243,Stevenage,TYPE424,2021,Total: All usual residents,89495
E07000244,East Suffolk,TYPE424,2021,Buddhist,814
E07000244,East Suffolk,TYPE424,2021,Christian,115943
E07000244,East Suffolk,TYPE424,2021,Hindu,692
E07000244,East Suffolk,TYPE424,2021,Jewish,266
E07000244,East Suffolk,TYPE424,2021,Muslim,1293
E07000244,East Suffolk,TYPE424,2021,No religion,110438
E07000244,East Suffolk,TYPE424,2021,Not answered,15076
E07000244,East Suffolk,TYPE424,2021,Other religion,1385
E07000244,East Suffolk,TYPE424,2021,Sikh,151
E07000244,East Suffolk,TYPE424,2021,Total: All usual residents,246058
E07000245,West Suffolk,TYPE424,2021,Buddhist,810
E07000245,West Suffolk,TYPE424,2021,Christian,87174
E07000245,West Suffolk,TYPE424,2021,Hindu,669
E07000245,West Suffolk,TYPE424,2021,Jewish,198
E07000245,West Suffolk,TYPE424,2021,Muslim,1866
E07000245,West Suffolk,TYPE424,2021,No religion,76597
E07000245,West Suffolk,TYPE424,2021,Not answered,11554
E07000245,West Suffolk,TYPE424,2021,Other religion,967
E07000245,West Suffolk,TYPE424,2021,Sikh,110
E07000245,West Suffolk,TYPE424,2021,Total: All usual residents,179945
E08000001,Bolton,TYPE424,2021,Buddhist,576
E08000001,Bolton,TYPE424,2021,Christian,139144
E08000001,Bolton,TYPE424,2021,Hindu,5887
E08000001,Bolton,TYPE424,2021,Jewish,159
E08000001,Bolton,TYPE424,2021,Muslim,58997
E08000001,Bolton,TYPE424,2021,No religion,76244
E08000001,Bolton,TYPE424,2021,Not answered,13758
E08000001,Bolton,TYPE424,2021,Other religion,979
E08000001,Bolton,TYPE424,2021,Sikh,219
E08000001,Bolton,TYPE424,2021,Total: All usual residents,295963
E08000002,Bury,TYPE424,2021,Buddhist,508
E08000002,Bury,TYPE424,2021,Christian,94669
E08000002,Bury,TYPE424,2021,Hindu,874
E08000002,Bury,TYPE424,2021,Jewish,10734
E08000002,Bury,TYPE424,2021,Muslim,19243
E08000002,Bury,TYPE424,2021,No religion,57008
E08000002,Bury,TYPE424,2021,Not answered,9591
E08000002,Bury,TYPE424,2021,Other religion,649
E08000002,Bury,TYPE424,2021,Sikh,575
E08000002,Bury,TYPE424,2021,Total: All usual residents,193851
E08000003,Manchester,TYPE424,2021,Buddhist,3219
E08000003,Manchester,TYPE424,2021,Christian,199873
E08000003,Manchester,TYPE424,2021,Hindu,6048
E08000003,Manchester,TYPE424,2021,Jewish,2632
E08000003,Manchester,TYPE424,2021,Muslim,122962
E08000003,Manchester,TYPE424,2021,No religion,179037
E08000003,Manchester,TYPE424,2021,Not answered,32713
E08000003,Manchester,TYPE424,2021,Other religion,2736
E08000003,Manchester,TYPE424,2021,Sikh,2718
E08000003,Manchester,TYPE424,2021,Total: All usual residents,551938
E08000004,Oldham,TYPE424,2021,Buddhist,468
E08000004,Oldham,TYPE424,2021,Christian,108720
E08000004,Oldham,TYPE424,2021,Hindu,1222
E08000004,Oldham,TYPE424,2021,Jewish,146
E08000004,Oldham,TYPE424,2021,Muslim,59031
E08000004,Oldham,TYPE424,2021,No religion,60507
E08000004,Oldham,TYPE424,2021,Not answered,11273
E08000004,Oldham,TYPE424,2021,Other religion,589
E08000004,Oldham,TYPE424,2021,Sikh,132
E08000004,Oldham,TYPE424,2021,Total: All usual residents,242088
E08000005,Rochdale,TYPE424,2021,Buddhist,398
E08000005,Rochdale,TYPE424,2021,Christian,104841
E08000005,Rochdale,TYPE424,2021,Hindu,613
E08000005,Rochdale,TYPE424,2021,Jewish,218
E08000005,Rochdale,TYPE424,2021,Muslim,42121
E08000005,Rochdale,TYPE424,2021,No religion,64349
E08000005,Rochdale,TYPE424,2021,Not answered,10366
E08000005,Rochdale,TYPE424,2021,Other religion,675
E08000005,Rochdale,TYPE424,2021,Sikh,191
E08000005,Rochdale,TYPE424,2021,Total: All usual residents,223772
E08000006,Salford,TYPE424,2021,Buddhist,1022
E08000006,Salford,TYPE424,2021,Christian,128785
E08000006,Salford,TYPE424,2021,Hindu,2113
E08000006,Salford,TYPE424,2021,Jewish,10373
E08000006,Salford,TYPE424,2021,Muslim,13542
E08000006,Salford,TYPE424,2021,No religion,96140
E08000006,Salford,TYPE424,2021,Not answered,16152
E08000006,Salford,TYPE424,2021,Other religion,1068
E08000006,Salford,TYPE424,2021,Sikh,728
E08000006,Salford,TYPE424,2021,Total: All usual residents,269923
E08000007,Stockport,TYPE424,2021,Buddhist,964
E08000007,Stockport,TYPE424,2021,Christian,139951
E08000007,Stockport,TYPE424,2021,Hindu,2388
E08000007,Stockport,TYPE424,2021,Jewish,1234
E08000007,Stockport,TYPE424,2021,Muslim,16332
E08000007,Stockport,TYPE424,2021,No religion,116749
E08000007,Stockport,TYPE424,2021,Not answered,15445
E08000007,Stockport,TYPE424,2021,Other religion,1207
E08000007,Stockport,TYPE424,2021,Sikh,503
E08000007,Stockport,TYPE424,2021,Total: All usual residents,294773
E08000008,Tameside,TYPE424,2021,Buddhist,588
E08000008,Tameside,TYPE424,2021,Christian,110539
E08000008,Tameside,TYPE424,2021,Hindu,3096
E08000008,Tameside,TYPE424,2021,Jewish,87
E08000008,Tameside,TYPE424,2021,Muslim,16945
E08000008,Tameside,TYPE424,2021,No religion,87910
E08000008,Tameside,TYPE424,2021,Not answered,10846
E08000008,Tameside,TYPE424,2021,Other religion,879
E08000008,Tameside,TYPE424,2021,Sikh,181
E08000008,Tameside,TYPE424,2021,Total: All usual residents,231071
E08000009,Trafford,TYPE424,2021,Buddhist,955
E08000009,Trafford,TYPE424,2021,Christian,113712
E08000009,Trafford,TYPE424,2021,Hindu,4656
E08000009,Trafford,TYPE424,2021,Jewish,2408
E08000009,Trafford,TYPE424,2021,Muslim,20549
E08000009,Trafford,TYPE424,2021,No religion,77864
E08000009,Trafford,TYPE424,2021,Not answered,12007
E08000009,Trafford,TYPE424,2021,Other religion,920
E08000009,Trafford,TYPE424,2021,Sikh,1984
E08000009,Trafford,TYPE424,2021,Total: All usual residents,235055
E08000010,Wigan,TYPE424,2021,Buddhist,831
E08000010,Wigan,TYPE424,2021,Christian,206870
E08000010,Wigan,TYPE424,2021,Hindu,995
E08000010,Wigan,TYPE424,2021,Jewish,84
E08000010,Wigan,TYPE424,2021,Muslim,4155
E08000010,Wigan,TYPE424,2021,No religion,99784
E08000010,Wigan,TYPE424,2021,Not answered,15390
E08000010,Wigan,TYPE424,2021,Other religion,1099
E08000010,Wigan,TYPE424,2021,Sikh,122
E08000010,Wigan,TYPE424,2021,Total: All usual residents,329330
E08000011,Knowsley,TYPE424,2021,Buddhist,260
E08000011,Knowsley,TYPE424,2021,Christian,102929
E08000011,Knowsley,TYPE424,2021,Hindu,456
E08000011,Knowsley,TYPE424,2021,Jewish,86
E08000011,Knowsley,TYPE424,2021,Muslim,968
E08000011,Knowsley,TYPE424,2021,No religion,42001
E08000011,Knowsley,TYPE424,2021,Not answered,7469
E08000011,Knowsley,TYPE424,2021,Other religion,285
E08000011,Knowsley,TYPE424,2021,Sikh,65
E08000011,Knowsley,TYPE424,2021,Total: All usual residents,154519
E08000012,Liverpool,TYPE424,2021,Buddhist,2128
E08000012,Liverpool,TYPE424,2021,Christian,278330
E08000012,Liverpool,TYPE424,2021,Hindu,3802
E08000012,Liverpool,TYPE424,2021,Jewish,1807
E08000012,Liverpool,TYPE424,2021,Muslim,25756
E08000012,Liverpool,TYPE424,2021,No religion,142994
E08000012,Liverpool,TYPE424,2021,Not answered,28639
E08000012,Liverpool,TYPE424,2021,Other religion,1991
E08000012,Liverpool,TYPE424,2021,Sikh,641
E08000012,Liverpool,TYPE424,2021,Total: All usual residents,486088
E08000013,St. Helens,TYPE424,2021,Buddhist,501
E08000013,St. Helens,TYPE424,2021,Christian,114200
E08000013,St. Helens,TYPE424,2021,Hindu,597
E08000013,St. Helens,TYPE424,2021,Jewish,63
E08000013,St. Helens,TYPE424,2021,Muslim,1340
E08000013,St. Helens,TYPE424,2021,No religion,57184
E08000013,St. Helens,TYPE424,2021,Not answered,8655
E08000013,St. Helens,TYPE424,2021,Other religion,652
E08000013,St. Helens,TYPE424,2021,Sikh,54
E08000013,St. Helens,TYPE424,2021,Total: All usual residents,183246
E08000014,Sefton,TYPE424,2021,Buddhist,681
E08000014,Sefton,TYPE424,2021,Christian,179806
E08000014,Sefton,TYPE424,2021,Hindu,1095
E08000014,Sefton,TYPE424,2021,Jewish,364
E08000014,Sefton,TYPE424,2021,Muslim,2257
E08000014,Sefton,TYPE424,2021,No religion,79905
E08000014,Sefton,TYPE424,2021,Not answered,14012
E08000014,Sefton,TYPE424,2021,Other religion,980
E08000014,Sefton,TYPE424,2021,Sikh,133
E08000014,Sefton,TYPE424,2021,Total: All usual residents,279233
E08000015,Wirral,TYPE424,2021,Buddhist,1015
E08000015,Wirral,TYPE424,2021,Christian,176159
E08000015,Wirral,TYPE424,2021,Hindu,1406
E08000015,Wirral,TYPE424,2021,Jewish,256
E08000015,Wirral,TYPE424,2021,Muslim,3257
E08000015,Wirral,TYPE424,2021,No religion,119447
E08000015,Wirral,TYPE424,2021,Not answered,17092
E08000015,Wirral,TYPE424,2021,Other religion,1258
E08000015,Wirral,TYPE424,2021,Sikh,311
E08000015,Wirral,TYPE424,2021,Total: All usual residents,320201
E08000016,Barnsley,TYPE424,2021,Buddhist,435
E08000016,Barnsley,TYPE424,2021,Christian,125502
E08000016,Barnsley,TYPE424,2021,Hindu,416
E08000016,Barnsley,TYPE424,2021,Jewish,62
E08000016,Barnsley,TYPE424,2021,Muslim,1404
E08000016,Barnsley,TYPE424,2021,No religion,102906
E08000016,Barnsley,TYPE424,2021,Not answered,12728
E08000016,Barnsley,TYPE424,2021,Other religion,862
E08000016,Barnsley,TYPE424,2021,Sikh,256
E08000016,Barnsley,TYPE424,2021,Total: All usual residents,244571
E08000017,Doncaster,TYPE424,2021,Buddhist,821
E08000017,Doncaster,TYPE424,2021,Christian,156747
E08000017,Doncaster,TYPE424,2021,Hindu,1294
E08000017,Doncaster,TYPE424,2021,Jewish,116
E08000017,Doncaster,TYPE424,2021,Muslim,6898
E08000017,Doncaster,TYPE424,2021,No religion,122645
E08000017,Doncaster,TYPE424,2021,Not answered,16470
E08000017,Doncaster,TYPE424,2021,Other religion,1724
E08000017,Doncaster,TYPE424,2021,Sikh,1391
E08000017,Doncaster,TYPE424,2021,Total: All usual residents,308106
E08000018,Rotherham,TYPE424,2021,Buddhist,542
E08000018,Rotherham,TYPE424,2021,Christian,130147
E08000018,Rotherham,TYPE424,2021,Hindu,666
E08000018,Rotherham,TYPE424,2021,Jewish,81
E08000018,Rotherham,TYPE424,2021,Muslim,13465
E08000018,Rotherham,TYPE424,2021,No religion,105821
E08000018,Rotherham,TYPE424,2021,Not answered,13692
E08000018,Rotherham,TYPE424,2021,Other religion,932
E08000018,Rotherham,TYPE424,2021,Sikh,461
E08000018,Rotherham,TYPE424,2021,Total: All usual residents,265807
E08000019,Sheffield,TYPE424,2021,Buddhist,2215
E08000019,Sheffield,TYPE424,2021,Christian,214136
E08000019,Sheffield,TYPE424,2021,Hindu,3759
E08000019,Sheffield,TYPE424,2021,Jewish,649
E08000019,Sheffield,TYPE424,2021,Muslim,57044
E08000019,Sheffield,TYPE424,2021,No religion,241556
E08000019,Sheffield,TYPE424,2021,Not answered,33600
E08000019,Sheffield,TYPE424,2021,Other religion,2635
E08000019,Sheffield,TYPE424,2021,Sikh,927
E08000019,Sheffield,TYPE424,2021,Total: All usual residents,556521
E08000021,Newcastle upon Tyne,TYPE424,2021,Buddhist,1352
E08000021,Newcastle upon Tyne,TYPE424,2021,Christian,124009
E08000021,Newcastle upon Tyne,TYPE424,2021,Hindu,4212
E08000021,Newcastle upon Tyne,TYPE424,2021,Jewish,573
E08000021,Newcastle upon Tyne,TYPE424,2021,Muslim,26896
E08000021,Newcastle upon Tyne,TYPE424,2021,No religion,122485
E08000021,Newcastle upon Tyne,TYPE424,2021,Not answered,17869
E08000021,Newcastle upon Tyne,TYPE424,2021,Other religion,1281
E08000021,Newcastle upon Tyne,TYPE424,2021,Sikh,1449
E08000021,Newcastle upon Tyne,TYPE424,2021,Total: All usual residents,300126
E08000022,North Tyneside,TYPE424,2021,Buddhist,587
E08000022,North Tyneside,TYPE424,2021,Christian,97333
E08000022,North Tyneside,TYPE424,2021,Hindu,823
E08000022,North Tyneside,TYPE424,2021,Jewish,128
E08000022,North Tyneside,TYPE424,2021,Muslim,2517
E08000022,North Tyneside,TYPE424,2021,No religion,96413
E08000022,North Tyneside,TYPE424,2021,Not answered,9954
E08000022,North Tyneside,TYPE424,2021,Other religion,774
E08000022,North Tyneside,TYPE424,2021,Sikh,437
E08000022,North Tyneside,TYPE424,2021,Total: All usual residents,208966
E08000023,South Tyneside,TYPE424,2021,Buddhist,264
E08000023,South Tyneside,TYPE424,2021,Christian,77783
E08000023,South Tyneside,TYPE424,2021,Hindu,259
E08000023,South Tyneside,TYPE424,2021,Jewish,36
E08000023,South Tyneside,TYPE424,2021,Muslim,3736
E08000023,South Tyneside,TYPE424,2021,No religion,58045
E08000023,South Tyneside,TYPE424,2021,Not answered,6672
E08000023,South Tyneside,TYPE424,2021,Other religion,520
E08000023,South Tyneside,TYPE424,2021,Sikh,461
E08000023,South Tyneside,TYPE424,2021,Total: All usual residents,147776
E08000024,Sunderland,TYPE424,2021,Buddhist,539
E08000024,Sunderland,TYPE424,2021,Christian,145806
E08000024,Sunderland,TYPE424,2021,Hindu,611
E08000024,Sunderland,TYPE424,2021,Jewish,87
E08000024,Sunderland,TYPE424,2021,Muslim,4846
E08000024,Sunderland,TYPE424,2021,No religion,108261
E08000024,Sunderland,TYPE424,2021,Not answered,12272
E08000024,Sunderland,TYPE424,2021,Other religion,835
E08000024,Sunderland,TYPE424,2021,Sikh,915
E08000024,Sunderland,TYPE424,2021,Total: All usual residents,274172
E08000025,Birmingham,TYPE424,2021,Buddhist,4340
E08000025,Birmingham,TYPE424,2021,Christian,389406
E08000025,Birmingham,TYPE424,2021,Hindu,21997
E08000025,Birmingham,TYPE424,2021,Jewish,1687
E08000025,Birmingham,TYPE424,2021,Muslim,341811
E08000025,Birmingham,TYPE424,2021,No religion,276327
E08000025,Birmingham,TYPE424,2021,Not answered,69856
E08000025,Birmingham,TYPE424,2021,Other religion,6367
E08000025,Birmingham,TYPE424,2021,Sikh,33126
E08000025,Birmingham,TYPE424,2021,Total: All usual residents,1144917
E08000026,Coventry,TYPE424,2021,Buddhist,1257
E08000026,Coventry,TYPE424,2021,Christian,151577
E08000026,Coventry,TYPE424,2021,Hindu,13724
E08000026,Coventry,TYPE424,2021,Jewish,259
E08000026,Coventry,TYPE424,2021,Muslim,35800
E08000026,Coventry,TYPE424,2021,No religion,102338
E08000026,Coventry,TYPE424,2021,Not answered,21166
E08000026,Coventry,TYPE424,2021,Other religion,1908
E08000026,Coventry,TYPE424,2021,Sikh,17297
E08000026,Coventry,TYPE424,2021,Total: All usual residents,345326
E08000027,Dudley,TYPE424,2021,Buddhist,798
E08000027,Dudley,TYPE424,2021,Christian,159461
E08000027,Dudley,TYPE424,2021,Hindu,2193
E08000027,Dudley,TYPE424,2021,Jewish,83
E08000027,Dudley,TYPE424,2021,Muslim,19978
E08000027,Dudley,TYPE424,2021,No religion,116404
E08000027,Dudley,TYPE424,2021,Not answered,17792
E08000027,Dudley,TYPE424,2021,Other religion,1463
E08000027,Dudley,TYPE424,2021,Sikh,5316
E08000027,Dudley,TYPE424,2021,Total: All usual residents,323488
E08000028,Sandwell,TYPE424,2021,Buddhist,943
E08000028,Sandwell,TYPE424,2021,Christian,136354
E08000028,Sandwell,TYPE424,2021,Hindu,9447
E08000028,Sandwell,TYPE424,2021,Jewish,79
E08000028,Sandwell,TYPE424,2021,Muslim,45763
E08000028,Sandwell,TYPE424,2021,No religion,89102
E08000028,Sandwell,TYPE424,2021,Not answered,18465
E08000028,Sandwell,TYPE424,2021,Other religion,2430
E08000028,Sandwell,TYPE424,2021,Sikh,39252
E08000028,Sandwell,TYPE424,2021,Total: All usual residents,341835
E08000029,Solihull,TYPE424,2021,Buddhist,594
E08000029,Solihull,TYPE424,2021,Christian,109707
E08000029,Solihull,TYPE424,2021,Hindu,6037
E08000029,Solihull,TYPE424,2021,Jewish,283
E08000029,Solihull,TYPE424,2021,Muslim,11532
E08000029,Solihull,TYPE424,2021,No religion,71065
E08000029,Solihull,TYPE424,2021,Not answered,11173
E08000029,Solihull,TYPE424,2021,Other religion,821
E08000029,Solihull,TYPE424,2021,Sikh,5029
E08000029,Solihull,TYPE424,2021,Total: All usual residents,216241
E08000030,Walsall,TYPE424,2021,Buddhist,533
E08000030,Walsall,TYPE424,2021,Christian,126921
E08000030,Walsall,TYPE424,2021,Hindu,5096
E08000030,Walsall,TYPE424,2021,Jewish,74
E08000030,Walsall,TYPE424,2021,Muslim,32107
E08000030,Walsall,TYPE424,2021,No religion,85819
E08000030,Walsall,TYPE424,2021,Not answered,14768
E08000030,Walsall,TYPE424,2021,Other religion,1658
E08000030,Walsall,TYPE424,2021,Sikh,17148
E08000030,Walsall,TYPE424,2021,Total: All usual residents,284124
E08000031,Wolverhampton,TYPE424,2021,Buddhist,915
E08000031,Wolverhampton,TYPE424,2021,Christian,115640
E08000031,Wolverhampton,TYPE424,2021,Hindu,9882
E08000031,Wolverhampton,TYPE424,2021,Jewish,94
E08000031,Wolverhampton,TYPE424,2021,Muslim,14489
E08000031,Wolverhampton,TYPE424,2021,No religion,73317
E08000031,Wolverhampton,TYPE424,2021,Not answered,14465
E08000031,Wolverhampton,TYPE424,2021,Other religion,3158
E08000031,Wolverhampton,TYPE424,2021,Sikh,31769
E08000031,Wolverhampton,TYPE424,2021,Total: All usual residents,263729
E08000032,Bradford,TYPE424,2021,Buddhist,959
E08000032,Bradford,TYPE424,2021,Christian,182566
E08000032,Bradford,TYPE424,2021,Hindu,4757
E08000032,Bradford,TYPE424,2021,Jewish,254
E08000032,Bradford,TYPE424,2021,Muslim,166846
E08000032,Bradford,TYPE424,2021,No religion,154305
E08000032,Bradford,TYPE424,2021,Not answered,29816
E08000032,Bradford,TYPE424,2021,Other religion,2074
E08000032,Bradford,TYPE424,2021,Sikh,4834
E08000032,Bradford,TYPE424,2021,Total: All usual residents,546411
E08000033,Calderdale,TYPE424,2021,Buddhist,630
E08000033,Calderdale,TYPE424,2021,Christian,85677
E08000033,Calderdale,TYPE424,2021,Hindu,1173
E08000033,Calderdale,TYPE424,2021,Jewish,153
E08000033,Calderdale,TYPE424,2021,Muslim,19650
E08000033,Calderdale,TYPE424,2021,No religion,86787
E08000033,Calderdale,TYPE424,2021,Not answered,11129
E08000033,Calderdale,TYPE424,2021,Other religion,1045
E08000033,Calderdale,TYPE424,2021,Sikh,387
E08000033,Calderdale,TYPE424,2021,Total: All usual residents,206631
E08000034,Kirklees,TYPE424,2021,Buddhist,996
E08000034,Kirklees,TYPE424,2021,Christian,170577
E08000034,Kirklees,TYPE424,2021,Hindu,1723
E08000034,Kirklees,TYPE424,2021,Jewish,187
E08000034,Kirklees,TYPE424,2021,Muslim,80046
E08000034,Kirklees,TYPE424,2021,No religion,150599
E08000034,Kirklees,TYPE424,2021,Not answered,23949
E08000034,Kirklees,TYPE424,2021,Other religion,1663
E08000034,Kirklees,TYPE424,2021,Sikh,3476
E08000034,Kirklees,TYPE424,2021,Total: All usual residents,433216
E08000035,Leeds,TYPE424,2021,Buddhist,2874
E08000035,Leeds,TYPE424,2021,Christian,343311
E08000035,Leeds,TYPE424,2021,Hindu,9217
E08000035,Leeds,TYPE424,2021,Jewish,6267
E08000035,Leeds,TYPE424,2021,Muslim,63054
E08000035,Leeds,TYPE424,2021,No religion,326231
E08000035,Leeds,TYPE424,2021,Not answered,47315
E08000035,Leeds,TYPE424,2021,Other religion,3637
E08000035,Leeds,TYPE424,2021,Sikh,10047
E08000035,Leeds,TYPE424,2021,Total: All usual residents,811953
E08000036,Wakefield,TYPE424,2021,Buddhist,797
E08000036,Wakefield,TYPE424,2021,Christian,173070
E08000036,Wakefield,TYPE424,2021,Hindu,1270
E08000036,Wakefield,TYPE424,2021,Jewish,127
E08000036,Wakefield,TYPE424,2021,Muslim,11279
E08000036,Wakefield,TYPE424,2021,No religion,145950
E08000036,Wakefield,TYPE424,2021,Not answered,18972
E08000036,Wakefield,TYPE424,2021,Other religion,1405
E08000036,Wakefield,TYPE424,2021,Sikh,501
E08000036,Wakefield,TYPE424,2021,Total: All usual residents,353371
E08000037,Gateshead,TYPE424,2021,Buddhist,469
E08000037,Gateshead,TYPE424,2021,Christian,99572
E08000037,Gateshead,TYPE424,2021,Hindu,522
E08000037,Gateshead,TYPE424,2021,Jewish,2905
E08000037,Gateshead,TYPE424,2021,Muslim,4126
E08000037,Gateshead,TYPE424,2021,No religion,78572
E08000037,Gateshead,TYPE424,2021,Not answered,8804
E08000037,Gateshead,TYPE424,2021,Other religion,797
E08000037,Gateshead,TYPE424,2021,Sikh,386
E08000037,Gateshead,TYPE424,2021,Total: All usual residents,196153
E09000001,City of London,TYPE424,2021,Buddhist,95
E09000001,City of London,TYPE424,2021,Christian,2976
E09000001,City of London,TYPE424,2021,Hindu,203
E09000001,City of London,TYPE424,2021,Jewish,177
E09000001,City of London,TYPE424,2021,Muslim,540
E09000001,City of London,TYPE424,2021,No religion,3763
E09000001,City of London,TYPE424,2021,Not answered,767
E09000001,City of London,TYPE424,2021,Other religion,55
E09000001,City of London,TYPE424,2021,Sikh,6
E09000001,City of London,TYPE424,2021,Total: All usual residents,8582
E09000002,Barking and Dagenham,TYPE424,2021,Buddhist,821
E09000002,Barking and Dagenham,TYPE424,2021,Christian,99342
E09000002,Barking and Dagenham,TYPE424,2021,Hindu,6596
E09000002,Barking and Dagenham,TYPE424,2021,Jewish,272
E09000002,Barking and Dagenham,TYPE424,2021,Muslim,53389
E09000002,Barking and Dagenham,TYPE424,2021,No religion,41191
E09000002,Barking and Dagenham,TYPE424,2021,Not answered,11991
E09000002,Barking and Dagenham,TYPE424,2021,Other religion,981
E09000002,Barking and Dagenham,TYPE424,2021,Sikh,4284
E09000002,Barking and Dagenham,TYPE424,2021,Total: All usual residents,218867
E09000003,Barnet,TYPE424,2021,Buddhist,4158
E09000003,Barnet,TYPE424,2021,Christian,142321
E09000003,Barnet,TYPE424,2021,Hindu,22105
E09000003,Barnet,TYPE424,2021,Jewish,56616
E09000003,Barnet,TYPE424,2021,Muslim,47688
E09000003,Barnet,TYPE424,2021,No religion,78684
E09000003,Barnet,TYPE424,2021,Not answered,31056
E09000003,Barnet,TYPE424,2021,Other religion,5192
E09000003,Barnet,TYPE424,2021,Sikh,1524
E09000003,Barnet,TYPE424,2021,Total: All usual residents,389344
E09000004,Bexley,TYPE424,2021,Buddhist,2048
E09000004,Bexley,TYPE424,2021,Christian,123908
E09000004,Bexley,TYPE424,2021,Hindu,7516
E09000004,Bexley,TYPE424,2021,Jewish,217
E09000004,Bexley,TYPE424,2021,Muslim,9721
E09000004,Bexley,TYPE424,2021,No religion,82816
E09000004,Bexley,TYPE424,2021,Not answered,13986
E09000004,Bexley,TYPE424,2021,Other religion,988
E09000004,Bexley,TYPE424,2021,Sikh,5272
E09000004,Bexley,TYPE424,2021,Total: All usual residents,246472
E09000005,Brent,TYPE424,2021,Buddhist,3117
E09000005,Brent,TYPE424,2021,Christian,131914
E09000005,Brent,TYPE424,2021,Hindu,52876
E09000005,Brent,TYPE424,2021,Jewish,3723
E09000005,Brent,TYPE424,2021,Muslim,72574
E09000005,Brent,TYPE424,2021,No religion,46153
E09000005,Brent,TYPE424,2021,Not answered,23506
E09000005,Brent,TYPE424,2021,Other religion,4424
E09000005,Brent,TYPE424,2021,Sikh,1530
E09000005,Brent,TYPE424,2021,Total: All usual residents,339817
E09000006,Bromley,TYPE424,2021,Buddhist,2100
E09000006,Bromley,TYPE424,2021,Christian,159452
E09000006,Bromley,TYPE424,2021,Hindu,9644
E09000006,Bromley,TYPE424,2021,Jewish,966
E09000006,Bromley,TYPE424,2021,Muslim,10876
E09000006,Bromley,TYPE424,2021,No religion,122943
E09000006,Bromley,TYPE424,2021,Not answered,21238
E09000006,Bromley,TYPE424,2021,Other religion,1704
E09000006,Bromley,TYPE424,2021,Sikh,1068
E09000006,Bromley,TYPE424,2021,Total: All usual residents,329991
E09000007,Camden,TYPE424,2021,Buddhist,2410
E09000007,Camden,TYPE424,2021,Christian,65980
E09000007,Camden,TYPE424,2021,Hindu,3991
E09000007,Camden,TYPE424,2021,Jewish,10079
E09000007,Camden,TYPE424,2021,Muslim,33830
E09000007,Camden,TYPE424,2021,No religion,72776
E09000007,Camden,TYPE424,2021,Not answered,18743
E09000007,Camden,TYPE424,2021,Other religion,1842
E09000007,Camden,TYPE424,2021,Sikh,487
E09000007,Camden,TYPE424,2021,Total: All usual residents,210138
E09000008,Croydon,TYPE424,2021,Buddhist,2371
E09000008,Croydon,TYPE424,2021,Christian,190880
E09000008,Croydon,TYPE424,2021,Hindu,23145
E09000008,Croydon,TYPE424,2021,Jewish,609
E09000008,Croydon,TYPE424,2021,Muslim,40717
E09000008,Croydon,TYPE424,2021,No religion,101119
E09000008,Croydon,TYPE424,2021,Not answered,27035
E09000008,Croydon,TYPE424,2021,Other religion,3189
E09000008,Croydon,TYPE424,2021,Sikh,1654
E09000008,Croydon,TYPE424,2021,Total: All usual residents,390719
E09000009,Ealing,TYPE424,2021,Buddhist,4003
E09000009,Ealing,TYPE424,2021,Christian,138937
E09000009,Ealing,TYPE424,2021,Hindu,28236
E09000009,Ealing,TYPE424,2021,Jewish,1041
E09000009,Ealing,TYPE424,2021,Muslim,68907
E09000009,Ealing,TYPE424,2021,No religion,70233
E09000009,Ealing,TYPE424,2021,Not answered,24533
E09000009,Ealing,TYPE424,2021,Other religion,2733
E09000009,Ealing,TYPE424,2021,Sikh,28491
E09000009,Ealing,TYPE424,2021,Total: All usual residents,367114
E09000010,Enfield,TYPE424,2021,Buddhist,1716
E09000010,Enfield,TYPE424,2021,Christian,153015
E09000010,Enfield,TYPE424,2021,Hindu,10231
E09000010,Enfield,TYPE424,2021,Jewish,3713
E09000010,Enfield,TYPE424,2021,Muslim,61477
E09000010,Enfield,TYPE424,2021,No religion,65241
E09000010,Enfield,TYPE424,2021,Not answered,23041
E09000010,Enfield,TYPE424,2021,Other religion,10351
E09000010,Enfield,TYPE424,2021,Sikh,1199
E09000010,Enfield,TYPE424,2021,Total: All usual residents,329984
E09000011,Greenwich,TYPE424,2021,Buddhist,5034
E09000011,Greenwich,TYPE424,2021,Christian,129112
E09000011,Greenwich,TYPE424,2021,Hindu,11647
E09000011,Greenwich,TYPE424,2021,Jewish,603
E09000011,Greenwich,TYPE424,2021,Muslim,24715
E09000011,Greenwich,TYPE424,2021,No religion,94208
E09000011,Greenwich,TYPE424,2021,Not answered,18716
E09000011,Greenwich,TYPE424,2021,Other religion,1802
E09000011,Greenwich,TYPE424,2021,Sikh,3229
E09000011,Greenwich,TYPE424,2021,Total: All usual residents,289066
E09000012,Hackney,TYPE424,2021,Buddhist,2343
E09000012,Hackney,TYPE424,2021,Christian,79499
E09000012,Hackney,TYPE424,2021,Hindu,1998
E09000012,Hackney,TYPE424,2021,Jewish,17426
E09000012,Hackney,TYPE424,2021,Muslim,34578
E09000012,Hackney,TYPE424,2021,No religion,94113
E09000012,Hackney,TYPE424,2021,Not answered,22442
E09000012,Hackney,TYPE424,2021,Other religion,4879
E09000012,Hackney,TYPE424,2021,Sikh,1867
E09000012,Hackney,TYPE424,2021,Total: All usual residents,259145
E09000013,Hammersmith and Fulham,TYPE424,2021,Buddhist,1723
E09000013,Hammersmith and Fulham,TYPE424,2021,Christian,83673
E09000013,Hammersmith and Fulham,TYPE424,2021,Hindu,2209
E09000013,Hammersmith and Fulham,TYPE424,2021,Jewish,1228
E09000013,Hammersmith and Fulham,TYPE424,2021,Muslim,21290
E09000013,Hammersmith and Fulham,TYPE424,2021,No religion,56059
E09000013,Hammersmith and Fulham,TYPE424,2021,Not answered,15298
E09000013,Hammersmith and Fulham,TYPE424,2021,Other religion,1227
E09000013,Hammersmith and Fulham,TYPE424,2021,Sikh,450
E09000013,Hammersmith and Fulham,TYPE424,2021,Total: All usual residents,183157
E09000014,Haringey,TYPE424,2021,Buddhist,2455
E09000014,Haringey,TYPE424,2021,Christian,103944
E09000014,Haringey,TYPE424,2021,Hindu,3529
E09000014,Haringey,TYPE424,2021,Jewish,9397
E09000014,Haringey,TYPE424,2021,Muslim,33295
E09000014,Haringey,TYPE424,2021,No religion,83535
E09000014,Haringey,TYPE424,2021,Not answered,21027
E09000014,Haringey,TYPE424,2021,Other religion,6164
E09000014,Haringey,TYPE424,2021,Sikh,892
E09000014,Haringey,TYPE424,2021,Total: All usual residents,264238
E09000015,Harrow,TYPE424,2021,Buddhist,2812
E09000015,Harrow,TYPE424,2021,Christian,88602
E09000015,Harrow,TYPE424,2021,Hindu,67392
E09000015,Harrow,TYPE424,2021,Jewish,7304
E09000015,Harrow,TYPE424,2021,Muslim,41503
E09000015,Harrow,TYPE424,2021,No religion,27748
E09000015,Harrow,TYPE424,2021,Not answered,15404
E09000015,Harrow,TYPE424,2021,Other religion,7695
E09000015,Harrow,TYPE424,2021,Sikh,2743
E09000015,Harrow,TYPE424,2021,Total: All usual residents,261203
E09000016,Havering,TYPE424,2021,Buddhist,1092
E09000016,Havering,TYPE424,2021,Christian,136765
E09000016,Havering,TYPE424,2021,Hindu,6454
E09000016,Havering,TYPE424,2021,Jewish,1305
E09000016,Havering,TYPE424,2021,Muslim,16135
E09000016,Havering,TYPE424,2021,No religion,80235
E09000016,Havering,TYPE424,2021,Not answered,14512
E09000016,Havering,TYPE424,2021,Other religion,1056
E09000016,Havering,TYPE424,2021,Sikh,4498
E09000016,Havering,TYPE424,2021,Total: All usual residents,262052
E09000017,Hillingdon,TYPE424,2021,Buddhist,2621
E09000017,Hillingdon,TYPE424,2021,Christian,119434
E09000017,Hillingdon,TYPE424,2021,Hindu,33020
E09000017,Hillingdon,TYPE424,2021,Jewish,1392
E09000017,Hillingdon,TYPE424,2021,Muslim,44077
E09000017,Hillingdon,TYPE424,2021,No religion,59214
E09000017,Hillingdon,TYPE424,2021,Not answered,17129
E09000017,Hillingdon,TYPE424,2021,Other religion,2683
E09000017,Hillingdon,TYPE424,2021,Sikh,26339
E09000017,Hillingdon,TYPE424,2021,Total: All usual residents,305909
E09000018,Hounslow,TYPE424,2021,Buddhist,3932
E09000018,Hounslow,TYPE424,2021,Christian,110269
E09000018,Hounslow,TYPE424,2021,Hindu,27360
E09000018,Hounslow,TYPE424,2021,Jewish,622
E09000018,Hounslow,TYPE424,2021,Muslim,48028
E09000018,Hounslow,TYPE424,2021,No religion,53502
E09000018,Hounslow,TYPE424,2021,Not answered,17469
E09000018,Hounslow,TYPE424,2021,Other religion,2323
E09000018,Hounslow,TYPE424,2021,Sikh,24677
E09000018,Hounslow,TYPE424,2021,Total: All usual residents,288182
E09000019,Islington,TYPE424,2021,Buddhist,1813
E09000019,Islington,TYPE424,2021,Christian,75129
E09000019,Islington,TYPE424,2021,Hindu,2195
E09000019,Islington,TYPE424,2021,Jewish,2714
E09000019,Islington,TYPE424,2021,Muslim,25840
E09000019,Islington,TYPE424,2021,No religion,88466
E09000019,Islington,TYPE424,2021,Not answered,16902
E09000019,Islington,TYPE424,2021,Other religion,2930
E09000019,Islington,TYPE424,2021,Sikh,603
E09000019,Islington,TYPE424,2021,Total: All usual residents,216592
E09000020,Kensington and Chelsea,TYPE424,2021,Buddhist,1606
E09000020,Kensington and Chelsea,TYPE424,2021,Christian,69335
E09000020,Kensington and Chelsea,TYPE424,2021,Hindu,1584
E09000020,Kensington and Chelsea,TYPE424,2021,Jewish,2681
E09000020,Kensington and Chelsea,TYPE424,2021,Muslim,16865
E09000020,Kensington and Chelsea,TYPE424,2021,No religion,35610
E09000020,Kensington and Chelsea,TYPE424,2021,Not answered,14311
E09000020,Kensington and Chelsea,TYPE424,2021,Other religion,1064
E09000020,Kensington and Chelsea,TYPE424,2021,Sikh,319
E09000020,Kensington and Chelsea,TYPE424,2021,Total: All usual residents,143375
E09000021,Kingston upon Thames,TYPE424,2021,Buddhist,1726
E09000021,Kingston upon Thames,TYPE424,2021,Christian,71670
E09000021,Kingston upon Thames,TYPE424,2021,Hindu,8456
E09000021,Kingston upon Thames,TYPE424,2021,Jewish,693
E09000021,Kingston upon Thames,TYPE424,2021,Muslim,13366
E09000021,Kingston upon Thames,TYPE424,2021,No religion,57641
E09000021,Kingston upon Thames,TYPE424,2021,Not answered,11966
E09000021,Kingston upon Thames,TYPE424,2021,Other religion,1119
E09000021,Kingston upon Thames,TYPE424,2021,Sikh,1428
E09000021,Kingston upon Thames,TYPE424,2021,Total: All usual residents,168065
E09000022,Lambeth,TYPE424,2021,Buddhist,2437
E09000022,Lambeth,TYPE424,2021,Christian,138714
E09000022,Lambeth,TYPE424,2021,Hindu,3179
E09000022,Lambeth,TYPE424,2021,Jewish,1344
E09000022,Lambeth,TYPE424,2021,Muslim,25871
E09000022,Lambeth,TYPE424,2021,No religion,119123
E09000022,Lambeth,TYPE424,2021,Not answered,24110
E09000022,Lambeth,TYPE424,2021,Other religion,2351
E09000022,Lambeth,TYPE424,2021,Sikh,527
E09000022,Lambeth,TYPE424,2021,Total: All usual residents,317656
E09000023,Lewisham,TYPE424,2021,Buddhist,3270
E09000023,Lewisham,TYPE424,2021,Christian,131706
E09000023,Lewisham,TYPE424,2021,Hindu,6459
E09000023,Lewisham,TYPE424,2021,Jewish,826
E09000023,Lewisham,TYPE424,2021,Muslim,22264
E09000023,Lewisham,TYPE424,2021,No religion,110379
E09000023,Lewisham,TYPE424,2021,Not answered,22660
E09000023,Lewisham,TYPE424,2021,Other religion,2269
E09000023,Lewisham,TYPE424,2021,Sikh,720
E09000023,Lewisham,TYPE424,2021,Total: All usual residents,300553
E09000024,Merton,TYPE424,2021,Buddhist,1899
E09000024,Merton,TYPE424,2021,Christian,101320
E09000024,Merton,TYPE424,2021,Hindu,12610
E09000024,Merton,TYPE424,2021,Jewish,754
E09000024,Merton,TYPE424,2021,Muslim,21673
E09000024,Merton,TYPE424,2021,No religion,60224
E09000024,Merton,TYPE424,2021,Not answered,14888
E09000024,Merton,TYPE424,2021,Other religion,1205
E09000024,Merton,TYPE424,2021,Sikh,614
E09000024,Merton,TYPE424,2021,Total: All usual residents,215187
E09000025,Newham,TYPE424,2021,Buddhist,2160
E09000025,Newham,TYPE424,2021,Christian,123746
E09000025,Newham,TYPE424,2021,Hindu,21405
E09000025,Newham,TYPE424,2021,Jewish,448
E09000025,Newham,TYPE424,2021,Muslim,122146
E09000025,Newham,TYPE424,2021,No religion,50795
E09000025,Newham,TYPE424,2021,Not answered,22933
E09000025,Newham,TYPE424,2021,Other religion,1765
E09000025,Newham,TYPE424,2021,Sikh,5638
E09000025,Newham,TYPE424,2021,Total: All usual residents,351036
E09000026,Redbridge,TYPE424,2021,Buddhist,1611
E09000026,Redbridge,TYPE424,2021,Christian,94473
E09000026,Redbridge,TYPE424,2021,Hindu,34372
E09000026,Redbridge,TYPE424,2021,Jewish,6412
E09000026,Redbridge,TYPE424,2021,Muslim,97068
E09000026,Redbridge,TYPE424,2021,No religion,38999
E09000026,Redbridge,TYPE424,2021,Not answered,17675
E09000026,Redbridge,TYPE424,2021,Other religion,2028
E09000026,Redbridge,TYPE424,2021,Sikh,17622
E09000026,Redbridge,TYPE424,2021,Total: All usual residents,310260
E09000027,Richmond upon Thames,TYPE424,2021,Buddhist,1593
E09000027,Richmond upon Thames,TYPE424,2021,Christian,88556
E09000027,Richmond upon Thames,TYPE424,2021,Hindu,4184
E09000027,Richmond upon Thames,TYPE424,2021,Jewish,1262
E09000027,Richmond upon Thames,TYPE424,2021,Muslim,8492
E09000027,Richmond upon Thames,TYPE424,2021,No religion,74076
E09000027,Richmond upon Thames,TYPE424,2021,Not answered,13855
E09000027,Richmond upon Thames,TYPE424,2021,Other religion,1273
E09000027,Richmond upon Thames,TYPE424,2021,Sikh,1987
E09000027,Richmond upon Thames,TYPE424,2021,Total: All usual residents,195278
E09000028,Southwark,TYPE424,2021,Buddhist,2965
E09000028,Southwark,TYPE424,2021,Christian,133298
E09000028,Southwark,TYPE424,2021,Hindu,3444
E09000028,Southwark,TYPE424,2021,Jewish,1243
E09000028,Southwark,TYPE424,2021,Muslim,29633
E09000028,Southwark,TYPE424,2021,No religion,111935
E09000028,Southwark,TYPE424,2021,Not answered,22338
E09000028,Southwark,TYPE424,2021,Other religion,2149
E09000028,Southwark,TYPE424,2021,Sikh,632
E09000028,Southwark,TYPE424,2021,Total: All usual residents,307637
E09000029,Sutton,TYPE424,2021,Buddhist,1822
E09000029,Sutton,TYPE424,2021,Christian,95960
E09000029,Sutton,TYPE424,2021,Hindu,14666
E09000029,Sutton,TYPE424,2021,Jewish,407
E09000029,Sutton,TYPE424,2021,Muslim,14736
E09000029,Sutton,TYPE424,2021,No religion,67769
E09000029,Sutton,TYPE424,2021,Not answered,12589
E09000029,Sutton,TYPE424,2021,Other religion,1244
E09000029,Sutton,TYPE424,2021,Sikh,447
E09000029,Sutton,TYPE424,2021,Total: All usual residents,209640
E09000030,Tower Hamlets,TYPE424,2021,Buddhist,2961
E09000030,Tower Hamlets,TYPE424,2021,Christian,69223
E09000030,Tower Hamlets,TYPE424,2021,Hindu,6298
E09000030,Tower Hamlets,TYPE424,2021,Jewish,1341
E09000030,Tower Hamlets,TYPE424,2021,Muslim,123912
E09000030,Tower Hamlets,TYPE424,2021,No religion,82635
E09000030,Tower Hamlets,TYPE424,2021,Not answered,21318
E09000030,Tower Hamlets,TYPE424,2021,Other religion,1652
E09000030,Tower Hamlets,TYPE424,2021,Sikh,966
E09000030,Tower Hamlets,TYPE424,2021,Total: All usual residents,310306
E09000031,Waltham Forest,TYPE424,2021,Buddhist,1834
E09000031,Waltham Forest,TYPE424,2021,Christian,108630
E09000031,Waltham Forest,TYPE424,2021,Hindu,5155
E09000031,Waltham Forest,TYPE424,2021,Jewish,1268
E09000031,Waltham Forest,TYPE424,2021,Muslim,60157
E09000031,Waltham Forest,TYPE424,2021,No religion,77739
E09000031,Waltham Forest,TYPE424,2021,Not answered,19548
E09000031,Waltham Forest,TYPE424,2021,Other religion,2810
E09000031,Waltham Forest,TYPE424,2021,Sikh,1285
E09000031,Waltham Forest,TYPE424,2021,Total: All usual residents,278426
E09000032,Wandsworth,TYPE424,2021,Buddhist,2275
E09000032,Wandsworth,TYPE424,2021,Christian,139656
E09000032,Wandsworth,TYPE424,2021,Hindu,6419
E09000032,Wandsworth,TYPE424,2021,Jewish,1756
E09000032,Wandsworth,TYPE424,2021,Muslim,32519
E09000032,Wandsworth,TYPE424,2021,No religion,118543
E09000032,Wandsworth,TYPE424,2021,Not answered,23500
E09000032,Wandsworth,TYPE424,2021,Other religion,1871
E09000032,Wandsworth,TYPE424,2021,Sikh,967
E09000032,Wandsworth,TYPE424,2021,Total: All usual residents,327506
E09000033,Westminster,TYPE424,2021,Buddhist,2603
E09000033,Westminster,TYPE424,2021,Christian,76245
E09000033,Westminster,TYPE424,2021,Hindu,4457
E09000033,Westminster,TYPE424,2021,Jewish,5628
E09000033,Westminster,TYPE424,2021,Muslim,40873
E09000033,Westminster,TYPE424,2021,No religion,52936
E09000033,Westminster,TYPE424,2021,Not answered,19179
E09000033,Westminster,TYPE424,2021,Other religion,1741
E09000033,Westminster,TYPE424,2021,Sikh,573
E09000033,Westminster,TYPE424,2021,Total: All usual residents,204235
W06000001,Isle of Anglesey,TYPE424,2021,Buddhist,154
W06000001,Isle of Anglesey,TYPE424,2021,Christian,35485
W06000001,Isle of Anglesey,TYPE424,2021,Hindu,62
W06000001,Isle of Anglesey,TYPE424,2021,Jewish,30
W06000001,Isle of Anglesey,TYPE424,2021,Muslim,328
W06000001,Isle of Anglesey,TYPE424,2021,No religion,28066
W06000001,Isle of Anglesey,TYPE424,2021,Not answered,4446
W06000001,Isle of Anglesey,TYPE424,2021,Other religion,278
W06000001,Isle of Anglesey,TYPE424,2021,Sikh,30
W06000001,Isle of Anglesey,TYPE424,2021,Total: All usual residents,68879
W06000002,Gwynedd,TYPE424,2021,Buddhist,426
W06000002,Gwynedd,TYPE424,2021,Christian,54249
W06000002,Gwynedd,TYPE424,2021,Hindu,255
W06000002,Gwynedd,TYPE424,2021,Jewish,59
W06000002,Gwynedd,TYPE424,2021,Muslim,1137
W06000002,Gwynedd,TYPE424,2021,No religion,51941
W06000002,Gwynedd,TYPE424,2021,Not answered,8512
W06000002,Gwynedd,TYPE424,2021,Other religion,770
W06000002,Gwynedd,TYPE424,2021,Sikh,46
W06000002,Gwynedd,TYPE424,2021,Total: All usual residents,117395
W06000003,Conwy,TYPE424,2021,Buddhist,375
W06000003,Conwy,TYPE424,2021,Christian,58283
W06000003,Conwy,TYPE424,2021,Hindu,254
W06000003,Conwy,TYPE424,2021,Jewish,63
W06000003,Conwy,TYPE424,2021,Muslim,842
W06000003,Conwy,TYPE424,2021,No religion,46946
W06000003,Conwy,TYPE424,2021,Not answered,7324
W06000003,Conwy,TYPE424,2021,Other religion,621
W06000003,Conwy,TYPE424,2021,Sikh,33
W06000003,Conwy,TYPE424,2021,Total: All usual residents,114741
W06000004,Denbighshire,TYPE424,2021,Buddhist,320
W06000004,Denbighshire,TYPE424,2021,Christian,47226
W06000004,Denbighshire,TYPE424,2021,Hindu,209
W06000004,Denbighshire,TYPE424,2021,Jewish,48
W06000004,Denbighshire,TYPE424,2021,Muslim,740
W06000004,Denbighshire,TYPE424,2021,No religion,40297
W06000004,Denbighshire,TYPE424,2021,Not answered,6456
W06000004,Denbighshire,TYPE424,2021,Other religion,483
W06000004,Denbighshire,TYPE424,2021,Sikh,38
W06000004,Denbighshire,TYPE424,2021,Total: All usual residents,95817
W06000005,Flintshire,TYPE424,2021,Buddhist,397
W06000005,Flintshire,TYPE424,2021,Christian,79849
W06000005,Flintshire,TYPE424,2021,Hindu,320
W06000005,Flintshire,TYPE424,2021,Jewish,60
W06000005,Flintshire,TYPE424,2021,Muslim,739
W06000005,Flintshire,TYPE424,2021,No religion,62995
W06000005,Flintshire,TYPE424,2021,Not answered,10102
W06000005,Flintshire,TYPE424,2021,Other religion,476
W06000005,Flintshire,TYPE424,2021,Sikh,23
W06000005,Flintshire,TYPE424,2021,Total: All usual residents,154961
W06000006,Wrexham,TYPE424,2021,Buddhist,404
W06000006,Wrexham,TYPE424,2021,Christian,66880
W06000006,Wrexham,TYPE424,2021,Hindu,333
W06000006,Wrexham,TYPE424,2021,Jewish,51
W06000006,Wrexham,TYPE424,2021,Muslim,1540
W06000006,Wrexham,TYPE424,2021,No religion,56477
W06000006,Wrexham,TYPE424,2021,Not answered,8841
W06000006,Wrexham,TYPE424,2021,Other religion,513
W06000006,Wrexham,TYPE424,2021,Sikh,78
W06000006,Wrexham,TYPE424,2021,Total: All usual residents,135117
W06000008,Ceredigion,TYPE424,2021,Buddhist,378
W06000008,Ceredigion,TYPE424,2021,Christian,33409
W06000008,Ceredigion,TYPE424,2021,Hindu,158
W06000008,Ceredigion,TYPE424,2021,Jewish,75
W06000008,Ceredigion,TYPE424,2021,Muslim,515
W06000008,Ceredigion,TYPE424,2021,No religion,30749
W06000008,Ceredigion,TYPE424,2021,Not answered,5480
W06000008,Ceredigion,TYPE424,2021,Other religion,677
W06000008,Ceredigion,TYPE424,2021,Sikh,35
W06000008,Ceredigion,TYPE424,2021,Total: All usual residents,71476
W06000009,Pembrokeshire,TYPE424,2021,Buddhist,462
W06000009,Pembrokeshire,TYPE424,2021,Christian,60174
W06000009,Pembrokeshire,TYPE424,2021,Hindu,161
W06000009,Pembrokeshire,TYPE424,2021,Jewish,58
W06000009,Pembrokeshire,TYPE424,2021,Muslim,587
W06000009,Pembrokeshire,TYPE424,2021,No religion,52998
W06000009,Pembrokeshire,TYPE424,2021,Not answered,8145
W06000009,Pembrokeshire,TYPE424,2021,Other religion,746
W06000009,Pembrokeshire,TYPE424,2021,Sikh,32
W06000009,Pembrokeshire,TYPE424,2021,Total: All usual residents,123363
W06000010,Carmarthenshire,TYPE424,2021,Buddhist,557
W06000010,Carmarthenshire,TYPE424,2021,Christian,89378
W06000010,Carmarthenshire,TYPE424,2021,Hindu,419
W06000010,Carmarthenshire,TYPE424,2021,Jewish,103
W06000010,Carmarthenshire,TYPE424,2021,Muslim,1026
W06000010,Carmarthenshire,TYPE424,2021,No religion,83409
W06000010,Carmarthenshire,TYPE424,2021,Not answered,11703
W06000010,Carmarthenshire,TYPE424,2021,Other religion,1127
W06000010,Carmarthenshire,TYPE424,2021,Sikh,177
W06000010,Carmarthenshire,TYPE424,2021,Total: All usual residents,187899
W06000011,Swansea,TYPE424,2021,Buddhist,942
W06000011,Swansea,TYPE424,2021,Christian,98492
W06000011,Swansea,TYPE424,2021,Hindu,1010
W06000011,Swansea,TYPE424,2021,Jewish,159
W06000011,Swansea,TYPE424,2021,Muslim,7694
W06000011,Swansea,TYPE424,2021,No religion,112687
W06000011,Swansea,TYPE424,2021,Not answered,15985
W06000011,Swansea,TYPE424,2021,Other religion,1175
W06000011,Swansea,TYPE424,2021,Sikh,346
W06000011,Swansea,TYPE424,2021,Total: All usual residents,238490
W06000012,Neath Port Talbot,TYPE424,2021,Buddhist,383
W06000012,Neath Port Talbot,TYPE424,2021,Christian,59974
W06000012,Neath Port Talbot,TYPE424,2021,Hindu,400
W06000012,Neath Port Talbot,TYPE424,2021,Jewish,32
W06000012,Neath Port Talbot,TYPE424,2021,Muslim,1062
W06000012,Neath Port Talbot,TYPE424,2021,No religion,70941
W06000012,Neath Port Talbot,TYPE424,2021,Not answered,8716
W06000012,Neath Port Talbot,TYPE424,2021,Other religion,630
W06000012,Neath Port Talbot,TYPE424,2021,Sikh,151
W06000012,Neath Port Talbot,TYPE424,2021,Total: All usual residents,142289
W06000013,Bridgend,TYPE424,2021,Buddhist,398
W06000013,Bridgend,TYPE424,2021,Christian,58776
W06000013,Bridgend,TYPE424,2021,Hindu,339
W06000013,Bridgend,TYPE424,2021,Jewish,38
W06000013,Bridgend,TYPE424,2021,Muslim,797
W06000013,Bridgend,TYPE424,2021,No religion,76141
W06000013,Bridgend,TYPE424,2021,Not answered,8209
W06000013,Bridgend,TYPE424,2021,Other religion,692
W06000013,Bridgend,TYPE424,2021,Sikh,98
W06000013,Bridgend,TYPE424,2021,Total: All usual residents,145488
W06000014,Vale of Glamorgan,TYPE424,2021,Buddhist,420
W06000014,Vale of Glamorgan,TYPE424,2021,Christian,58237
W06000014,Vale of Glamorgan,TYPE424,2021,Hindu,440
W06000014,Vale of Glamorgan,TYPE424,2021,Jewish,143
W06000014,Vale of Glamorgan,TYPE424,2021,Muslim,1205
W06000014,Vale of Glamorgan,TYPE424,2021,No religion,63164
W06000014,Vale of Glamorgan,TYPE424,2021,Not answered,7546
W06000014,Vale of Glamorgan,TYPE424,2021,Other religion,641
W06000014,Vale of Glamorgan,TYPE424,2021,Sikh,147
W06000014,Vale of Glamorgan,TYPE424,2021,Total: All usual residents,131943
W06000015,Cardiff,TYPE424,2021,Buddhist,1630
W06000015,Cardiff,TYPE424,2021,Christian,138885
W06000015,Cardiff,TYPE424,2021,Hindu,5434
W06000015,Cardiff,TYPE424,2021,Jewish,690
W06000015,Cardiff,TYPE424,2021,Muslim,33650
W06000015,Cardiff,TYPE424,2021,No religion,155589
W06000015,Cardiff,TYPE424,2021,Not answered,22888
W06000015,Cardiff,TYPE424,2021,Other religion,2028
W06000015,Cardiff,TYPE424,2021,Sikh,1517
W06000015,Cardiff,TYPE424,2021,Total: All usual residents,362311
W06000016,Rhondda Cynon Taf,TYPE424,2021,Buddhist,588
W06000016,Rhondda Cynon Taf,TYPE424,2021,Christian,86474
W06000016,Rhondda Cynon Taf,TYPE424,2021,Hindu,497
W06000016,Rhondda Cynon Taf,TYPE424,2021,Jewish,72
W06000016,Rhondda Cynon Taf,TYPE424,2021,Muslim,1378
W06000016,Rhondda Cynon Taf,TYPE424,2021,No religion,133486
W06000016,Rhondda Cynon Taf,TYPE424,2021,Not answered,13826
W06000016,Rhondda Cynon Taf,TYPE424,2021,Other religion,1083
W06000016,Rhondda Cynon Taf,TYPE424,2021,Sikh,248
W06000016,Rhondda Cynon Taf,TYPE424,2021,Total: All usual residents,237652
W06000018,Caerphilly,TYPE424,2021,Buddhist,322
W06000018,Caerphilly,TYPE424,2021,Christian,63998
W06000018,Caerphilly,TYPE424,2021,Hindu,246
W06000018,Caerphilly,TYPE424,2021,Jewish,84
W06000018,Caerphilly,TYPE424,2021,Muslim,594
W06000018,Caerphilly,TYPE424,2021,No religion,99767
W06000018,Caerphilly,TYPE424,2021,Not answered,9966
W06000018,Caerphilly,TYPE424,2021,Other religion,766
W06000018,Caerphilly,TYPE424,2021,Sikh,210
W06000018,Caerphilly,TYPE424,2021,Total: All usual residents,175953
W06000019,Blaenau Gwent,TYPE424,2021,Buddhist,119
W06000019,Blaenau Gwent,TYPE424,2021,Christian,24392
W06000019,Blaenau Gwent,TYPE424,2021,Hindu,76
W06000019,Blaenau Gwent,TYPE424,2021,Jewish,10
W06000019,Blaenau Gwent,TYPE424,2021,Muslim,287
W06000019,Blaenau Gwent,TYPE424,2021,No religion,37706
W06000019,Blaenau Gwent,TYPE424,2021,Not answered,3897
W06000019,Blaenau Gwent,TYPE424,2021,Other religion,309
W06000019,Blaenau Gwent,TYPE424,2021,Sikh,108
W06000019,Blaenau Gwent,TYPE424,2021,Total: All usual residents,66904
W06000020,Torfaen,TYPE424,2021,Buddhist,260
W06000020,Torfaen,TYPE424,2021,Christian,38327
W06000020,Torfaen,TYPE424,2021,Hindu,253
W06000020,Torfaen,TYPE424,2021,Jewish,14
W06000020,Torfaen,TYPE424,2021,Muslim,363
W06000020,Torfaen,TYPE424,2021,No religion,46872
W06000020,Torfaen,TYPE424,2021,Not answered,5631
W06000020,Torfaen,TYPE424,2021,Other religion,490
W06000020,Torfaen,TYPE424,2021,Sikh,62
W06000020,Torfaen,TYPE424,2021,Total: All usual residents,92272
W06000021,Monmouthshire,TYPE424,2021,Buddhist,339
W06000021,Monmouthshire,TYPE424,2021,Christian,45250
W06000021,Monmouthshire,TYPE424,2021,Hindu,204
W06000021,Monmouthshire,TYPE424,2021,Jewish,79
W06000021,Monmouthshire,TYPE424,2021,Muslim,435
W06000021,Monmouthshire,TYPE424,2021,No religion,40311
W06000021,Monmouthshire,TYPE424,2021,Not answered,5720
W06000021,Monmouthshire,TYPE424,2021,Other religion,519
W06000021,Monmouthshire,TYPE424,2021,Sikh,102
W06000021,Monmouthshire,TYPE424,2021,Total: All usual residents,92959
W06000022,Newport,TYPE424,2021,Buddhist,479
W06000022,Newport,TYPE424,2021,Christian,68287
W06000022,Newport,TYPE424,2021,Hindu,761
W06000022,Newport,TYPE424,2021,Jewish,90
W06000022,Newport,TYPE424,2021,Muslim,11280
W06000022,Newport,TYPE424,2021,No religion,68564
W06000022,Newport,TYPE424,2021,Not answered,8977
W06000022,Newport,TYPE424,2021,Other religion,739
W06000022,Newport,TYPE424,2021,Sikh,415
W06000022,Newport,TYPE424,2021,Total: All usual residents,159592
W06000023,Powys,TYPE424,2021,Buddhist,595
W06000023,Powys,TYPE424,2021,Christian,65134
W06000023,Powys,TYPE424,2021,Hindu,307
W06000023,Powys,TYPE424,2021,Jewish,81
W06000023,Powys,TYPE424,2021,Muslim,462
W06000023,Powys,TYPE424,2021,No religion,55971
W06000023,Powys,TYPE424,2021,Not answered,9612
W06000023,Powys,TYPE424,2021,Other religion,935
W06000023,Powys,TYPE424,2021,Sikh,72
W06000023,Powys,TYPE424,2021,Total: All usual residents,133169
W06000024,Merthyr Tydfil,TYPE424,2021,Buddhist,127
W06000024,Merthyr Tydfil,TYPE424,2021,Christian,23614
W06000024,Merthyr Tydfil,TYPE424,2021,Hindu,110
W06000024,Merthyr Tydfil,TYPE424,2021,Jewish,5
W06000024,Merthyr Tydfil,TYPE424,2021,Muslim,289
W06000024,Merthyr Tydfil,TYPE424,2021,No religion,31322
W06000024,Merthyr Tydfil,TYPE424,2021,Not answered,3061
W06000024,Merthyr Tydfil,TYPE424,2021,Other religion,229
W06000024,Merthyr Tydfil,TYPE424,2021,Sikh,82
W06000024,Merthyr Tydfil,TYPE424,2021,Total: All usual residents,58839
